# Blender 5.2.0 LTS
# www.blender.org
mtllib Untitled.mtl
o Cube
v -3.971014 -0.697996 1.000000
v -3.971014 1.302004 1.000000
v -3.971014 -0.697996 -1.000000
v -3.971014 1.302004 -1.000000
v -1.971014 -0.697996 1.000000
v -1.971014 1.302004 1.000000
v -1.971014 -0.697996 -1.000000
v -1.971014 1.302004 -1.000000
v 0.437500 0.164062 0.765625
v -0.437500 0.164062 0.765625
v 0.500000 0.093750 0.687500
v -0.500000 0.093750 0.687500
v 0.546875 0.054688 0.578125
v -0.546875 0.054688 0.578125
v 0.351562 -0.023438 0.617188
v -0.351562 -0.023438 0.617188
v 0.351562 0.031250 0.718750
v -0.351562 0.031250 0.718750
v 0.351562 0.132812 0.781250
v -0.351562 0.132812 0.781250
v 0.273438 0.164062 0.796875
v -0.273438 0.164062 0.796875
v 0.203125 0.093750 0.742188
v -0.203125 0.093750 0.742188
v 0.156250 0.054688 0.648438
v -0.156250 0.054688 0.648438
v 0.078125 0.242188 0.656250
v -0.078125 0.242188 0.656250
v 0.140625 0.242188 0.742188
v -0.140625 0.242188 0.742188
v 0.242188 0.242188 0.796875
v -0.242188 0.242188 0.796875
v 0.273438 0.328125 0.796875
v -0.273438 0.328125 0.796875
v 0.203125 0.390625 0.742188
v -0.203125 0.390625 0.742188
v 0.156250 0.437500 0.648438
v -0.156250 0.437500 0.648438
v 0.351562 0.515625 0.617188
v -0.351562 0.515625 0.617188
v 0.351562 0.453125 0.718750
v -0.351562 0.453125 0.718750
v 0.351562 0.359375 0.781250
v -0.351562 0.359375 0.781250
v 0.437500 0.328125 0.765625
v -0.437500 0.328125 0.765625
v 0.500000 0.390625 0.687500
v -0.500000 0.390625 0.687500
v 0.546875 0.437500 0.578125
v -0.546875 0.437500 0.578125
v 0.625000 0.242188 0.562500
v -0.625000 0.242188 0.562500
v 0.562500 0.242188 0.671875
v -0.562500 0.242188 0.671875
v 0.468750 0.242188 0.757812
v -0.468750 0.242188 0.757812
v 0.476562 0.242188 0.773438
v -0.476562 0.242188 0.773438
v 0.445312 0.335938 0.781250
v -0.445312 0.335938 0.781250
v 0.351562 0.375000 0.804688
v -0.351562 0.375000 0.804688
v 0.265625 0.335938 0.820312
v -0.265625 0.335938 0.820312
v 0.226562 0.242188 0.820312
v -0.226562 0.242188 0.820312
v 0.265625 0.156250 0.820312
v -0.265625 0.156250 0.820312
v 0.351562 0.242188 0.828125
v -0.351562 0.242188 0.828125
v 0.351562 0.117188 0.804688
v -0.351562 0.117188 0.804688
v 0.445312 0.156250 0.781250
v -0.445312 0.156250 0.781250
v 0.000000 0.429688 0.742188
v 0.000000 0.351562 0.820312
v 0.000000 -0.679688 0.734375
v 0.000000 -0.320312 0.781250
v 0.000000 -0.187500 0.796875
v 0.000000 -0.773438 0.718750
v 0.000000 0.406250 0.601562
v 0.000000 0.570312 0.570312
v 0.000000 0.898438 -0.546875
v 0.000000 0.562500 -0.851562
v 0.000000 0.070312 -0.828125
v 0.000000 -0.382812 -0.351562
v 0.203125 -0.187500 0.562500
v -0.203125 -0.187500 0.562500
v 0.312500 -0.437500 0.570312
v -0.312500 -0.437500 0.570312
v 0.351562 -0.695312 0.570312
v -0.351562 -0.695312 0.570312
v 0.367188 -0.890625 0.531250
v -0.367188 -0.890625 0.531250
v 0.328125 -0.945312 0.523438
v -0.328125 -0.945312 0.523438
v 0.179688 -0.968750 0.554688
v -0.179688 -0.968750 0.554688
v 0.000000 -0.984375 0.578125
v 0.437500 -0.140625 0.531250
v -0.437500 -0.140625 0.531250
v 0.632812 -0.039062 0.539062
v -0.632812 -0.039062 0.539062
v 0.828125 0.148438 0.445312
v -0.828125 0.148438 0.445312
v 0.859375 0.429688 0.593750
v -0.859375 0.429688 0.593750
v 0.710938 0.484375 0.625000
v -0.710938 0.484375 0.625000
v 0.492188 0.601562 0.687500
v -0.492188 0.601562 0.687500
v 0.320312 0.757812 0.734375
v -0.320312 0.757812 0.734375
v 0.156250 0.718750 0.757812
v -0.156250 0.718750 0.757812
v 0.062500 0.492188 0.750000
v -0.062500 0.492188 0.750000
v 0.164062 0.414062 0.773438
v -0.164062 0.414062 0.773438
v 0.125000 0.304688 0.765625
v -0.125000 0.304688 0.765625
v 0.203125 0.093750 0.742188
v -0.203125 0.093750 0.742188
v 0.375000 0.015625 0.703125
v -0.375000 0.015625 0.703125
v 0.492188 0.062500 0.671875
v -0.492188 0.062500 0.671875
v 0.625000 0.187500 0.648438
v -0.625000 0.187500 0.648438
v 0.640625 0.296875 0.648438
v -0.640625 0.296875 0.648438
v 0.601562 0.375000 0.664062
v -0.601562 0.375000 0.664062
v 0.429688 0.437500 0.718750
v -0.429688 0.437500 0.718750
v 0.250000 0.468750 0.757812
v -0.250000 0.468750 0.757812
v 0.000000 -0.765625 0.734375
v 0.109375 -0.718750 0.734375
v -0.109375 -0.718750 0.734375
v 0.117188 -0.835938 0.710938
v -0.117188 -0.835938 0.710938
v 0.062500 -0.882812 0.695312
v -0.062500 -0.882812 0.695312
v 0.000000 -0.890625 0.687500
v 0.000000 -0.195312 0.750000
v 0.000000 -0.140625 0.742188
v 0.101562 -0.148438 0.742188
v -0.101562 -0.148438 0.742188
v 0.125000 -0.226562 0.750000
v -0.125000 -0.226562 0.750000
v 0.085938 -0.289062 0.742188
v -0.085938 -0.289062 0.742188
v 0.398438 -0.046875 0.671875
v -0.398438 -0.046875 0.671875
v 0.617188 0.054688 0.625000
v -0.617188 0.054688 0.625000
v 0.726562 0.203125 0.601562
v -0.726562 0.203125 0.601562
v 0.742188 0.375000 0.656250
v -0.742188 0.375000 0.656250
v 0.687500 0.414062 0.726562
v -0.687500 0.414062 0.726562
v 0.437500 0.546875 0.796875
v -0.437500 0.546875 0.796875
v 0.312500 0.640625 0.835938
v -0.312500 0.640625 0.835938
v 0.203125 0.617188 0.851562
v -0.203125 0.617188 0.851562
v 0.101562 0.429688 0.843750
v -0.101562 0.429688 0.843750
v 0.125000 -0.101562 0.812500
v -0.125000 -0.101562 0.812500
v 0.210938 -0.445312 0.710938
v -0.210938 -0.445312 0.710938
v 0.250000 -0.703125 0.687500
v -0.250000 -0.703125 0.687500
v 0.265625 -0.820312 0.664062
v -0.265625 -0.820312 0.664062
v 0.234375 -0.914062 0.632812
v -0.234375 -0.914062 0.632812
v 0.164062 -0.929688 0.632812
v -0.164062 -0.929688 0.632812
v 0.000000 -0.945312 0.640625
v 0.000000 0.046875 0.726562
v 0.000000 0.210938 0.765625
v 0.328125 0.476562 0.742188
v -0.328125 0.476562 0.742188
v 0.164062 0.140625 0.750000
v -0.164062 0.140625 0.750000
v 0.132812 0.210938 0.757812
v -0.132812 0.210938 0.757812
v 0.117188 -0.687500 0.734375
v -0.117188 -0.687500 0.734375
v 0.078125 -0.445312 0.750000
v -0.078125 -0.445312 0.750000
v 0.000000 -0.445312 0.750000
v 0.000000 -0.328125 0.742188
v 0.093750 -0.273438 0.781250
v -0.093750 -0.273438 0.781250
v 0.132812 -0.226562 0.796875
v -0.132812 -0.226562 0.796875
v 0.109375 -0.132812 0.781250
v -0.109375 -0.132812 0.781250
v 0.039062 -0.125000 0.781250
v -0.039062 -0.125000 0.781250
v 0.000000 -0.203125 0.828125
v 0.046875 -0.148438 0.812500
v -0.046875 -0.148438 0.812500
v 0.093750 -0.156250 0.812500
v -0.093750 -0.156250 0.812500
v 0.109375 -0.226562 0.828125
v -0.109375 -0.226562 0.828125
v 0.078125 -0.250000 0.804688
v -0.078125 -0.250000 0.804688
v 0.000000 -0.289062 0.804688
v 0.257812 -0.312500 0.554688
v -0.257812 -0.312500 0.554688
v 0.164062 -0.242188 0.710938
v -0.164062 -0.242188 0.710938
v 0.179688 -0.312500 0.710938
v -0.179688 -0.312500 0.710938
v 0.234375 -0.250000 0.554688
v -0.234375 -0.250000 0.554688
v 0.000000 -0.875000 0.687500
v 0.046875 -0.867188 0.687500
v -0.046875 -0.867188 0.687500
v 0.093750 -0.820312 0.710938
v -0.093750 -0.820312 0.710938
v 0.093750 -0.742188 0.726562
v -0.093750 -0.742188 0.726562
v 0.000000 -0.781250 0.656250
v 0.093750 -0.750000 0.664062
v -0.093750 -0.750000 0.664062
v 0.093750 -0.812500 0.640625
v -0.093750 -0.812500 0.640625
v 0.046875 -0.851562 0.632812
v -0.046875 -0.851562 0.632812
v 0.000000 -0.859375 0.632812
v 0.171875 0.218750 0.781250
v -0.171875 0.218750 0.781250
v 0.187500 0.156250 0.773438
v -0.187500 0.156250 0.773438
v 0.335938 0.429688 0.757812
v -0.335938 0.429688 0.757812
v 0.273438 0.421875 0.773438
v -0.273438 0.421875 0.773438
v 0.421875 0.398438 0.773438
v -0.421875 0.398438 0.773438
v 0.562500 0.351562 0.695312
v -0.562500 0.351562 0.695312
v 0.585938 0.289062 0.687500
v -0.585938 0.289062 0.687500
v 0.578125 0.195312 0.679688
v -0.578125 0.195312 0.679688
v 0.476562 0.101562 0.718750
v -0.476562 0.101562 0.718750
v 0.375000 0.062500 0.742188
v -0.375000 0.062500 0.742188
v 0.226562 0.109375 0.781250
v -0.226562 0.109375 0.781250
v 0.179688 0.296875 0.781250
v -0.179688 0.296875 0.781250
v 0.210938 0.375000 0.781250
v -0.210938 0.375000 0.781250
v 0.234375 0.359375 0.757812
v -0.234375 0.359375 0.757812
v 0.195312 0.296875 0.757812
v -0.195312 0.296875 0.757812
v 0.242188 0.125000 0.757812
v -0.242188 0.125000 0.757812
v 0.375000 0.085938 0.726562
v -0.375000 0.085938 0.726562
v 0.460938 0.117188 0.703125
v -0.460938 0.117188 0.703125
v 0.546875 0.210938 0.671875
v -0.546875 0.210938 0.671875
v 0.554688 0.281250 0.671875
v -0.554688 0.281250 0.671875
v 0.531250 0.335938 0.679688
v -0.531250 0.335938 0.679688
v 0.414062 0.390625 0.750000
v -0.414062 0.390625 0.750000
v 0.281250 0.398438 0.765625
v -0.281250 0.398438 0.765625
v 0.335938 0.406250 0.750000
v -0.335938 0.406250 0.750000
v 0.203125 0.171875 0.750000
v -0.203125 0.171875 0.750000
v 0.195312 0.226562 0.750000
v -0.195312 0.226562 0.750000
v 0.109375 0.460938 0.609375
v -0.109375 0.460938 0.609375
v 0.195312 0.664062 0.617188
v -0.195312 0.664062 0.617188
v 0.335938 0.687500 0.593750
v -0.335938 0.687500 0.593750
v 0.484375 0.554688 0.554688
v -0.484375 0.554688 0.554688
v 0.679688 0.453125 0.492188
v -0.679688 0.453125 0.492188
v 0.796875 0.406250 0.460938
v -0.796875 0.406250 0.460938
v 0.773438 0.164062 0.375000
v -0.773438 0.164062 0.375000
v 0.601562 0.000000 0.414062
v -0.601562 0.000000 0.414062
v 0.437500 -0.093750 0.468750
v -0.437500 -0.093750 0.468750
v 0.000000 0.898438 0.289062
v 0.000000 0.984375 -0.078125
v 0.000000 -0.195312 -0.671875
v 0.000000 -0.460938 0.187500
v 0.000000 -0.976562 0.460938
v 0.000000 -0.804688 0.343750
v 0.000000 -0.570312 0.320312
v 0.000000 -0.484375 0.281250
v 0.851562 0.234375 0.054688
v -0.851562 0.234375 0.054688
v 0.859375 0.320312 -0.046875
v -0.859375 0.320312 -0.046875
v 0.773438 0.265625 -0.437500
v -0.773438 0.265625 -0.437500
v 0.460938 0.437500 -0.703125
v -0.460938 0.437500 -0.703125
v 0.734375 -0.046875 0.070312
v -0.734375 -0.046875 0.070312
v 0.593750 -0.125000 -0.164062
v -0.593750 -0.125000 -0.164062
v 0.640625 -0.007812 -0.429688
v -0.640625 -0.007812 -0.429688
v 0.335938 0.054688 -0.664062
v -0.335938 0.054688 -0.664062
v 0.234375 -0.351562 0.406250
v -0.234375 -0.351562 0.406250
v 0.179688 -0.414062 0.257812
v -0.179688 -0.414062 0.257812
v 0.289062 -0.710938 0.382812
v -0.289062 -0.710938 0.382812
v 0.250000 -0.500000 0.390625
v -0.250000 -0.500000 0.390625
v 0.328125 -0.914062 0.398438
v -0.328125 -0.914062 0.398438
v 0.140625 -0.757812 0.367188
v -0.140625 -0.757812 0.367188
v 0.125000 -0.539062 0.359375
v -0.125000 -0.539062 0.359375
v 0.164062 -0.945312 0.437500
v -0.164062 -0.945312 0.437500
v 0.218750 -0.281250 0.429688
v -0.218750 -0.281250 0.429688
v 0.210938 -0.226562 0.468750
v -0.210938 -0.226562 0.468750
v 0.203125 -0.171875 0.500000
v -0.203125 -0.171875 0.500000
v 0.210938 -0.390625 0.164062
v -0.210938 -0.390625 0.164062
v 0.296875 -0.312500 -0.265625
v -0.296875 -0.312500 -0.265625
v 0.343750 -0.148438 -0.539062
v -0.343750 -0.148438 -0.539062
v 0.453125 0.867188 -0.382812
v -0.453125 0.867188 -0.382812
v 0.453125 0.929688 -0.070312
v -0.453125 0.929688 -0.070312
v 0.453125 0.851562 0.234375
v -0.453125 0.851562 0.234375
v 0.460938 0.523438 0.429688
v -0.460938 0.523438 0.429688
v 0.726562 0.406250 0.335938
v -0.726562 0.406250 0.335938
v 0.632812 0.453125 0.281250
v -0.632812 0.453125 0.281250
v 0.640625 0.703125 0.054688
v -0.640625 0.703125 0.054688
v 0.796875 0.562500 0.125000
v -0.796875 0.562500 0.125000
v 0.796875 0.617188 -0.117188
v -0.796875 0.617188 -0.117188
v 0.640625 0.750000 -0.195312
v -0.640625 0.750000 -0.195312
v 0.640625 0.679688 -0.445312
v -0.640625 0.679688 -0.445312
v 0.796875 0.539062 -0.359375
v -0.796875 0.539062 -0.359375
v 0.617188 0.328125 -0.585938
v -0.617188 0.328125 -0.585938
v 0.484375 0.023438 -0.546875
v -0.484375 0.023438 -0.546875
v 0.820312 0.328125 -0.203125
v -0.820312 0.328125 -0.203125
v 0.406250 -0.171875 0.148438
v -0.406250 -0.171875 0.148438
v 0.429688 -0.195312 -0.210938
v -0.429688 -0.195312 -0.210938
v 0.890625 0.406250 -0.234375
v -0.890625 0.406250 -0.234375
v 0.773438 -0.140625 -0.125000
v -0.773438 -0.140625 -0.125000
v 1.039062 -0.101562 -0.328125
v -1.039062 -0.101562 -0.328125
v 1.281250 0.054688 -0.429688
v -1.281250 0.054688 -0.429688
v 1.351562 0.320312 -0.421875
v -1.351562 0.320312 -0.421875
v 1.234375 0.507812 -0.421875
v -1.234375 0.507812 -0.421875
v 1.023438 0.476562 -0.312500
v -1.023438 0.476562 -0.312500
v 1.015625 0.414062 -0.289062
v -1.015625 0.414062 -0.289062
v 1.187500 0.437500 -0.390625
v -1.187500 0.437500 -0.390625
v 1.265625 0.289062 -0.406250
v -1.265625 0.289062 -0.406250
v 1.210938 0.078125 -0.406250
v -1.210938 0.078125 -0.406250
v 1.031250 -0.039062 -0.304688
v -1.031250 -0.039062 -0.304688
v 0.828125 -0.070312 -0.132812
v -0.828125 -0.070312 -0.132812
v 0.921875 0.359375 -0.218750
v -0.921875 0.359375 -0.218750
v 0.945312 0.304688 -0.289062
v -0.945312 0.304688 -0.289062
v 0.882812 -0.023438 -0.210938
v -0.882812 -0.023438 -0.210938
v 1.039062 0.000000 -0.367188
v -1.039062 0.000000 -0.367188
v 1.187500 0.093750 -0.445312
v -1.187500 0.093750 -0.445312
v 1.234375 0.250000 -0.445312
v -1.234375 0.250000 -0.445312
v 1.171875 0.359375 -0.437500
v -1.171875 0.359375 -0.437500
v 1.023438 0.343750 -0.359375
v -1.023438 0.343750 -0.359375
v 0.843750 0.289062 -0.210938
v -0.843750 0.289062 -0.210938
v 0.835938 0.171875 -0.273438
v -0.835938 0.171875 -0.273438
v 0.757812 0.093750 -0.273438
v -0.757812 0.093750 -0.273438
v 0.820312 0.085938 -0.273438
v -0.820312 0.085938 -0.273438
v 0.843750 0.015625 -0.273438
v -0.843750 0.015625 -0.273438
v 0.812500 -0.015625 -0.273438
v -0.812500 -0.015625 -0.273438
v 0.726562 0.000000 -0.070312
v -0.726562 0.000000 -0.070312
v 0.718750 -0.023438 -0.171875
v -0.718750 -0.023438 -0.171875
v 0.718750 0.039062 -0.187500
v -0.718750 0.039062 -0.187500
v 0.796875 0.203125 -0.210938
v -0.796875 0.203125 -0.210938
v 0.890625 0.242188 -0.265625
v -0.890625 0.242188 -0.265625
v 0.890625 0.234375 -0.320312
v -0.890625 0.234375 -0.320312
v 0.812500 -0.015625 -0.320312
v -0.812500 -0.015625 -0.320312
v 0.851562 0.015625 -0.320312
v -0.851562 0.015625 -0.320312
v 0.828125 0.078125 -0.320312
v -0.828125 0.078125 -0.320312
v 0.765625 0.093750 -0.320312
v -0.765625 0.093750 -0.320312
v 0.843750 0.171875 -0.320312
v -0.843750 0.171875 -0.320312
v 1.039062 0.328125 -0.414062
v -1.039062 0.328125 -0.414062
v 1.187500 0.343750 -0.484375
v -1.187500 0.343750 -0.484375
v 1.257812 0.242188 -0.492188
v -1.257812 0.242188 -0.492188
v 1.210938 0.085938 -0.484375
v -1.210938 0.085938 -0.484375
v 1.046875 0.000000 -0.421875
v -1.046875 0.000000 -0.421875
v 0.882812 -0.015625 -0.265625
v -0.882812 -0.015625 -0.265625
v 0.953125 0.289062 -0.343750
v -0.953125 0.289062 -0.343750
v 0.890625 0.109375 -0.328125
v -0.890625 0.109375 -0.328125
v 0.937500 0.062500 -0.335938
v -0.937500 0.062500 -0.335938
v 1.000000 0.125000 -0.367188
v -1.000000 0.125000 -0.367188
v 0.960938 0.171875 -0.351562
v -0.960938 0.171875 -0.351562
v 1.015625 0.234375 -0.375000
v -1.015625 0.234375 -0.375000
v 1.054688 0.187500 -0.382812
v -1.054688 0.187500 -0.382812
v 1.109375 0.210938 -0.390625
v -1.109375 0.210938 -0.390625
v 1.085938 0.273438 -0.390625
v -1.085938 0.273438 -0.390625
v 1.023438 0.437500 -0.484375
v -1.023438 0.437500 -0.484375
v 1.250000 0.468750 -0.546875
v -1.250000 0.468750 -0.546875
v 1.367188 0.296875 -0.500000
v -1.367188 0.296875 -0.500000
v 1.312500 0.054688 -0.531250
v -1.312500 0.054688 -0.531250
v 1.039062 -0.085938 -0.492188
v -1.039062 -0.085938 -0.492188
v 0.789062 -0.125000 -0.328125
v -0.789062 -0.125000 -0.328125
v 0.859375 0.382812 -0.382812
v -0.859375 0.382812 -0.382812
v 2.964239 3.053448 0.905575
v 2.964239 2.884917 0.350005
v 2.964239 2.609018 0.074106
v 2.964239 2.248538 -0.075210
v 2.964239 2.053448 -0.094425
v 2.964239 1.858357 -0.075210
v 2.964239 1.497877 0.074106
v 2.964239 1.053448 0.905575
v 3.002299 3.034233 0.714234
v 3.038897 2.977327 0.530245
v 3.072625 2.884917 0.360680
v 3.102188 2.760555 0.212055
v 3.126450 2.609018 0.090082
v 3.144479 2.436131 -0.000552
v 3.155580 2.248538 -0.056364
v 3.159329 2.053448 -0.075210
v 3.155580 1.858357 -0.056364
v 3.144479 1.670764 -0.000552
v 3.126450 1.497877 0.090082
v 3.102188 1.346341 0.212055
v 3.072625 1.221978 0.360680
v 3.038897 1.129568 0.530245
v 3.002299 1.072662 0.714234
v 3.038897 3.034233 0.725335
v 3.110685 2.977327 0.552022
v 3.176846 2.884917 0.392295
v 3.234837 2.760555 0.252294
v 3.282428 2.609018 0.137398
v 3.317792 2.436131 0.052022
v 3.339569 2.248538 -0.000552
v 3.346922 2.053448 -0.018304
v 3.339569 1.858357 -0.000552
v 3.317792 1.670764 0.052022
v 3.282428 1.497877 0.137398
v 3.234837 1.346341 0.252294
v 3.176846 1.221978 0.392295
v 3.110685 1.129568 0.552022
v 3.038897 1.072662 0.725335
v 3.072625 3.034233 0.743364
v 3.176846 2.977327 0.587386
v 3.272897 2.884917 0.443636
v 3.357086 2.760555 0.317637
v 3.426178 2.609018 0.214234
v 3.477519 2.436131 0.137398
v 3.509134 2.248538 0.090082
v 3.519809 2.053448 0.074106
v 3.509134 1.858357 0.090082
v 3.477519 1.670764 0.137398
v 3.426178 1.497877 0.214234
v 3.357086 1.346341 0.317637
v 3.272897 1.221978 0.443636
v 3.176846 1.129568 0.587386
v 3.072625 1.072662 0.743364
v 3.102188 3.034233 0.767626
v 3.234837 2.977327 0.634977
v 3.357086 2.884917 0.512728
v 3.464239 2.760555 0.405575
v 3.552176 2.609018 0.317638
v 3.617520 2.436131 0.252294
v 3.657758 2.248538 0.212055
v 3.671345 2.053448 0.198469
v 3.657758 1.858357 0.212055
v 3.617520 1.670764 0.252294
v 3.552176 1.497877 0.317638
v 3.464239 1.346341 0.405575
v 3.357086 1.221978 0.512728
v 3.234837 1.129568 0.634977
v 3.102188 1.072662 0.767626
v 3.126450 3.034233 0.797189
v 3.282428 2.977327 0.692968
v 3.426178 2.884917 0.596917
v 3.552176 2.760555 0.512728
v 3.655580 2.609018 0.443636
v 3.732416 2.436131 0.392295
v 3.779732 2.248538 0.360680
v 3.795708 2.053448 0.350005
v 3.779732 1.858357 0.360680
v 3.732416 1.670764 0.392295
v 3.655580 1.497877 0.443636
v 3.552176 1.346341 0.512728
v 3.426178 1.221978 0.596917
v 3.282428 1.129568 0.692968
v 3.126450 1.072662 0.797189
v 3.144479 3.034233 0.830917
v 3.317792 2.977327 0.759129
v 3.477519 2.884917 0.692968
v 3.617520 2.760555 0.634977
v 3.732416 2.609018 0.587386
v 3.817792 2.436131 0.552022
v 3.870366 2.248538 0.530245
v 3.888118 2.053448 0.522892
v 3.870366 1.858357 0.530245
v 3.817792 1.670764 0.552022
v 3.732416 1.497877 0.587386
v 3.617520 1.346341 0.634977
v 3.477519 1.221978 0.692968
v 3.317792 1.129568 0.759129
v 3.144479 1.072662 0.830917
v 3.155580 3.034233 0.867515
v 3.339569 2.977327 0.830917
v 3.509134 2.884917 0.797189
v 3.657758 2.760555 0.767626
v 3.779732 2.609018 0.743364
v 3.870366 2.436131 0.725335
v 3.926178 2.248538 0.714234
v 3.945024 2.053448 0.710485
v 3.926178 1.858357 0.714234
v 3.870366 1.670764 0.725335
v 3.779732 1.497877 0.743364
v 3.657758 1.346341 0.767626
v 3.509134 1.221978 0.797189
v 3.339569 1.129568 0.830917
v 3.155580 1.072662 0.867515
v 3.159329 3.034233 0.905575
v 3.346922 2.977327 0.905575
v 3.519809 2.884917 0.905575
v 3.671345 2.760555 0.905575
v 3.795708 2.609018 0.905575
v 3.888118 2.436131 0.905575
v 3.945024 2.248538 0.905575
v 3.964238 2.053448 0.905575
v 3.945024 1.858357 0.905575
v 3.888118 1.670764 0.905575
v 3.795708 1.497877 0.905575
v 3.671345 1.346341 0.905575
v 3.519809 1.221978 0.905575
v 3.346922 1.129568 0.905575
v 3.159329 1.072662 0.905575
v 3.155580 3.034233 0.943635
v 3.339569 2.977327 0.980233
v 3.509134 2.884917 1.013962
v 3.657758 2.760555 1.043525
v 3.779732 2.609018 1.067787
v 3.870366 2.436131 1.085815
v 3.926178 2.248538 1.096917
v 3.945024 2.053448 1.100666
v 3.926178 1.858357 1.096917
v 3.870366 1.670764 1.085815
v 3.779732 1.497877 1.067787
v 3.657758 1.346341 1.043525
v 3.509134 1.221978 1.013962
v 3.339569 1.129568 0.980233
v 3.155580 1.072662 0.943635
v 3.144479 3.034233 0.980233
v 3.317792 2.977327 1.052022
v 3.477519 2.884917 1.118183
v 3.617520 2.760555 1.176173
v 3.732416 2.609018 1.223765
v 3.817792 2.436131 1.259129
v 3.870366 2.248538 1.280905
v 3.888118 2.053448 1.288259
v 3.870366 1.858357 1.280905
v 3.817792 1.670764 1.259129
v 3.732416 1.497877 1.223765
v 3.617520 1.346341 1.176173
v 3.477519 1.221978 1.118183
v 3.317792 1.129568 1.052022
v 3.144479 1.072662 0.980233
v 3.126450 3.034233 1.013962
v 3.282428 2.977327 1.118183
v 3.426178 2.884917 1.214233
v 3.552176 2.760555 1.298423
v 3.655580 2.609018 1.367515
v 3.732416 2.436131 1.418855
v 3.779732 2.248538 1.450470
v 3.795708 2.053448 1.461145
v 3.779732 1.858357 1.450470
v 3.732416 1.670764 1.418855
v 3.655580 1.497877 1.367515
v 3.552176 1.346341 1.298423
v 3.426178 1.221978 1.214233
v 3.282428 1.129568 1.118183
v 3.126450 1.072662 1.013962
v 3.102188 3.034233 1.043525
v 3.234837 2.977327 1.176173
v 3.357086 2.884917 1.298423
v 3.464239 2.760555 1.405575
v 3.552176 2.609018 1.493513
v 3.617520 2.436131 1.558856
v 3.657758 2.248538 1.599095
v 3.671345 2.053448 1.612682
v 3.657758 1.858357 1.599095
v 3.617520 1.670764 1.558856
v 3.552176 1.497877 1.493513
v 3.464239 1.346341 1.405575
v 3.357086 1.221978 1.298423
v 3.234837 1.129568 1.176173
v 3.102188 1.072662 1.043525
v 3.072625 3.034233 1.067787
v 3.176846 2.977327 1.223765
v 3.272897 2.884917 1.367515
v 3.357086 2.760555 1.493513
v 3.426178 2.609018 1.596917
v 3.477519 2.436131 1.673753
v 3.509134 2.248538 1.721068
v 3.519808 2.053448 1.737045
v 3.509134 1.858357 1.721068
v 3.477519 1.670764 1.673753
v 3.426178 1.497877 1.596917
v 3.357086 1.346341 1.493513
v 3.272897 1.221978 1.367515
v 3.176846 1.129568 1.223765
v 3.072625 1.072662 1.067787
v 3.038896 3.034233 1.085815
v 3.110685 2.977327 1.259129
v 3.176846 2.884917 1.418855
v 3.234837 2.760555 1.558857
v 3.282428 2.609018 1.673753
v 3.317792 2.436131 1.759128
v 3.339569 2.248538 1.811702
v 3.346922 2.053448 1.829454
v 3.339569 1.858357 1.811702
v 3.317792 1.670764 1.759128
v 3.282428 1.497877 1.673753
v 3.234837 1.346341 1.558857
v 3.176846 1.221978 1.418855
v 3.110685 1.129568 1.259129
v 3.038896 1.072662 1.085815
v 3.002299 3.034233 1.096917
v 3.038896 2.977327 1.280905
v 3.072625 2.884917 1.450470
v 3.102188 2.760555 1.599095
v 3.126450 2.609018 1.721068
v 3.144479 2.436131 1.811702
v 3.155580 2.248538 1.867515
v 3.159328 2.053448 1.886360
v 3.155580 1.858357 1.867515
v 3.144479 1.670764 1.811702
v 3.126450 1.497877 1.721068
v 3.102188 1.346341 1.599095
v 3.072625 1.221978 1.450470
v 3.038896 1.129568 1.280905
v 3.002299 1.072662 1.096917
v 2.964239 3.034233 1.100665
v 2.964239 2.977327 1.288259
v 2.964239 2.884917 1.461145
v 2.964239 2.760555 1.612682
v 2.964239 2.609018 1.737045
v 2.964239 2.436131 1.829454
v 2.964238 2.248538 1.886360
v 2.964238 2.053448 1.905575
v 2.964238 1.858357 1.886360
v 2.964239 1.670764 1.829454
v 2.964239 1.497877 1.737045
v 2.964239 1.346341 1.612682
v 2.964239 1.221978 1.461145
v 2.964239 1.129568 1.288259
v 2.964239 1.072662 1.100665
v 2.926178 3.034233 1.096917
v 2.889581 2.977327 1.280905
v 2.855852 2.884917 1.450470
v 2.826289 2.760555 1.599095
v 2.802027 2.609018 1.721068
v 2.783999 2.436131 1.811702
v 2.772897 2.248538 1.867515
v 2.769148 2.053448 1.886360
v 2.772897 1.858357 1.867515
v 2.783999 1.670764 1.811702
v 2.802027 1.497877 1.721068
v 2.826289 1.346341 1.599095
v 2.855852 1.221978 1.450470
v 2.889581 1.129568 1.280905
v 2.926178 1.072662 1.096917
v 2.889581 3.034233 1.085815
v 2.817792 2.977327 1.259129
v 2.751631 2.884917 1.418855
v 2.693641 2.760555 1.558856
v 2.646049 2.609018 1.673753
v 2.610685 2.436131 1.759128
v 2.588908 2.248538 1.811702
v 2.581555 2.053448 1.829454
v 2.588908 1.858357 1.811702
v 2.610685 1.670764 1.759128
v 2.646049 1.497877 1.673753
v 2.693641 1.346341 1.558856
v 2.751631 1.221978 1.418855
v 2.817792 1.129568 1.259129
v 2.889581 1.072662 1.085815
v 2.855852 3.034233 1.067787
v 2.751631 2.977327 1.223765
v 2.655581 2.884917 1.367515
v 2.571391 2.760555 1.493513
v 2.502299 2.609018 1.596917
v 2.450959 2.436131 1.673753
v 2.419343 2.248538 1.721068
v 2.408669 2.053448 1.737044
v 2.419343 1.858357 1.721068
v 2.450959 1.670764 1.673753
v 2.502299 1.497877 1.596917
v 2.571391 1.346341 1.493513
v 2.655581 1.221978 1.367515
v 2.751631 1.129568 1.223765
v 2.855852 1.072662 1.067787
v 2.826289 3.034233 1.043525
v 2.693641 2.977327 1.176173
v 2.571391 2.884917 1.298422
v 2.464239 2.760555 1.405575
v 2.376301 2.609018 1.493513
v 2.310957 2.436131 1.558856
v 2.270719 2.248538 1.599095
v 2.257132 2.053448 1.612681
v 2.270719 1.858357 1.599095
v 2.310957 1.670764 1.558856
v 2.376301 1.497877 1.493513
v 2.464239 1.346341 1.405575
v 2.571391 1.221978 1.298422
v 2.693641 1.129568 1.176173
v 2.826289 1.072662 1.043525
v 2.802027 3.034233 1.013962
v 2.646049 2.977327 1.118183
v 2.502299 2.884917 1.214233
v 2.376301 2.760555 1.298423
v 2.272897 2.609018 1.367515
v 2.196061 2.436131 1.418855
v 2.148746 2.248538 1.450470
v 2.132770 2.053448 1.461145
v 2.148746 1.858357 1.450470
v 2.196061 1.670764 1.418855
v 2.272897 1.497877 1.367515
v 2.376301 1.346341 1.298423
v 2.502299 1.221978 1.214233
v 2.646049 1.129568 1.118183
v 2.802027 1.072662 1.013962
v 2.783999 3.034233 0.980233
v 2.610685 2.977327 1.052022
v 2.450959 2.884917 1.118182
v 2.310957 2.760555 1.176173
v 2.196061 2.609018 1.223765
v 2.110686 2.436131 1.259128
v 2.058111 2.248538 1.280905
v 2.040360 2.053448 1.288258
v 2.058111 1.858357 1.280905
v 2.110686 1.670764 1.259128
v 2.196061 1.497877 1.223765
v 2.310957 1.346341 1.176173
v 2.450959 1.221978 1.118182
v 2.610685 1.129568 1.052022
v 2.783999 1.072662 0.980233
v 2.772897 3.034233 0.943635
v 2.588908 2.977327 0.980233
v 2.419344 2.884917 1.013961
v 2.270719 2.760555 1.043525
v 2.148746 2.609018 1.067787
v 2.058112 2.436131 1.085815
v 2.002299 2.248538 1.096917
v 1.983454 2.053448 1.100665
v 2.002299 1.858357 1.096917
v 2.058112 1.670764 1.085815
v 2.148746 1.497877 1.067787
v 2.270719 1.346341 1.043525
v 2.419344 1.221978 1.013961
v 2.588908 1.129568 0.980233
v 2.772897 1.072662 0.943635
v 2.769149 3.034233 0.905575
v 2.581555 2.977327 0.905575
v 2.408669 2.884917 0.905575
v 2.257132 2.760555 0.905575
v 2.132770 2.609018 0.905575
v 2.040359 2.436131 0.905575
v 1.983454 2.248538 0.905575
v 1.964240 2.053448 0.905575
v 1.983454 1.858357 0.905575
v 2.040359 1.670764 0.905575
v 2.132770 1.497877 0.905575
v 2.257132 1.346341 0.905575
v 2.408669 1.221978 0.905575
v 2.581555 1.129568 0.905575
v 2.769149 1.072662 0.905575
v 2.772897 3.034233 0.867515
v 2.588909 2.977327 0.830917
v 2.419344 2.884917 0.797189
v 2.270719 2.760555 0.767626
v 2.148746 2.609018 0.743363
v 2.058112 2.436131 0.725335
v 2.002299 2.248538 0.714233
v 1.983454 2.053448 0.710485
v 2.002299 1.858357 0.714233
v 2.058112 1.670764 0.725335
v 2.148746 1.497877 0.743363
v 2.270719 1.346341 0.767626
v 2.419344 1.221978 0.797189
v 2.588909 1.129568 0.830917
v 2.772897 1.072662 0.867515
v 2.783999 3.034233 0.830917
v 2.610685 2.977327 0.759129
v 2.450959 2.884917 0.692968
v 2.310957 2.760555 0.634977
v 2.196061 2.609018 0.587386
v 2.110686 2.436131 0.552022
v 2.058112 2.248538 0.530245
v 2.040360 2.053448 0.522892
v 2.058112 1.858357 0.530245
v 2.110686 1.670764 0.552022
v 2.196061 1.497877 0.587386
v 2.310957 1.346341 0.634977
v 2.450959 1.221978 0.692968
v 2.610685 1.129568 0.759129
v 2.783999 1.072662 0.830917
v 2.802027 3.034233 0.797189
v 2.646049 2.977327 0.692968
v 2.502299 2.884917 0.596917
v 2.376301 2.760555 0.512728
v 2.272897 2.609018 0.443636
v 2.196061 2.436131 0.392295
v 2.148746 2.248538 0.360680
v 2.132770 2.053448 0.350005
v 2.148746 1.858357 0.360680
v 2.196061 1.670764 0.392295
v 2.272897 1.497877 0.443636
v 2.376301 1.346341 0.512728
v 2.502299 1.221978 0.596917
v 2.646049 1.129568 0.692968
v 2.802027 1.072662 0.797189
v 2.826289 3.034233 0.767626
v 2.693641 2.977327 0.634977
v 2.571392 2.884917 0.512728
v 2.464239 2.760555 0.405575
v 2.376301 2.609018 0.317638
v 2.310957 2.436131 0.252294
v 2.270719 2.248538 0.212056
v 2.257133 2.053448 0.198469
v 2.270719 1.858357 0.212056
v 2.310957 1.670764 0.252294
v 2.376301 1.497877 0.317638
v 2.464239 1.346341 0.405575
v 2.571392 1.221978 0.512728
v 2.693641 1.129568 0.634977
v 2.826289 1.072662 0.767626
v 2.855852 3.034233 0.743364
v 2.751631 2.977327 0.587386
v 2.655581 2.884917 0.443636
v 2.571391 2.760555 0.317638
v 2.502299 2.609018 0.214234
v 2.450959 2.436131 0.137398
v 2.419344 2.248538 0.090082
v 2.408669 2.053448 0.074106
v 2.419344 1.858357 0.090082
v 2.450959 1.670764 0.137398
v 2.502299 1.497877 0.214234
v 2.571391 1.346341 0.317638
v 2.655581 1.221978 0.443636
v 2.751631 1.129568 0.587386
v 2.855852 1.072662 0.743364
v 2.889581 3.034233 0.725335
v 2.817792 2.977327 0.552022
v 2.751631 2.884917 0.392296
v 2.693641 2.760555 0.252294
v 2.646049 2.609018 0.137398
v 2.610685 2.436131 0.052022
v 2.588909 2.248538 -0.000552
v 2.581556 2.053448 -0.018303
v 2.588909 1.858357 -0.000552
v 2.610685 1.670764 0.052022
v 2.646049 1.497877 0.137398
v 2.693641 1.346341 0.252294
v 2.751631 1.221978 0.392296
v 2.817792 1.129568 0.552022
v 2.889581 1.072662 0.725335
v 2.926178 3.034233 0.714234
v 2.889581 2.977327 0.530245
v 2.855853 2.884917 0.360681
v 2.826289 2.760555 0.212055
v 2.802027 2.609018 0.090083
v 2.783999 2.436131 -0.000552
v 2.772897 2.248538 -0.056364
v 2.769149 2.053448 -0.075209
v 2.772897 1.858357 -0.056364
v 2.783999 1.670764 -0.000552
v 2.802027 1.497877 0.090083
v 2.826289 1.346341 0.212055
v 2.855853 1.221978 0.360681
v 2.889581 1.129568 0.530245
v 2.926178 1.072662 0.714234
v 2.964239 3.034233 0.710485
v 2.964239 2.977327 0.522892
v 2.964239 2.760555 0.198469
v 2.964239 2.436131 -0.018304
v 2.964239 1.670764 -0.018304
v 2.964239 1.346341 0.198469
v 2.964239 1.221978 0.350006
v 2.964239 1.129568 0.522892
v 2.964239 1.072662 0.710485
v -26.777996 -1.220400 26.777996
v 26.777996 -1.220400 26.777996
v -26.777996 -1.220400 -26.777996
v 26.777996 -1.220400 -26.777996
vn -1.0000 -0.0000 -0.0000
vn -0.0000 -0.0000 -1.0000
vn 1.0000 -0.0000 -0.0000
vn -0.0000 -0.0000 1.0000
vn -0.0000 -1.0000 -0.0000
vn -0.0000 1.0000 -0.0000
vn 0.6617 -0.2026 0.7219
vn -0.6617 -0.2026 0.7219
vn 0.8268 -0.3051 0.4725
vn -0.8268 -0.3051 0.4725
vn 0.4076 -0.7905 0.4570
vn -0.4076 -0.7905 0.4570
vn 0.3791 -0.5163 0.7679
vn -0.3791 -0.5163 0.7679
vn -0.0859 -0.5222 0.8485
vn 0.0859 -0.5222 0.8485
vn -0.2664 -0.8487 0.4570
vn 0.2664 -0.8487 0.4570
vn -0.7824 -0.3294 0.5285
vn 0.7606 -0.3400 0.5531
vn -0.4706 -0.1981 0.8598
vn 0.4706 -0.1981 0.8598
vn -0.4649 0.1958 0.8634
vn 0.4649 0.1958 0.8634
vn -0.7656 0.3223 0.5568
vn 0.7683 0.3293 0.5488
vn -0.2560 0.8073 0.5317
vn 0.2487 0.8249 0.5076
vn -0.0821 0.6023 0.7940
vn 0.1017 0.5518 0.8277
vn 0.3329 0.5231 0.7846
vn -0.3861 0.5446 0.7445
vn 0.4246 0.7711 0.4745
vn -0.4059 0.7641 0.5014
vn 0.8251 0.2968 0.4808
vn -0.8299 0.2940 0.4742
vn 0.6888 0.1868 0.7005
vn -0.6617 0.2026 0.7219
vn 0.8400 0.3436 -0.4200
vn -0.7816 0.3058 -0.5437
vn 0.2074 0.8296 -0.5185
vn -0.2037 0.8146 -0.5431
vn -0.4056 0.7605 -0.5070
vn 0.4381 0.7988 -0.4123
vn -0.8642 0.3143 -0.3928
vn 0.7861 0.3276 -0.5241
vn -0.7783 -0.3538 -0.5188
vn 0.7782 -0.3538 -0.5188
vn -0.4381 -0.7988 -0.4123
vn 0.4381 -0.7988 -0.4123
vn 0.2037 -0.8146 -0.5431
vn -0.2037 -0.8146 -0.5431
vn 0.7683 -0.3293 -0.5488
vn -0.7683 -0.3293 -0.5488
vn 0.4000 -0.0623 0.9144
vn -0.4000 -0.0623 0.9144
vn 0.3069 -0.1754 0.9354
vn -0.3069 -0.1754 0.9354
vn 0.0945 -0.1835 0.9785
vn -0.0945 -0.1835 0.9785
vn -0.0624 -0.0283 0.9977
vn 0.0624 -0.0283 0.9977
vn -0.0624 0.0260 0.9977
vn 0.0624 0.0260 0.9977
vn 0.0996 0.1729 0.9799
vn -0.0996 0.1729 0.9799
vn 0.3036 0.1656 0.9383
vn -0.3036 0.1656 0.9383
vn 0.4002 0.0572 0.9147
vn -0.4002 0.0572 0.9147
vn 0.1367 -0.8748 0.4648
vn -0.1054 -0.8433 0.5270
vn 0.2303 -0.8656 0.4447
vn -0.1916 -0.8620 0.4693
vn 0.5788 -0.5049 0.6404
vn -0.5788 -0.5049 0.6404
vn 0.7763 -0.0633 0.6272
vn -0.7763 -0.0633 0.6272
vn 0.7471 0.1132 0.6550
vn -0.7471 0.1132 0.6550
vn 0.3747 -0.8345 0.4040
vn -0.3747 -0.8345 0.4040
vn 0.3557 -0.7290 0.5848
vn -0.4177 -0.5751 0.7034
vn 0.6947 -0.4197 0.5841
vn -0.6947 -0.4197 0.5841
vn 0.7028 -0.3915 0.5939
vn -0.5537 -0.2978 0.7777
vn 0.3127 0.3425 0.8860
vn -0.8227 0.3606 0.4395
vn 0.5091 0.6482 0.5663
vn -0.5041 0.6448 0.5745
vn 0.5977 0.5565 0.5771
vn -0.5977 0.5565 0.5771
vn -0.0486 0.6560 0.7532
vn 0.0371 0.6685 0.7428
vn -0.7104 0.2715 0.6494
vn 0.7386 0.3768 0.5590
vn -0.6013 0.5262 0.6013
vn 0.5774 0.5774 0.5774
vn 0.5070 -0.6281 0.5903
vn -0.5364 -0.3230 0.7797
vn 0.2226 -0.4694 0.8545
vn -0.2226 -0.4694 0.8545
vn -0.0348 -0.5792 0.8144
vn 0.1073 -0.5010 0.8588
vn -0.0899 -0.7843 0.6138
vn 0.0770 -0.5759 0.8139
vn 0.0547 -0.1695 0.9840
vn -0.0279 -0.8645 0.5019
vn 0.4260 -0.0609 0.9027
vn -0.1687 -0.3128 0.9347
vn 0.3352 -0.1828 0.9243
vn -0.4350 -0.1812 0.8820
vn 0.3579 -0.3068 0.8819
vn -0.3223 -0.2762 0.9054
vn 0.3069 0.2113 0.9280
vn -0.4815 -0.2408 0.8427
vn -0.1598 0.3903 0.9067
vn 0.1598 0.3903 0.9067
vn 0.6819 -0.2915 0.6709
vn -0.1854 -0.4956 0.8485
vn 0.0585 -0.0781 0.9952
vn -0.0585 -0.0781 0.9952
vn -0.0066 -0.2316 0.9728
vn -0.0585 -0.0845 0.9947
vn 0.1008 -0.7103 0.6966
vn -0.1008 -0.7103 0.6966
vn 0.1322 -0.5947 0.7930
vn -0.1322 -0.5947 0.7930
vn 0.3128 -0.1662 0.9352
vn -0.3143 -0.3928 0.8642
vn 0.3288 -0.0360 0.9437
vn -0.3288 -0.0360 0.9437
vn 0.3233 -0.0808 0.9429
vn -0.3233 -0.0808 0.9429
vn -0.0232 0.0511 0.9984
vn -0.0000 0.0665 0.9978
vn -0.0043 -0.0651 0.9979
vn -0.0000 -0.0665 0.9978
vn 0.8447 -0.5335 0.0445
vn -0.8447 -0.5335 0.0445
vn 0.9500 0.2692 -0.1583
vn -0.9500 0.2692 -0.1583
vn 0.0693 0.9004 -0.4294
vn -0.1018 0.9165 -0.3870
vn 0.6905 0.5492 0.4708
vn 0.4071 -0.8956 0.1791
vn -0.4319 -0.8639 0.2592
vn 0.2873 -0.5747 0.7663
vn -0.2873 -0.5747 0.7663
vn -0.6326 0.5353 0.5596
vn 0.6326 0.5353 0.5596
vn 0.0862 0.7759 0.6250
vn -0.0862 0.7759 0.6250
vn 0.7532 0.2870 0.5918
vn -0.7639 0.2971 0.5729
vn 0.3416 -0.5409 0.7686
vn -0.3416 -0.5409 0.7686
vn 0.0502 0.2343 0.9709
vn -0.0375 0.2247 0.9737
vn -0.1304 -0.6087 0.7826
vn 0.1304 -0.6087 0.7826
vn -0.5059 0.0716 0.8596
vn 0.5059 0.0716 0.8596
vn -0.5774 -0.5774 0.5774
vn 0.5774 -0.5774 0.5774
vn 0.5460 -0.4310 0.7184
vn -0.3319 0.0738 0.9404
vn 0.3231 0.0311 0.9459
vn -0.2815 0.0662 0.9573
vn 0.7357 0.3910 0.5531
vn -0.8753 0.2059 0.4376
vn 0.8480 0.3180 0.4240
vn -0.8973 0.1994 0.3938
vn 0.8505 0.3798 0.3638
vn -0.8505 0.3798 0.3638
vn 0.1783 -0.4161 0.8917
vn -0.2524 -0.8655 0.4327
vn -0.1296 -0.1945 0.9723
vn 0.1296 -0.1945 0.9723
vn -0.4472 -0.0000 0.8944
vn 0.4472 -0.0000 0.8944
vn -0.1582 0.9494 0.2713
vn 0.1582 0.9494 0.2713
vn -0.6463 0.7337 0.2096
vn 0.6463 0.7337 0.2096
vn 0.3051 -0.9450 0.1181
vn -0.3051 -0.9450 0.1181
vn 0.0217 -0.3031 0.9527
vn -0.0217 -0.3031 0.9527
vn 0.1353 -0.3479 0.9277
vn -0.1353 -0.3479 0.9277
vn -0.4681 -0.2239 0.8548
vn 0.4681 -0.2239 0.8548
vn -0.2710 0.0271 0.9622
vn 0.2710 0.0271 0.9622
vn -0.1717 -0.0090 0.9851
vn 0.2595 0.1038 0.9601
vn -0.4332 -0.4874 0.7581
vn 0.6684 -0.4595 0.5849
vn -0.1599 -0.8797 0.4478
vn 0.1599 -0.8797 0.4478
vn 0.3900 -0.5895 0.7074
vn -0.3900 -0.5895 0.7074
vn 0.6547 -0.4589 0.6007
vn -0.6547 -0.4589 0.6007
vn 0.5378 -0.1144 0.8353
vn -0.5378 -0.1144 0.8353
vn 0.5657 0.1197 0.8159
vn -0.5774 0.1155 0.8083
vn 0.4082 0.4082 0.8165
vn -0.5214 0.6574 0.5441
vn 0.1796 0.7882 0.5886
vn -0.1796 0.7882 0.5886
vn 0.1881 0.3387 0.9219
vn -0.1881 0.3387 0.9219
vn -0.0870 0.2756 0.9573
vn 0.0870 0.2756 0.9573
vn 0.2804 -0.2181 0.9348
vn -0.3553 -0.5739 0.7379
vn 0.3015 -0.3015 0.9045
vn -0.3015 -0.3015 0.9045
vn -0.3766 -0.8339 0.4035
vn 0.0631 -0.3156 0.9468
vn 0.0823 -0.7822 0.6175
vn 0.2016 -0.9071 0.3696
vn -0.3707 -0.2851 0.8839
vn 0.3707 -0.2851 0.8839
vn -0.2692 -0.0577 0.9614
vn 0.4568 0.0508 0.8881
vn -0.2797 0.5245 0.8042
vn 0.2797 0.5245 0.8042
vn -0.0213 0.5546 0.8319
vn 0.0487 0.6815 0.7302
vn 0.3778 0.6342 0.6746
vn -0.3378 0.5221 0.7831
vn 0.4988 0.5300 0.6858
vn -0.4988 0.5300 0.6858
vn 0.5425 -0.3391 0.7686
vn -0.5425 -0.3391 0.7686
vn 0.8305 -0.0615 0.5536
vn -0.8305 -0.0615 0.5536
vn 0.7814 0.1116 0.6140
vn -0.7814 0.1116 0.6140
vn -0.4338 0.8888 -0.1481
vn 0.4338 0.8888 -0.1481
vn -0.8515 0.3744 -0.3670
vn 0.8515 0.3744 -0.3670
vn -0.2664 0.8710 -0.4127
vn 0.2197 0.8626 -0.4557
vn 0.5932 0.7445 -0.3063
vn -0.5914 0.7489 -0.2991
vn 0.3714 0.8685 -0.3284
vn -0.3653 0.8833 -0.2938
vn 0.2901 0.9141 -0.2833
vn -0.2901 0.9141 -0.2833
vn 0.8873 0.1343 -0.4412
vn -0.7964 0.1323 -0.5901
vn 0.5108 -0.6649 -0.5450
vn -0.5108 -0.6649 -0.5450
vn 0.3695 -0.8566 -0.3601
vn -0.3695 -0.8566 -0.3601
vn 0.3617 -0.3858 -0.8487
vn -0.1649 -0.6644 -0.7289
vn 0.1952 -0.0976 -0.9759
vn -0.3011 -0.0125 -0.9535
vn -0.0107 -0.5633 -0.8262
vn -0.2562 -0.3112 -0.9152
vn 0.1533 -0.9649 -0.2134
vn -0.1533 -0.9649 -0.2134
vn 0.1260 -0.9624 -0.2406
vn -0.1260 -0.9624 -0.2406
vn 0.9396 0.1573 -0.3041
vn -0.9396 0.1573 -0.3041
vn 0.9278 0.1838 -0.3246
vn -0.9278 0.1838 -0.3246
vn 0.2192 0.0766 -0.9727
vn -0.2192 0.0766 -0.9727
vn 0.1211 -0.0530 -0.9912
vn 0.1497 -0.3635 -0.9195
vn 0.9094 0.1371 -0.3927
vn -0.3706 -0.6780 -0.6349
vn 0.9202 0.1355 -0.3672
vn -0.9202 0.1355 -0.3672
vn 0.9173 0.3440 -0.2007
vn -0.9457 0.2673 -0.1850
vn 0.9004 0.3642 -0.2380
vn -0.9337 0.2813 -0.2215
vn 0.8945 0.4337 0.1084
vn -0.9501 0.2455 -0.1922
vn 0.1596 -0.9577 -0.2394
vn -0.1835 -0.7864 -0.5898
vn 0.3693 -0.4712 -0.8010
vn -0.3727 -0.4759 -0.7966
vn 0.2986 -0.8236 -0.4821
vn -0.3263 -0.8342 -0.4446
vn 0.2995 -0.9442 -0.1368
vn -0.2995 -0.9442 -0.1368
vn 0.3287 -0.9163 -0.2291
vn -0.3287 -0.9163 -0.2291
vn 0.8305 0.3333 -0.4463
vn -0.8642 -0.4737 0.1696
vn 0.9166 -0.3740 0.1414
vn -0.9166 -0.3740 0.1414
vn 0.2950 -0.0454 -0.9544
vn -0.4189 -0.2265 -0.8793
vn 0.1272 0.9658 0.2260
vn -0.1119 0.9626 0.2468
vn 0.1320 0.9750 -0.1788
vn -0.1320 0.9750 -0.1788
vn 0.3878 0.6192 -0.6828
vn -0.3878 0.6192 -0.6828
vn 0.4951 0.8618 -0.1100
vn -0.4951 0.8618 -0.1100
vn 0.2561 0.6447 0.7202
vn -0.2561 0.6447 0.7202
vn 0.5966 0.7888 0.1479
vn -0.5966 0.7888 0.1479
vn 0.7125 0.6755 -0.1900
vn -0.7125 0.6755 -0.1900
vn 0.7104 0.1364 -0.6904
vn -0.6304 0.2517 -0.7343
vn 0.6823 0.2318 -0.6933
vn -0.6823 0.2318 -0.6933
vn 0.6574 0.7254 -0.2040
vn -0.6574 0.7254 -0.2040
vn 0.7289 0.6729 0.1262
vn -0.7289 0.6729 0.1262
vn 0.7791 0.4074 0.4764
vn -0.7791 0.4074 0.4764
vn 0.3669 0.8840 -0.2898
vn -0.3238 0.9434 -0.0720
vn 0.2854 0.6237 0.7277
vn -0.1548 0.5080 0.8473
vn -0.1681 0.1005 -0.9806
vn 0.1681 0.1005 -0.9806
vn 0.2925 0.5674 0.7697
vn -0.2925 0.5674 0.7697
vn -0.1616 0.1847 0.9694
vn 0.1616 0.1847 0.9694
vn 0.8681 0.0893 -0.4883
vn -0.9340 0.2255 0.2773
vn 0.9276 0.0762 0.3657
vn -0.9276 0.0762 0.3657
vn 0.9750 0.2169 0.0490
vn -0.9750 0.2169 0.0490
vn 0.9817 -0.0304 -0.1882
vn -0.9956 0.0893 -0.0288
vn 0.7466 -0.6646 0.0285
vn -0.6374 -0.7651 0.0915
vn 0.3723 -0.9243 0.0847
vn -0.3720 -0.9244 0.0845
vn 0.3986 -0.8754 0.2734
vn -0.3986 -0.8754 0.2734
vn 0.6328 -0.7642 0.1247
vn -0.6328 -0.7642 0.1247
vn 0.7325 -0.6368 0.2407
vn -0.7325 -0.6368 0.2407
vn 0.2637 -0.4499 0.8533
vn -0.2637 -0.4499 0.8533
vn 0.5881 -0.3070 -0.7483
vn -0.5236 -0.3290 -0.7859
vn 0.4694 -0.2400 -0.8498
vn -0.5396 -0.3343 -0.7727
vn 0.4463 -0.8452 -0.2941
vn -0.2144 -0.8341 -0.5082
vn 0.6973 -0.6610 -0.2771
vn -0.7365 -0.6154 -0.2808
vn 0.4972 -0.4408 -0.7473
vn -0.4972 -0.4408 -0.7473
vn 0.3691 0.2855 0.8844
vn -0.3244 0.4867 0.8111
vn 0.4467 0.0975 0.8894
vn -0.4467 0.0975 0.8894
vn 0.3188 0.1993 0.9266
vn -0.1817 -0.0079 0.9833
vn 0.2076 -0.0836 0.9746
vn -0.2925 -0.0758 0.9533
vn 0.3398 0.0824 0.9369
vn -0.5847 -0.2198 0.7809
vn 0.5957 -0.3850 0.7049
vn -0.5957 -0.3850 0.7049
vn 0.4843 0.5580 0.6738
vn -0.4843 0.5580 0.6738
vn -0.2675 0.8318 0.4864
vn 0.2675 0.8318 0.4864
vn -0.8576 0.2223 0.4637
vn 0.7885 0.2366 0.5677
vn -0.5257 -0.3579 0.7717
vn 0.5242 -0.3548 0.7742
vn 0.4663 -0.5991 0.6509
vn -0.4390 -0.5252 0.7290
vn 0.7104 -0.4567 0.5356
vn -0.7104 -0.4567 0.5356
vn 0.7507 -0.6131 -0.2461
vn -0.6302 -0.7658 0.1282
vn -0.1788 0.2923 0.9395
vn 0.2175 0.2733 0.9370
vn 0.9042 -0.3578 -0.2332
vn -0.9042 -0.3578 -0.2332
vn 0.0400 0.3399 0.9396
vn -0.0400 0.3399 0.9396
vn 0.2734 0.9064 0.3221
vn -0.2734 0.9064 0.3221
vn 0.4480 -0.4480 0.7737
vn -0.7177 0.1689 0.6755
vn 0.5534 -0.5534 0.6225
vn -0.9008 -0.4075 0.1501
vn 0.5724 -0.3122 0.7582
vn -0.5815 -0.5217 0.6243
vn 0.5597 -0.5533 0.6169
vn -0.6138 -0.2571 0.7465
vn 0.8271 0.5323 -0.1802
vn -0.8271 0.5323 -0.1802
vn 0.9227 -0.3765 -0.0825
vn -0.8717 -0.4446 -0.2063
vn 0.9972 -0.0181 -0.0725
vn -0.9972 -0.0181 -0.0725
vn 0.6895 -0.6644 0.2883
vn -0.6895 -0.6644 0.2883
vn 0.7815 -0.6176 0.0882
vn -0.7930 -0.5947 0.1322
vn 0.7022 -0.7022 0.1170
vn -0.7022 -0.7022 0.1170
vn 0.1240 0.9921 0.0207
vn -0.2408 0.9631 -0.1204
vn 0.9435 0.3145 0.1048
vn -0.9251 0.3469 0.1542
vn 0.6213 -0.7767 0.1036
vn -0.6213 -0.7767 0.1036
vn 0.6197 -0.6899 0.3742
vn -0.6197 -0.6899 0.3742
vn 0.2752 -0.8808 0.3853
vn -0.2752 -0.8808 0.3853
vn -0.7929 -0.5252 -0.3089
vn 0.7929 -0.5252 -0.3089
vn -0.8096 0.2429 -0.5343
vn 0.8538 0.2328 -0.4657
vn -0.5621 0.8231 -0.0803
vn 0.5433 0.6985 -0.4657
vn -0.0071 0.9899 0.1414
vn 0.1096 0.9939 -0.0157
vn 0.1046 0.0392 0.9937
vn -0.1738 0.0097 0.9847
vn 0.2461 0.0852 0.9655
vn -0.4134 0.0413 0.9096
vn 0.3009 0.0926 0.9491
vn -0.3009 0.0926 0.9491
vn 0.2104 0.0124 0.9775
vn -0.1220 0.0458 0.9915
vn -0.0099 0.3867 0.9221
vn 0.0099 0.3867 0.9221
vn 0.3787 -0.0364 0.9248
vn -0.4244 -0.0320 0.9049
vn 0.2530 -0.1897 0.9487
vn -0.2570 0.0723 0.9637
vn -0.4870 0.6088 0.6262
vn 0.2981 0.7454 0.5963
vn 0.6693 0.1802 0.7208
vn -0.6693 0.1802 0.7208
vn 0.4388 -0.2008 0.8759
vn -0.4723 -0.1986 0.8588
vn 0.5786 -0.1334 0.8046
vn -0.2975 -0.4062 0.8640
vn 0.5002 0.2833 0.8182
vn -0.5002 0.2833 0.8182
vn 0.2980 0.5802 0.7580
vn -0.2980 0.5802 0.7580
vn 0.0929 -0.9912 -0.0944
vn -0.0929 -0.9912 -0.0944
vn 0.4688 -0.8715 0.1442
vn -0.4688 -0.8715 0.1442
vn 0.9309 -0.2541 0.2624
vn -0.9264 -0.2460 0.2851
vn 0.8465 0.5291 -0.0595
vn -0.8267 0.5627 -0.0035
vn -0.2511 0.9439 -0.2145
vn 0.2146 0.9243 -0.3157
vn -0.4841 0.8743 -0.0361
vn 0.4196 0.8851 -0.2012
vn -0.5256 -0.0030 -0.8507
vn 0.5470 -0.0144 -0.8370
vn -0.1466 0.0104 -0.9891
vn 0.1466 0.0104 -0.9891
vn 0.4046 0.0266 -0.9141
vn -0.4046 0.0266 -0.9141
vn -0.8073 0.5901 0.0041
vn 0.7330 0.6786 0.0472
vn 0.4200 -0.2291 -0.8781
vn -0.4200 -0.2291 -0.8781
vn -0.0687 -0.9943 -0.0818
vn 0.0687 -0.9943 -0.0818
vn 0.0865 0.4696 -0.8786
vn 0.0464 -0.8810 -0.4709
vn 0.0938 0.2890 -0.9527
vn 0.0286 -0.9566 -0.2902
vn 0.0975 0.0975 -0.9904
vn 0.0096 0.9951 -0.0980
vn 0.0097 -0.9951 -0.0980
vn 0.0976 -0.0975 -0.9904
vn 0.0286 0.9565 -0.2902
vn 0.0938 -0.2890 -0.9527
vn 0.0464 0.8810 -0.4709
vn 0.0865 -0.4696 -0.8786
vn 0.0624 0.7715 -0.6332
vn 0.0759 -0.6326 -0.7708
vn 0.0759 0.6326 -0.7708
vn 0.0624 -0.7715 -0.6332
vn 0.2248 -0.6326 -0.7412
vn 0.2248 0.6326 -0.7412
vn 0.1847 -0.7715 -0.6088
vn 0.2563 0.4696 -0.8448
vn 0.1374 -0.8810 -0.4528
vn 0.2779 0.2890 -0.9161
vn 0.0846 -0.9565 -0.2790
vn 0.2889 0.0975 -0.9524
vn 0.0286 0.9951 -0.0942
vn 0.0286 -0.9951 -0.0942
vn 0.2889 -0.0975 -0.9524
vn 0.0846 0.9565 -0.2790
vn 0.2779 -0.2890 -0.9161
vn 0.1374 0.8810 -0.4528
vn 0.2563 -0.4696 -0.8448
vn 0.1847 0.7715 -0.6088
vn 0.0464 -0.9951 -0.0869
vn 0.4691 -0.0975 -0.8777
vn 0.1374 0.9566 -0.2571
vn 0.4513 -0.2890 -0.8443
vn 0.2230 0.8810 -0.4173
vn 0.4162 -0.4696 -0.7786
vn 0.2999 0.7715 -0.5611
vn 0.3651 -0.6326 -0.6831
vn 0.3651 0.6326 -0.6831
vn 0.2999 -0.7715 -0.5611
vn 0.4162 0.4696 -0.7786
vn 0.2230 -0.8810 -0.4173
vn 0.4513 0.2890 -0.8443
vn 0.1374 -0.9565 -0.2571
vn 0.4691 0.0975 -0.8777
vn 0.0464 0.9951 -0.0869
vn 0.4036 -0.7715 -0.4918
vn 0.5601 0.4696 -0.6825
vn 0.3002 -0.8810 -0.3658
vn 0.6073 0.2890 -0.7400
vn 0.1850 -0.9565 -0.2254
vn 0.6314 0.0975 -0.7693
vn 0.0625 0.9951 -0.0761
vn 0.0625 -0.9951 -0.0761
vn 0.6314 -0.0975 -0.7693
vn 0.1850 0.9565 -0.2254
vn 0.6073 -0.2890 -0.7400
vn 0.3002 0.8810 -0.3658
vn 0.5601 -0.4696 -0.6825
vn 0.4036 0.7715 -0.4918
vn 0.4913 -0.6326 -0.5987
vn 0.4913 0.6326 -0.5987
vn 0.2254 0.9565 -0.1850
vn 0.7400 -0.2890 -0.6073
vn 0.3658 0.8810 -0.3002
vn 0.6825 -0.4696 -0.5601
vn 0.4918 0.7715 -0.4036
vn 0.5987 -0.6326 -0.4913
vn 0.5987 0.6326 -0.4913
vn 0.4918 -0.7715 -0.4036
vn 0.6825 0.4696 -0.5601
vn 0.3658 -0.8810 -0.3002
vn 0.7400 0.2890 -0.6073
vn 0.2254 -0.9565 -0.1850
vn 0.7693 0.0975 -0.6314
vn 0.0761 0.9951 -0.0625
vn 0.0761 -0.9951 -0.0625
vn 0.7693 -0.0975 -0.6314
vn 0.7786 0.4696 -0.4162
vn 0.4173 -0.8810 -0.2230
vn 0.8443 0.2890 -0.4513
vn 0.2571 -0.9565 -0.1374
vn 0.8777 0.0975 -0.4691
vn 0.0869 0.9951 -0.0464
vn 0.0869 -0.9951 -0.0464
vn 0.8777 -0.0975 -0.4692
vn 0.2571 0.9565 -0.1374
vn 0.8443 -0.2890 -0.4513
vn 0.4173 0.8810 -0.2230
vn 0.7786 -0.4696 -0.4162
vn 0.5611 0.7715 -0.2999
vn 0.6831 -0.6326 -0.3651
vn 0.6831 0.6326 -0.3651
vn 0.5611 -0.7715 -0.2999
vn 0.9161 -0.2890 -0.2779
vn 0.4528 0.8810 -0.1374
vn 0.8448 -0.4696 -0.2563
vn 0.6088 0.7715 -0.1847
vn 0.7412 -0.6326 -0.2248
vn 0.7412 0.6326 -0.2248
vn 0.6088 -0.7715 -0.1847
vn 0.8448 0.4696 -0.2563
vn 0.4528 -0.8810 -0.1374
vn 0.9161 0.2890 -0.2779
vn 0.2790 -0.9565 -0.0846
vn 0.9524 0.0975 -0.2889
vn 0.0942 0.9951 -0.0286
vn 0.0942 -0.9951 -0.0286
vn 0.9524 -0.0975 -0.2889
vn 0.2790 0.9565 -0.0846
vn 0.4709 -0.8810 -0.0464
vn 0.9527 0.2890 -0.0938
vn 0.2902 -0.9565 -0.0286
vn 0.9904 0.0975 -0.0975
vn 0.0980 0.9951 -0.0097
vn 0.0980 -0.9951 -0.0097
vn 0.9904 -0.0975 -0.0976
vn 0.2902 0.9565 -0.0286
vn 0.9527 -0.2890 -0.0938
vn 0.4709 0.8810 -0.0464
vn 0.8786 -0.4696 -0.0865
vn 0.6332 0.7715 -0.0624
vn 0.7708 -0.6326 -0.0759
vn 0.7708 0.6326 -0.0759
vn 0.6332 -0.7715 -0.0624
vn 0.8786 0.4696 -0.0865
vn 0.4709 0.8810 0.0464
vn 0.8786 -0.4696 0.0865
vn 0.6332 0.7715 0.0624
vn 0.7708 -0.6326 0.0759
vn 0.7708 0.6326 0.0759
vn 0.6332 -0.7715 0.0624
vn 0.8786 0.4696 0.0865
vn 0.4709 -0.8810 0.0464
vn 0.9527 0.2890 0.0938
vn 0.2902 -0.9565 0.0286
vn 0.9904 0.0975 0.0976
vn 0.0980 0.9951 0.0097
vn 0.0980 -0.9951 0.0097
vn 0.9904 -0.0975 0.0975
vn 0.2902 0.9565 0.0286
vn 0.9527 -0.2890 0.0938
vn 0.9161 0.2890 0.2779
vn 0.2790 -0.9565 0.0846
vn 0.9524 0.0975 0.2889
vn 0.0942 0.9951 0.0286
vn 0.0942 -0.9951 0.0286
vn 0.9524 -0.0975 0.2889
vn 0.2790 0.9565 0.0846
vn 0.9161 -0.2890 0.2779
vn 0.4528 0.8810 0.1374
vn 0.8448 -0.4696 0.2563
vn 0.6088 0.7715 0.1847
vn 0.7412 -0.6326 0.2248
vn 0.7412 0.6326 0.2248
vn 0.6088 -0.7715 0.1847
vn 0.8448 0.4696 0.2563
vn 0.4528 -0.8810 0.1374
vn 0.7786 -0.4696 0.4162
vn 0.5611 0.7715 0.2999
vn 0.6831 -0.6326 0.3651
vn 0.6831 0.6326 0.3651
vn 0.5611 -0.7715 0.2999
vn 0.7786 0.4696 0.4162
vn 0.4173 -0.8810 0.2230
vn 0.8443 0.2890 0.4513
vn 0.2571 -0.9565 0.1374
vn 0.8777 0.0975 0.4692
vn 0.0869 0.9951 0.0464
vn 0.0869 -0.9951 0.0464
vn 0.8777 -0.0975 0.4691
vn 0.2571 0.9565 0.1374
vn 0.8443 -0.2890 0.4513
vn 0.4173 0.8810 0.2231
vn 0.2254 -0.9566 0.1850
vn 0.7693 0.0975 0.6314
vn 0.0761 0.9951 0.0625
vn 0.0761 -0.9951 0.0625
vn 0.7693 -0.0975 0.6314
vn 0.2254 0.9565 0.1850
vn 0.7400 -0.2890 0.6073
vn 0.3658 0.8810 0.3002
vn 0.6825 -0.4696 0.5601
vn 0.4918 0.7715 0.4036
vn 0.5987 -0.6326 0.4913
vn 0.5987 0.6326 0.4913
vn 0.4918 -0.7715 0.4036
vn 0.6825 0.4696 0.5601
vn 0.3658 -0.8810 0.3002
vn 0.7400 0.2890 0.6073
vn 0.4913 -0.6326 0.5987
vn 0.4913 0.6326 0.5987
vn 0.4036 -0.7715 0.4918
vn 0.5601 0.4696 0.6825
vn 0.3002 -0.8810 0.3658
vn 0.6073 0.2890 0.7400
vn 0.1850 -0.9565 0.2254
vn 0.6314 0.0975 0.7693
vn 0.0625 0.9951 0.0761
vn 0.0625 -0.9951 0.0761
vn 0.6314 -0.0975 0.7693
vn 0.1850 0.9565 0.2254
vn 0.6073 -0.2890 0.7400
vn 0.3002 0.8810 0.3658
vn 0.5601 -0.4696 0.6825
vn 0.4036 0.7715 0.4918
vn 0.0464 0.9951 0.0869
vn 0.0464 -0.9951 0.0869
vn 0.4691 -0.0975 0.8777
vn 0.1374 0.9565 0.2571
vn 0.4513 -0.2890 0.8443
vn 0.2231 0.8810 0.4173
vn 0.4162 -0.4696 0.7786
vn 0.2999 0.7715 0.5611
vn 0.3651 -0.6326 0.6831
vn 0.3651 0.6326 0.6831
vn 0.2999 -0.7715 0.5611
vn 0.4162 0.4696 0.7786
vn 0.2231 -0.8810 0.4173
vn 0.4513 0.2890 0.8443
vn 0.1374 -0.9565 0.2571
vn 0.4691 0.0975 0.8777
vn 0.2248 0.6326 0.7412
vn 0.1847 -0.7715 0.6088
vn 0.2563 0.4696 0.8448
vn 0.1374 -0.8810 0.4528
vn 0.2779 0.2890 0.9161
vn 0.0846 -0.9565 0.2790
vn 0.2889 0.0975 0.9524
vn 0.0286 0.9951 0.0942
vn 0.0286 -0.9951 0.0942
vn 0.2889 -0.0975 0.9524
vn 0.0846 0.9565 0.2790
vn 0.2779 -0.2890 0.9161
vn 0.1374 0.8810 0.4528
vn 0.2563 -0.4696 0.8448
vn 0.1847 0.7715 0.6088
vn 0.2248 -0.6326 0.7412
vn 0.0975 -0.0975 0.9904
vn 0.0286 0.9565 0.2902
vn 0.0938 -0.2890 0.9527
vn 0.0464 0.8810 0.4709
vn 0.0865 -0.4696 0.8786
vn 0.0624 0.7715 0.6332
vn 0.0759 -0.6326 0.7708
vn 0.0759 0.6326 0.7708
vn 0.0624 -0.7715 0.6332
vn 0.0865 0.4696 0.8786
vn 0.0464 -0.8810 0.4709
vn 0.0938 0.2890 0.9527
vn 0.0286 -0.9566 0.2902
vn 0.0975 0.0975 0.9904
vn 0.0096 0.9951 0.0980
vn 0.0097 -0.9951 0.0980
vn -0.0624 -0.7715 0.6332
vn -0.0865 0.4696 0.8786
vn -0.0464 -0.8810 0.4709
vn -0.0938 0.2890 0.9527
vn -0.0286 -0.9565 0.2902
vn -0.0976 0.0975 0.9904
vn -0.0096 0.9951 0.0980
vn -0.0097 -0.9951 0.0980
vn -0.0975 -0.0975 0.9904
vn -0.0286 0.9565 0.2902
vn -0.0938 -0.2890 0.9527
vn -0.0464 0.8810 0.4709
vn -0.0865 -0.4696 0.8786
vn -0.0624 0.7715 0.6332
vn -0.0759 -0.6326 0.7708
vn -0.0759 0.6326 0.7708
vn -0.0846 0.9565 0.2790
vn -0.2779 -0.2890 0.9161
vn -0.1374 0.8810 0.4528
vn -0.2563 -0.4696 0.8448
vn -0.1847 0.7715 0.6088
vn -0.2248 -0.6326 0.7412
vn -0.2248 0.6326 0.7412
vn -0.1847 -0.7715 0.6088
vn -0.2563 0.4696 0.8448
vn -0.1374 -0.8810 0.4528
vn -0.2779 0.2890 0.9161
vn -0.0846 -0.9565 0.2790
vn -0.2889 0.0975 0.9524
vn -0.0286 0.9951 0.0942
vn -0.0286 -0.9951 0.0942
vn -0.2889 -0.0975 0.9524
vn -0.4162 0.4696 0.7786
vn -0.2230 -0.8810 0.4173
vn -0.4513 0.2890 0.8443
vn -0.1374 -0.9565 0.2571
vn -0.4691 0.0975 0.8777
vn -0.0464 0.9951 0.0869
vn -0.0464 -0.9951 0.0869
vn -0.4691 -0.0975 0.8777
vn -0.1374 0.9566 0.2571
vn -0.4513 -0.2890 0.8443
vn -0.2231 0.8810 0.4173
vn -0.4162 -0.4696 0.7786
vn -0.2999 0.7715 0.5611
vn -0.3651 -0.6326 0.6831
vn -0.3651 0.6326 0.6831
vn -0.2999 -0.7715 0.5611
vn -0.6073 -0.2890 0.7400
vn -0.3002 0.8810 0.3658
vn -0.5601 -0.4696 0.6825
vn -0.4036 0.7715 0.4918
vn -0.4913 -0.6326 0.5987
vn -0.4913 0.6326 0.5987
vn -0.4036 -0.7715 0.4918
vn -0.5601 0.4696 0.6825
vn -0.3002 -0.8810 0.3658
vn -0.6073 0.2890 0.7400
vn -0.1850 -0.9565 0.2254
vn -0.6314 0.0975 0.7693
vn -0.0625 0.9951 0.0761
vn -0.0625 -0.9951 0.0761
vn -0.6314 -0.0975 0.7693
vn -0.1850 0.9565 0.2254
vn -0.3658 -0.8810 0.3002
vn -0.7400 0.2890 0.6073
vn -0.2254 -0.9565 0.1850
vn -0.7693 0.0975 0.6314
vn -0.0761 0.9951 0.0625
vn -0.0761 -0.9951 0.0625
vn -0.7693 -0.0975 0.6314
vn -0.2254 0.9566 0.1850
vn -0.7400 -0.2890 0.6073
vn -0.3658 0.8810 0.3002
vn -0.6825 -0.4696 0.5601
vn -0.4918 0.7715 0.4036
vn -0.5987 -0.6326 0.4913
vn -0.5987 0.6326 0.4913
vn -0.4918 -0.7715 0.4036
vn -0.6825 0.4696 0.5601
vn -0.7786 -0.4696 0.4162
vn -0.5611 0.7715 0.2999
vn -0.6831 -0.6326 0.3651
vn -0.6831 0.6326 0.3651
vn -0.5611 -0.7715 0.2999
vn -0.7786 0.4696 0.4162
vn -0.4173 -0.8810 0.2230
vn -0.8443 0.2890 0.4513
vn -0.2571 -0.9565 0.1374
vn -0.8777 0.0975 0.4691
vn -0.0869 0.9951 0.0464
vn -0.0869 -0.9951 0.0464
vn -0.8777 -0.0975 0.4691
vn -0.2571 0.9565 0.1374
vn -0.8443 -0.2890 0.4513
vn -0.4173 0.8810 0.2231
vn -0.2790 -0.9565 0.0846
vn -0.9524 0.0975 0.2889
vn -0.0942 0.9951 0.0286
vn -0.0942 -0.9951 0.0286
vn -0.9524 -0.0975 0.2889
vn -0.2790 0.9565 0.0846
vn -0.9161 -0.2890 0.2779
vn -0.4528 0.8810 0.1374
vn -0.8448 -0.4696 0.2563
vn -0.6088 0.7715 0.1847
vn -0.7412 -0.6326 0.2248
vn -0.7412 0.6326 0.2248
vn -0.6088 -0.7715 0.1847
vn -0.8448 0.4696 0.2563
vn -0.4528 -0.8810 0.1374
vn -0.9161 0.2890 0.2779
vn -0.6332 0.7715 0.0624
vn -0.7708 -0.6326 0.0759
vn -0.7708 0.6326 0.0759
vn -0.6332 -0.7715 0.0624
vn -0.8786 0.4696 0.0865
vn -0.4709 -0.8810 0.0464
vn -0.9527 0.2890 0.0938
vn -0.2902 -0.9565 0.0286
vn -0.9904 0.0975 0.0975
vn -0.0980 0.9951 0.0097
vn -0.0980 -0.9951 0.0097
vn -0.9904 -0.0975 0.0976
vn -0.2902 0.9565 0.0286
vn -0.9527 -0.2890 0.0938
vn -0.4709 0.8810 0.0464
vn -0.8786 -0.4696 0.0865
vn -0.9904 0.0975 -0.0976
vn -0.0980 0.9951 -0.0097
vn -0.0980 -0.9951 -0.0097
vn -0.9904 -0.0975 -0.0975
vn -0.2902 0.9565 -0.0286
vn -0.9527 -0.2890 -0.0938
vn -0.4709 0.8810 -0.0464
vn -0.8786 -0.4696 -0.0865
vn -0.6332 0.7715 -0.0624
vn -0.7708 -0.6326 -0.0759
vn -0.7708 0.6326 -0.0759
vn -0.6332 -0.7715 -0.0624
vn -0.8786 0.4696 -0.0865
vn -0.4709 -0.8810 -0.0464
vn -0.9527 0.2890 -0.0938
vn -0.2902 -0.9565 -0.0286
vn -0.7412 -0.6326 -0.2248
vn -0.7412 0.6326 -0.2248
vn -0.6088 -0.7715 -0.1847
vn -0.8448 0.4696 -0.2563
vn -0.4528 -0.8810 -0.1374
vn -0.9161 0.2890 -0.2779
vn -0.2790 -0.9566 -0.0846
vn -0.9524 0.0975 -0.2889
vn -0.0942 0.9951 -0.0286
vn -0.0942 -0.9951 -0.0286
vn -0.9524 -0.0975 -0.2889
vn -0.2790 0.9565 -0.0846
vn -0.9161 -0.2890 -0.2779
vn -0.4528 0.8810 -0.1374
vn -0.8448 -0.4696 -0.2563
vn -0.6088 0.7715 -0.1847
vn -0.0869 0.9951 -0.0464
vn -0.0869 -0.9951 -0.0464
vn -0.8777 -0.0975 -0.4691
vn -0.2571 0.9565 -0.1374
vn -0.8443 -0.2890 -0.4513
vn -0.4173 0.8810 -0.2231
vn -0.7786 -0.4696 -0.4162
vn -0.5611 0.7715 -0.2999
vn -0.6831 -0.6326 -0.3651
vn -0.6831 0.6326 -0.3651
vn -0.5611 -0.7715 -0.2999
vn -0.7786 0.4696 -0.4162
vn -0.4173 -0.8810 -0.2231
vn -0.8443 0.2890 -0.4513
vn -0.2571 -0.9565 -0.1374
vn -0.8777 0.0975 -0.4691
vn -0.5987 0.6326 -0.4913
vn -0.4918 -0.7715 -0.4036
vn -0.6825 0.4696 -0.5601
vn -0.3658 -0.8810 -0.3002
vn -0.7400 0.2890 -0.6073
vn -0.2254 -0.9565 -0.1850
vn -0.7693 0.0975 -0.6314
vn -0.0761 0.9951 -0.0625
vn -0.0761 -0.9951 -0.0625
vn -0.7693 -0.0975 -0.6314
vn -0.2254 0.9565 -0.1850
vn -0.7400 -0.2890 -0.6073
vn -0.3658 0.8810 -0.3002
vn -0.6825 -0.4696 -0.5601
vn -0.4918 0.7715 -0.4036
vn -0.5987 -0.6326 -0.4913
vn -0.6314 -0.0975 -0.7693
vn -0.1850 0.9565 -0.2254
vn -0.6073 -0.2890 -0.7400
vn -0.3002 0.8810 -0.3658
vn -0.5601 -0.4696 -0.6825
vn -0.4036 0.7715 -0.4918
vn -0.4913 -0.6326 -0.5987
vn -0.4913 0.6326 -0.5987
vn -0.4036 -0.7715 -0.4918
vn -0.5601 0.4696 -0.6825
vn -0.3002 -0.8810 -0.3658
vn -0.6073 0.2890 -0.7400
vn -0.1850 -0.9565 -0.2254
vn -0.6314 0.0975 -0.7693
vn -0.0625 0.9951 -0.0761
vn -0.0625 -0.9951 -0.0761
vn -0.2999 -0.7715 -0.5611
vn -0.4162 0.4696 -0.7786
vn -0.2230 -0.8810 -0.4173
vn -0.4513 0.2890 -0.8443
vn -0.1374 -0.9565 -0.2571
vn -0.4691 0.0975 -0.8777
vn -0.0464 0.9951 -0.0869
vn -0.0464 -0.9951 -0.0869
vn -0.4691 -0.0975 -0.8777
vn -0.1374 0.9565 -0.2571
vn -0.4513 -0.2890 -0.8443
vn -0.2231 0.8810 -0.4173
vn -0.4162 -0.4696 -0.7786
vn -0.2999 0.7715 -0.5611
vn -0.3651 -0.6326 -0.6831
vn -0.3651 0.6326 -0.6831
vn -0.2779 -0.2890 -0.9161
vn -0.1374 0.8810 -0.4528
vn -0.2563 -0.4696 -0.8448
vn -0.1847 0.7715 -0.6088
vn -0.2248 -0.6326 -0.7412
vn -0.2248 0.6326 -0.7412
vn -0.1847 -0.7715 -0.6088
vn -0.2563 0.4696 -0.8448
vn -0.1374 -0.8810 -0.4528
vn -0.2779 0.2890 -0.9161
vn -0.0846 -0.9565 -0.2790
vn -0.2889 0.0975 -0.9524
vn -0.0286 0.9951 -0.0942
vn -0.0286 -0.9951 -0.0942
vn -0.2889 -0.0975 -0.9524
vn -0.0846 0.9565 -0.2790
vn -0.0464 -0.8810 -0.4709
vn -0.0938 0.2890 -0.9527
vn -0.0286 -0.9565 -0.2902
vn -0.0976 0.0975 -0.9904
vn -0.0096 0.9951 -0.0980
vn -0.0097 -0.9951 -0.0980
vn -0.0976 -0.0975 -0.9904
vn -0.0286 0.9565 -0.2902
vn -0.0938 -0.2890 -0.9527
vn -0.0464 0.8810 -0.4709
vn -0.0865 -0.4696 -0.8786
vn -0.0624 0.7715 -0.6332
vn -0.0759 -0.6326 -0.7708
vn -0.0759 0.6326 -0.7708
vn -0.0624 -0.7715 -0.6332
vn -0.0865 0.4696 -0.8786
vn 0.6713 -0.1971 0.7145
vn -0.6713 -0.1971 0.7145
vn 0.8326 -0.3017 0.4646
vn -0.8326 -0.3017 0.4646
vn 0.4258 -0.7967 0.4290
vn -0.4258 -0.7967 0.4290
vn 0.3265 -0.4954 0.8050
vn -0.3265 -0.4954 0.8050
vn -0.0649 -0.5714 0.8181
vn 0.0649 -0.5714 0.8181
vn -0.2738 -0.8315 0.4834
vn 0.2738 -0.8315 0.4834
vn -0.7606 -0.3400 0.5531
vn 0.7824 -0.3294 0.5285
vn -0.4658 -0.1863 0.8651
vn 0.4658 -0.1863 0.8651
vn -0.4983 0.1812 0.8478
vn 0.4983 0.1812 0.8478
vn -0.7683 0.3293 0.5488
vn 0.7656 0.3223 0.5568
vn -0.2487 0.8249 0.5076
vn 0.2560 0.8073 0.5317
vn -0.1017 0.5518 0.8277
vn 0.0821 0.6023 0.7940
vn 0.3861 0.5446 0.7445
vn -0.3329 0.5231 0.7846
vn 0.4059 0.7641 0.5014
vn -0.4246 0.7711 0.4745
vn 0.8299 0.2940 0.4742
vn -0.8251 0.2968 0.4808
vn 0.6617 0.2026 0.7219
vn -0.6888 0.1868 0.7005
vn 0.7816 0.3058 -0.5437
vn -0.8400 0.3436 -0.4200
vn 0.2037 0.8146 -0.5431
vn -0.2074 0.8296 -0.5185
vn -0.4381 0.7988 -0.4123
vn 0.4056 0.7605 -0.5070
vn -0.7861 0.3276 -0.5241
vn 0.8642 0.3143 -0.3928
vn -0.8519 -0.3408 -0.3976
vn 0.8519 -0.3408 -0.3976
vn -0.4056 -0.7605 -0.5070
vn 0.4056 -0.7605 -0.5070
vn 0.2074 -0.8296 -0.5185
vn -0.2074 -0.8296 -0.5185
vn 0.8297 -0.3734 -0.4149
vn -0.8297 -0.3734 -0.4149
vn 0.1054 -0.8433 0.5270
vn -0.1367 -0.8748 0.4648
vn 0.1916 -0.8620 0.4693
vn -0.2303 -0.8656 0.4447
vn 0.5959 -0.4256 0.6810
vn -0.5959 -0.4256 0.6810
vn 0.7563 -0.0299 0.6535
vn -0.7563 -0.0299 0.6535
vn 0.8069 0.0689 0.5866
vn -0.8069 0.0689 0.5866
vn 0.2334 -0.7779 0.5834
vn -0.2334 -0.7779 0.5834
vn 0.4177 -0.5751 0.7034
vn -0.3557 -0.7290 0.5848
vn 0.6872 -0.4191 0.5934
vn -0.6872 -0.4191 0.5934
vn 0.5537 -0.2978 0.7777
vn -0.7028 -0.3915 0.5939
vn 0.8227 0.3606 0.4395
vn -0.3127 0.3425 0.8860
vn 0.5041 0.6448 0.5745
vn -0.5091 0.6482 0.5663
vn 0.6155 0.4924 0.6155
vn -0.6155 0.4924 0.6155
vn -0.0371 0.6685 0.7428
vn 0.0486 0.6560 0.7532
vn -0.7386 0.3768 0.5590
vn 0.7104 0.2715 0.6494
vn -0.5774 0.5774 0.5774
vn 0.6013 0.5262 0.6013
vn 0.5364 -0.3230 0.7797
vn -0.5070 -0.6281 0.5903
vn 0.2181 -0.4685 0.8561
vn -0.2181 -0.4685 0.8561
vn -0.1073 -0.5010 0.8588
vn 0.0348 -0.5792 0.8144
vn -0.0770 -0.5759 0.8139
vn 0.0899 -0.7843 0.6138
vn 0.0279 -0.8645 0.5019
vn -0.0547 -0.1695 0.9840
vn 0.1687 -0.3128 0.9347
vn -0.4260 -0.0609 0.9027
vn 0.4350 -0.1812 0.8820
vn -0.3352 -0.1828 0.9243
vn 0.3223 -0.2762 0.9054
vn -0.3579 -0.3068 0.8819
vn 0.4815 -0.2408 0.8427
vn -0.3069 0.2113 0.9280
vn -0.0317 -0.1899 0.9813
vn 0.0317 -0.1899 0.9813
vn 0.1854 -0.4956 0.8485
vn -0.6819 -0.2915 0.6709
vn 0.2623 -0.3498 0.8994
vn -0.2623 -0.3498 0.8994
vn 0.0585 -0.0845 0.9947
vn 0.0066 -0.2316 0.9728
vn -0.0136 -0.6507 0.7592
vn 0.0136 -0.6507 0.7592
vn 0.2404 -0.5476 0.8014
vn -0.2404 -0.5476 0.8014
vn 0.3143 -0.3928 0.8642
vn -0.3128 -0.1662 0.9352
vn 0.2821 -0.0164 0.9592
vn -0.2821 -0.0164 0.9592
vn 0.3273 -0.1432 0.9340
vn -0.3273 -0.1432 0.9340
vn 0.0232 0.0511 0.9984
vn 0.0043 -0.0651 0.9979
vn 0.7826 -0.6087 -0.1304
vn -0.7826 -0.6087 -0.1304
vn 0.9448 0.1919 -0.2657
vn -0.9448 0.1919 -0.2657
vn 0.1018 0.9165 -0.3870
vn -0.0693 0.9004 -0.4294
vn -0.6905 0.5492 0.4708
vn 0.4319 -0.8639 0.2592
vn -0.4071 -0.8956 0.1791
vn -0.6667 0.6667 0.3333
vn 0.6667 0.6667 0.3333
vn 0.1348 0.8086 0.5727
vn -0.1348 0.8086 0.5727
vn 0.7639 0.2971 0.5729
vn -0.7532 0.2870 0.5918
vn 0.4116 -0.8575 0.3087
vn -0.4116 -0.8575 0.3087
vn 0.0375 0.2247 0.9737
vn -0.0502 0.2343 0.9709
vn 0.1304 -0.2609 0.9565
vn -0.1304 -0.2609 0.9565
vn -0.0631 -0.8206 0.5681
vn 0.0631 -0.8206 0.5681
vn 0.7325 0.2817 0.6198
vn -0.7325 0.2817 0.6198
vn 0.3319 0.0738 0.9404
vn -0.5460 -0.4310 0.7184
vn 0.2815 0.0662 0.9573
vn -0.3231 0.0311 0.9459
vn 0.8753 0.2059 0.4376
vn -0.7357 0.3910 0.5531
vn 0.8973 0.1994 0.3938
vn -0.8480 0.3180 0.4240
vn 0.9586 0.0664 0.2767
vn -0.9586 0.0664 0.2767
vn 0.2524 -0.8655 0.4327
vn -0.1783 -0.4161 0.8917
vn -0.1751 -0.2043 0.9631
vn 0.1751 -0.2043 0.9631
vn -0.1219 -0.1829 0.9755
vn 0.1219 -0.1829 0.9755
vn -0.1562 0.3123 0.9370
vn 0.1562 0.3123 0.9370
vn -0.7238 0.6857 0.0762
vn 0.7238 0.6857 0.0762
vn 0.0478 -0.2870 0.9567
vn -0.0478 -0.2870 0.9567
vn -0.5488 -0.3293 0.7683
vn 0.5488 -0.3293 0.7683
vn -0.4945 -0.1130 0.8618
vn 0.4945 -0.1130 0.8618
vn -0.2595 0.1038 0.9601
vn 0.1717 -0.0090 0.9851
vn -0.6684 -0.4595 0.5849
vn 0.4332 -0.4874 0.7581
vn -0.1156 -0.6359 0.7631
vn 0.1156 -0.6359 0.7631
vn 0.4242 -0.6211 0.6590
vn -0.4242 -0.6211 0.6590
vn 0.4767 -0.3557 0.8039
vn -0.4767 -0.3557 0.8039
vn 0.5871 -0.0839 0.8052
vn -0.5871 -0.0839 0.8052
vn 0.5774 0.1155 0.8083
vn -0.5657 0.1197 0.8159
vn 0.5214 0.6574 0.5441
vn -0.4082 0.4082 0.8165
vn 0.3358 0.3478 0.8754
vn -0.3358 0.3478 0.8754
vn 0.1452 0.3774 0.9146
vn -0.1452 0.3774 0.9146
vn 0.0301 0.2306 0.9726
vn -0.0301 0.2306 0.9726
vn 0.3553 -0.5739 0.7379
vn -0.2804 -0.2181 0.9348
vn 0.2627 -0.2252 0.9382
vn -0.2627 -0.2252 0.9382
vn -0.0631 -0.3156 0.9468
vn 0.3766 -0.8339 0.4035
vn -0.2016 -0.9071 0.3696
vn -0.0823 -0.7822 0.6175
vn -0.3356 -0.2397 0.9110
vn 0.3356 -0.2397 0.9110
vn -0.4568 0.0508 0.8881
vn 0.2692 -0.0577 0.9614
vn -0.0247 0.4072 0.9130
vn 0.0247 0.4072 0.9130
vn -0.0487 0.6815 0.7302
vn 0.0213 0.5546 0.8319
vn 0.3378 0.5221 0.7831
vn -0.3778 0.6342 0.6746
vn 0.7895 -0.3158 0.5263
vn -0.7895 -0.3158 0.5263
vn 0.8070 -0.0807 0.5851
vn -0.8070 -0.0807 0.5851
vn 0.7868 0.1210 0.6052
vn -0.7868 0.1210 0.6052
vn -0.6357 0.6811 -0.3633
vn 0.6357 0.6811 -0.3633
vn -0.8507 0.3650 -0.3783
vn 0.8507 0.3650 -0.3783
vn -0.2197 0.8626 -0.4557
vn 0.2664 0.8710 -0.4127
vn 0.5914 0.7489 -0.2991
vn -0.5932 0.7445 -0.3063
vn 0.3653 0.8833 -0.2938
vn -0.3714 0.8685 -0.3284
vn 0.2760 0.9159 -0.2915
vn -0.2760 0.9159 -0.2915
vn 0.7964 0.1323 -0.5901
vn -0.8873 0.1343 -0.4412
vn 0.5442 -0.7524 -0.3712
vn -0.5442 -0.7524 -0.3712
vn 0.4027 -0.7323 -0.5492
vn -0.4027 -0.7323 -0.5492
vn 0.1649 -0.6644 -0.7289
vn -0.3617 -0.3858 -0.8487
vn 0.3011 -0.0125 -0.9535
vn -0.1952 -0.0976 -0.9759
vn 0.2562 -0.3112 -0.9152
vn 0.0107 -0.5633 -0.8262
vn 0.0779 -0.9948 -0.0663
vn -0.0779 -0.9948 -0.0663
vn 0.1094 -0.9718 -0.2089
vn -0.1094 -0.9718 -0.2089
vn 0.8150 -0.5621 -0.1405
vn -0.8150 -0.5621 -0.1405
vn 0.9358 0.1396 -0.3236
vn -0.9358 0.1396 -0.3236
vn 0.1132 -0.0274 -0.9932
vn -0.1132 -0.0274 -0.9932
vn -0.1497 -0.3635 -0.9195
vn -0.1211 -0.0530 -0.9912
vn 0.3706 -0.6780 -0.6349
vn -0.9094 0.1371 -0.3927
vn 0.9193 0.1393 -0.3682
vn -0.9193 0.1393 -0.3682
vn 0.9457 0.2673 -0.1850
vn -0.9173 0.3440 -0.2007
vn 0.9337 0.2813 -0.2215
vn -0.9004 0.3642 -0.2380
vn 0.9501 0.2455 -0.1922
vn -0.8945 0.4337 0.1084
vn 0.1835 -0.7864 -0.5898
vn -0.1596 -0.9577 -0.2394
vn 0.3727 -0.4759 -0.7966
vn -0.3693 -0.4712 -0.8010
vn 0.3263 -0.8342 -0.4446
vn -0.2986 -0.8236 -0.4821
vn 0.2620 -0.9574 -0.1217
vn -0.2620 -0.9574 -0.1217
vn 0.2996 -0.9443 -0.1362
vn -0.2996 -0.9443 -0.1362
vn 0.8642 -0.4737 0.1696
vn -0.8305 0.3333 -0.4463
vn 0.6869 -0.6358 0.3521
vn -0.6869 -0.6358 0.3521
vn 0.4189 -0.2265 -0.8793
vn -0.2950 -0.0454 -0.9544
vn 0.1119 0.9626 0.2468
vn -0.1272 0.9658 0.2260
vn 0.1208 0.9734 -0.1947
vn -0.1208 0.9734 -0.1947
vn 0.3140 0.5711 -0.7585
vn -0.3140 0.5711 -0.7585
vn 0.3231 0.9288 -0.1817
vn -0.3231 0.9288 -0.1817
vn 0.0452 0.7955 0.6043
vn -0.0452 0.7955 0.6043
vn 0.6144 0.7696 0.1738
vn -0.6144 0.7696 0.1738
vn 0.6935 0.6857 -0.2212
vn -0.6935 0.6857 -0.2212
vn 0.6304 0.2517 -0.7343
vn -0.7104 0.1364 -0.6904
vn 0.3179 0.5704 -0.7574
vn -0.3179 0.5704 -0.7574
vn 0.6289 0.7624 -0.1525
vn -0.6289 0.7624 -0.1525
vn 0.7088 0.6833 0.1752
vn -0.7088 0.6833 0.1752
vn 0.6885 0.3830 0.6158
vn -0.6885 0.3830 0.6158
vn 0.3238 0.9434 -0.0720
vn -0.3669 0.8840 -0.2898
vn 0.1548 0.5080 0.8473
vn -0.2854 0.6237 0.7277
vn -0.1819 0.1145 -0.9766
vn 0.1819 0.1145 -0.9766
vn -0.2638 0.9462 -0.1871
vn 0.2638 0.9462 -0.1871
vn 0.9340 0.2255 0.2773
vn -0.8681 0.0893 -0.4883
vn 0.9758 0.1241 0.1800
vn -0.9758 0.1241 0.1800
vn 0.9613 0.1472 -0.2330
vn -0.9613 0.1472 -0.2330
vn 0.9956 0.0893 -0.0288
vn -0.9817 -0.0304 -0.1882
vn 0.6374 -0.7651 0.0915
vn -0.7466 -0.6646 0.0285
vn 0.3720 -0.9244 0.0845
vn -0.3723 -0.9243 0.0847
vn 0.5281 -0.8354 0.1522
vn -0.5281 -0.8354 0.1522
vn 0.3070 -0.5237 0.7946
vn -0.3070 -0.5237 0.7946
vn 0.5236 -0.3290 -0.7859
vn -0.5881 -0.3070 -0.7483
vn 0.5396 -0.3343 -0.7727
vn -0.4694 -0.2400 -0.8498
vn 0.2144 -0.8341 -0.5082
vn -0.4463 -0.8452 -0.2941
vn 0.7365 -0.6154 -0.2808
vn -0.6973 -0.6610 -0.2771
vn 0.3244 0.4867 0.8111
vn -0.3691 0.2855 0.8844
vn 0.4649 0.2593 0.8465
vn -0.4649 0.2593 0.8465
vn 0.1817 -0.0079 0.9833
vn -0.3188 0.1993 0.9266
vn 0.2925 -0.0758 0.9533
vn -0.2076 -0.0836 0.9746
vn 0.5847 -0.2198 0.7809
vn -0.3398 0.0824 0.9369
vn 0.6509 -0.1939 0.7340
vn -0.6509 -0.1939 0.7340
vn 0.4075 0.7506 0.5201
vn -0.4075 0.7506 0.5201
vn -0.2655 0.8296 0.4911
vn 0.2655 0.8296 0.4911
vn -0.7885 0.2366 0.5677
vn 0.8576 0.2223 0.4637
vn -0.5242 -0.3548 0.7742
vn 0.5257 -0.3579 0.7717
vn 0.4390 -0.5252 0.7290
vn -0.4663 -0.5991 0.6509
vn 0.6888 -0.4428 0.5740
vn -0.6888 -0.4428 0.5740
vn 0.6302 -0.7658 0.1282
vn -0.7507 -0.6131 -0.2461
vn -0.2175 0.2733 0.9370
vn 0.1788 0.2923 0.9395
vn 0.9046 -0.3869 -0.1792
vn -0.9046 -0.3869 -0.1792
vn 0.1782 -0.0891 0.9800
vn -0.1782 -0.0891 0.9800
vn -0.2335 0.8972 0.3749
vn 0.2335 0.8972 0.3749
vn 0.7177 0.1689 0.6755
vn -0.4480 -0.4480 0.7737
vn 0.5313 0.5844 0.6134
vn -0.5313 0.5844 0.6134
vn 0.9008 -0.4075 0.1501
vn -0.5534 -0.5534 0.6225
vn 0.5815 -0.5217 0.6243
vn -0.5724 -0.3122 0.7582
vn 0.6138 -0.2571 0.7465
vn -0.5597 -0.5533 0.6169
vn 0.8779 -0.4788 0.0076
vn -0.8779 -0.4788 0.0076
vn 0.8717 -0.4446 -0.2063
vn -0.9227 -0.3765 -0.0825
vn 0.7661 -0.6363 0.0909
vn -0.7661 -0.6363 0.0909
vn 0.7930 -0.5947 0.1322
vn -0.7815 -0.6176 0.0882
vn 0.2408 0.9631 -0.1204
vn -0.1240 0.9921 0.0207
vn 0.9251 0.3469 0.1542
vn -0.9435 0.3145 0.1048
vn 0.7071 -0.7071 -0.0000
vn -0.7071 -0.7071 -0.0000
vn -0.0157 0.9898 0.1414
vn 0.0157 0.9898 0.1414
vn 0.6266 -0.7211 0.2956
vn -0.6266 -0.7211 0.2956
vn 0.2714 -0.9022 0.3353
vn -0.2714 -0.9022 0.3353
vn -0.8651 -0.4853 -0.1266
vn 0.8651 -0.4853 -0.1266
vn -0.8538 0.2328 -0.4657
vn 0.8096 0.2429 -0.5343
vn -0.5433 0.6985 -0.4657
vn 0.5621 0.8231 -0.0803
vn -0.1096 0.9939 -0.0157
vn 0.0071 0.9899 0.1414
vn 0.1738 0.0097 0.9847
vn -0.1046 0.0392 0.9937
vn 0.4134 0.0413 0.9096
vn -0.2461 0.0852 0.9655
vn 0.3228 -0.0461 0.9453
vn -0.3228 -0.0461 0.9453
vn 0.1220 0.0458 0.9915
vn -0.2104 0.0124 0.9775
vn 0.5679 0.1916 0.8005
vn -0.5679 0.1916 0.8005
vn 0.4244 -0.0320 0.9049
vn -0.3787 -0.0364 0.9248
vn 0.2570 0.0723 0.9637
vn -0.2530 -0.1897 0.9487
vn 0.1351 -0.0225 0.9906
vn -0.1351 -0.0225 0.9906
vn -0.2981 0.7454 0.5963
vn 0.4870 0.6088 0.6262
vn 0.5571 -0.1486 0.8171
vn -0.5571 -0.1486 0.8171
vn 0.4723 -0.1986 0.8588
vn -0.4388 -0.2008 0.8759
vn 0.2975 -0.4062 0.8640
vn -0.5786 -0.1334 0.8046
vn 0.5771 0.2164 0.7875
vn -0.5771 0.2164 0.7875
vn 0.0931 -0.9932 -0.0692
vn -0.0931 -0.9932 -0.0692
vn 0.5161 -0.8527 -0.0812
vn -0.5161 -0.8527 -0.0812
vn 0.9264 -0.2460 0.2851
vn -0.9309 -0.2541 0.2624
vn 0.8267 0.5627 -0.0035
vn -0.8465 0.5291 -0.0595
vn -0.2146 0.9243 -0.3157
vn 0.2511 0.9439 -0.2145
vn -0.4196 0.8851 -0.2012
vn 0.4841 0.8743 -0.0361
vn -0.5470 -0.0144 -0.8370
vn 0.5256 -0.0030 -0.8507
vn -0.2556 -0.0749 -0.9639
vn 0.2556 -0.0749 -0.9639
vn -0.7330 0.6786 0.0472
vn 0.8073 0.5901 0.0041
vn 0.6844 -0.1711 -0.7088
vn -0.6844 -0.1711 -0.7088
vn -0.3604 -0.8283 -0.4290
vn 0.3604 -0.8283 -0.4290
vn 0.0286 -0.9565 -0.2902
vn 0.0976 0.0976 -0.9904
vn 0.0975 -0.0976 -0.9904
vn 0.0286 0.9566 -0.2902
vn 0.0846 0.9566 -0.2790
vn 0.1375 0.9565 -0.2571
vn 0.2231 0.8810 -0.4173
vn 0.2231 -0.8810 -0.4173
vn 0.6314 -0.0976 -0.7693
vn 0.1850 0.9566 -0.2254
vn 0.2254 0.9566 -0.1850
vn 0.4173 -0.8810 -0.2231
vn 0.8777 -0.0975 -0.4691
vn 0.4173 0.8810 -0.2231
vn 0.9904 0.0975 -0.0976
vn 0.9904 -0.0975 -0.0975
vn 0.9904 0.0975 0.0975
vn 0.9904 -0.0975 0.0976
vn 0.2790 0.9566 0.0846
vn 0.4173 -0.8810 0.2231
vn 0.8777 0.0975 0.4691
vn 0.8777 -0.0975 0.4692
vn 0.4173 0.8810 0.2230
vn 0.2254 -0.9565 0.1850
vn 0.2254 0.9566 0.1850
vn 0.1374 0.9566 0.2571
vn 0.2230 0.8810 0.4173
vn 0.2230 -0.8810 0.4173
vn 0.1374 -0.9566 0.2571
vn 0.0286 -0.9565 0.2902
vn -0.0975 0.0975 0.9904
vn -0.0976 -0.0975 0.9904
vn -0.2231 -0.8810 0.4173
vn -0.1374 -0.9566 0.2571
vn -0.4692 -0.0975 0.8777
vn -0.1374 0.9565 0.2571
vn -0.2230 0.8810 0.4173
vn -0.2254 0.9565 0.1850
vn -0.4173 -0.8810 0.2231
vn -0.4173 0.8810 0.2230
vn -0.9904 -0.0975 0.0975
vn -0.9904 0.0975 -0.0975
vn -0.9904 -0.0975 -0.0976
vn -0.2790 -0.9565 -0.0846
vn -0.2790 0.9566 -0.0846
vn -0.2231 -0.8810 -0.4173
vn -0.1374 0.9566 -0.2571
vn -0.2230 0.8810 -0.4173
vt 0.000188 0.999812
vt 0.036161 0.963839
vt 0.036161 0.999812
vt 0.036537 0.999812
vt 0.072509 0.963839
vt 0.072509 0.999812
vt 0.072886 0.999812
vt 0.108858 0.963839
vt 0.108858 0.999812
vt 0.109234 0.999812
vt 0.145207 0.963839
vt 0.145207 0.999812
vt 0.181556 0.999812
vt 0.145583 0.963839
vt 0.181556 0.963839
vt 0.217905 0.999812
vt 0.181932 0.963839
vt 0.217905 0.963839
vt 0.641981 0.967088
vt 0.639345 0.967395
vt 0.640612 0.965258
vt 0.627436 0.971837
vt 0.627339 0.969147
vt 0.629431 0.969854
vt 0.637286 0.966509
vt 0.638947 0.963839
vt 0.628806 0.972853
vt 0.631280 0.970340
vt 0.637286 0.970352
vt 0.774913 0.967339
vt 0.773214 0.964136
vt 0.774913 0.963839
vt 0.641306 0.968184
vt 0.639335 0.970344
vt 0.624630 0.971777
vt 0.626316 0.970203
vt 0.641317 0.969847
vt 0.640539 0.972357
vt 0.677081 0.966961
vt 0.679139 0.968441
vt 0.677587 0.969771
vt 0.638834 0.973032
vt 0.675072 0.967041
vt 0.675758 0.970692
vt 0.645214 0.969804
vt 0.644815 0.972841
vt 0.643508 0.971925
vt 0.677489 0.964437
vt 0.675709 0.963839
vt 0.642357 0.970323
vt 0.678910 0.966971
vt 0.643230 0.969196
vt 0.645064 0.966911
vt 0.687416 0.967450
vt 0.688610 0.969184
vt 0.687301 0.970228
vt 0.646889 0.970159
vt 0.685572 0.970785
vt 0.685572 0.967163
vt 0.643392 0.964931
vt 0.646821 0.966375
vt 0.687465 0.964880
vt 0.685631 0.963839
vt 0.642357 0.966536
vt 0.643217 0.967552
vt 0.626215 0.966361
vt 0.624630 0.964780
vt 0.627368 0.964837
vt 0.674373 0.967230
vt 0.673322 0.964577
vt 0.674696 0.965790
vt 0.627381 0.967504
vt 0.629362 0.966953
vt 0.672714 0.967187
vt 0.671347 0.963839
vt 0.628657 0.963839
vt 0.631291 0.966555
vt 0.672764 0.969966
vt 0.670571 0.967214
vt 0.674432 0.968781
vt 0.674696 0.968853
vt 0.812517 0.965699
vt 0.812515 0.967107
vt 0.812177 0.965665
vt 0.784936 0.965191
vt 0.785278 0.963839
vt 0.785580 0.963981
vt 0.812817 0.964096
vt 0.812381 0.963839
vt 0.784860 0.966728
vt 0.784432 0.965140
vt 0.688660 0.967631
vt 0.689033 0.966115
vt 0.689043 0.967647
vt 0.785580 0.967860
vt 0.784414 0.966861
vt 0.688971 0.969396
vt 0.809994 0.964081
vt 0.809294 0.965410
vt 0.809564 0.963839
vt 0.804817 0.965427
vt 0.803852 0.964105
vt 0.804217 0.963839
vt 0.809744 0.965455
vt 0.809525 0.967031
vt 0.804236 0.967009
vt 0.804443 0.965499
vt 0.808077 0.966714
vt 0.808918 0.965370
vt 0.808449 0.966872
vt 0.818371 0.965354
vt 0.818784 0.966796
vt 0.818371 0.967066
vt 0.808607 0.965386
vt 0.808306 0.963839
vt 0.818393 0.963839
vt 0.818681 0.965303
vt 0.779275 0.966207
vt 0.777477 0.965292
vt 0.778139 0.964081
vt 0.721167 0.966910
vt 0.720124 0.968121
vt 0.718876 0.966043
vt 0.777679 0.967156
vt 0.718321 0.968121
vt 0.749946 0.966082
vt 0.750820 0.968070
vt 0.749475 0.968181
vt 0.717175 0.966878
vt 0.751862 0.966869
vt 0.717130 0.965181
vt 0.751791 0.965044
vt 0.718266 0.963894
vt 0.750868 0.963839
vt 0.719887 0.963839
vt 0.749475 0.963899
vt 0.721215 0.965137
vt 0.779275 0.963839
vt 0.593116 0.968140
vt 0.591166 0.970471
vt 0.591706 0.967411
vt 0.591943 0.973280
vt 0.592435 0.970830
vt 0.593560 0.966981
vt 0.592132 0.964748
vt 0.591885 0.974324
vt 0.590422 0.973040
vt 0.593044 0.963998
vt 0.526972 0.978172
vt 0.529974 0.978104
vt 0.529288 0.978897
vt 0.595888 0.963839
vt 0.595221 0.966398
vt 0.527438 0.976704
vt 0.529908 0.974693
vt 0.553753 0.971295
vt 0.557791 0.971036
vt 0.557144 0.973510
vt 0.527301 0.974634
vt 0.529974 0.970033
vt 0.507234 0.979443
vt 0.509461 0.975340
vt 0.512049 0.980324
vt 0.386780 0.989725
vt 0.391524 0.989643
vt 0.389748 0.993245
vt 0.506691 0.971389
vt 0.506342 0.975318
vt 0.761313 0.966136
vt 0.758632 0.963839
vt 0.761312 0.963839
vt 0.509556 0.967909
vt 0.508910 0.970955
vt 0.479707 0.966753
vt 0.483389 0.968516
vt 0.481796 0.969164
vt 0.511085 0.963839
vt 0.506342 0.966543
vt 0.476394 0.963839
vt 0.476869 0.966375
vt 0.455696 0.983305
vt 0.454043 0.984431
vt 0.453122 0.983126
vt 0.474790 0.966197
vt 0.476021 0.967683
vt 0.460037 0.983658
vt 0.455491 0.985409
vt 0.471812 0.969685
vt 0.472636 0.971663
vt 0.463276 0.985919
vt 0.460433 0.985800
vt 0.470474 0.973590
vt 0.670195 0.966154
vt 0.666890 0.965238
vt 0.668942 0.963839
vt 0.468295 0.975041
vt 0.470388 0.975490
vt 0.668805 0.970341
vt 0.667754 0.966746
vt 0.664623 0.968052
vt 0.666374 0.964635
vt 0.666514 0.968398
vt 0.668888 0.971925
vt 0.666890 0.970484
vt 0.664523 0.969640
vt 0.666102 0.970662
vt 0.516154 0.973293
vt 0.517614 0.976097
vt 0.516190 0.975141
vt 0.473065 0.974487
vt 0.473152 0.977650
vt 0.518705 0.970942
vt 0.519122 0.972883
vt 0.516775 0.969744
vt 0.515706 0.971978
vt 0.514612 0.970693
vt 0.699642 0.966723
vt 0.697494 0.966147
vt 0.699798 0.963839
vt 0.513549 0.966881
vt 0.512571 0.968463
vt 0.699798 0.971860
vt 0.697728 0.968054
vt 0.511932 0.966252
vt 0.511456 0.968510
vt 0.698961 0.973250
vt 0.697927 0.971282
vt 0.510482 0.969710
vt 0.477738 0.968146
vt 0.510144 0.972918
vt 0.479560 0.968775
vt 0.510602 0.975211
vt 0.482589 0.973293
vt 0.481132 0.971463
vt 0.481258 0.982750
vt 0.477926 0.985235
vt 0.477424 0.982652
vt 0.482428 0.978905
vt 0.481434 0.973701
vt 0.479167 0.979560
vt 0.479324 0.976404
vt 0.515187 0.976695
vt 0.475332 0.977059
vt 0.474002 0.979287
vt 0.514766 0.979468
vt 0.514157 0.977379
vt 0.476372 0.979314
vt 0.476984 0.977204
vt 0.476804 0.981952
vt 0.478339 0.976906
vt 0.594118 0.970061
vt 0.593672 0.972019
vt 0.595089 0.969158
vt 0.594251 0.972829
vt 0.596801 0.969038
vt 0.524680 0.976484
vt 0.520583 0.968389
vt 0.521211 0.973025
vt 0.519498 0.972708
vt 0.524869 0.973927
vt 0.527167 0.970013
vt 0.596905 0.966401
vt 0.597214 0.968801
vt 0.524665 0.974444
vt 0.523915 0.967203
vt 0.522322 0.968965
vt 0.522676 0.966189
vt 0.524760 0.969567
vt 0.523541 0.969266
vt 0.523060 0.973339
vt 0.521251 0.973601
vt 0.522835 0.974842
vt 0.731380 0.964623
vt 0.731215 0.965568
vt 0.730490 0.965535
vt 0.794888 0.964947
vt 0.795543 0.963996
vt 0.795537 0.965290
vt 0.800511 0.964743
vt 0.801323 0.966330
vt 0.800534 0.966117
vt 0.802703 0.966675
vt 0.803110 0.965507
vt 0.803476 0.966554
vt 0.819160 0.964937
vt 0.819931 0.963876
vt 0.819931 0.965483
vt 0.802578 0.964317
vt 0.802342 0.965493
vt 0.793488 0.964424
vt 0.792573 0.963839
vt 0.793544 0.964043
vt 0.811274 0.965189
vt 0.810370 0.964333
vt 0.811245 0.963839
vt 0.730540 0.967321
vt 0.729918 0.967120
vt 0.794880 0.966739
vt 0.731224 0.967298
vt 0.730962 0.968570
vt 0.731576 0.968340
vt 0.792655 0.965192
vt 0.792220 0.964744
vt 0.811800 0.964198
vt 0.801456 0.963839
vt 0.801773 0.964960
vt 0.801167 0.964716
vt 0.789885 0.965155
vt 0.790380 0.964340
vt 0.790501 0.965485
vt 0.788928 0.966265
vt 0.788677 0.965683
vt 0.732028 0.964788
vt 0.731787 0.965838
vt 0.794576 0.964826
vt 0.794705 0.963839
vt 0.793815 0.966498
vt 0.793815 0.964730
vt 0.789847 0.964378
vt 0.732548 0.966983
vt 0.732422 0.965357
vt 0.732127 0.968860
vt 0.482435 0.980360
vt 0.737770 0.967060
vt 0.735542 0.965816
vt 0.736650 0.963839
vt 0.482095 0.981950
vt 0.483389 0.982974
vt 0.735542 0.969313
vt 0.736223 0.967356
vt 0.730719 0.963839
vt 0.525358 0.966851
vt 0.526967 0.966280
vt 0.527027 0.967570
vt 0.521419 0.966186
vt 0.551670 0.970115
vt 0.554661 0.968498
vt 0.529582 0.967610
vt 0.550745 0.969453
vt 0.552831 0.967257
vt 0.529380 0.966427
vt 0.549848 0.968612
vt 0.551870 0.966608
vt 0.528989 0.965226
vt 0.595832 0.970924
vt 0.596358 0.969306
vt 0.595687 0.972243
vt 0.595539 0.970827
vt 0.771404 0.965256
vt 0.772721 0.964353
vt 0.771837 0.965363
vt 0.594527 0.972405
vt 0.771463 0.966579
vt 0.771879 0.966619
vt 0.593822 0.971654
vt 0.772042 0.967497
vt 0.772243 0.967307
vt 0.772807 0.967806
vt 0.814716 0.965066
vt 0.815181 0.965845
vt 0.814423 0.965830
vt 0.798444 0.966179
vt 0.797465 0.966828
vt 0.797421 0.966179
vt 0.815467 0.963981
vt 0.815473 0.965081
vt 0.797362 0.965089
vt 0.821306 0.965104
vt 0.820492 0.964038
vt 0.821306 0.963839
vt 0.797465 0.964177
vt 0.798617 0.964927
vt 0.595474 0.968832
vt 0.815849 0.965455
vt 0.816899 0.964132
vt 0.816899 0.965747
vt 0.776579 0.965459
vt 0.775427 0.965007
vt 0.777101 0.963839
vt 0.775427 0.966514
vt 0.777101 0.966853
vt 0.822100 0.963839
vt 0.822100 0.965845
vt 0.821682 0.964821
vt 0.776086 0.967141
vt 0.475741 0.981289
vt 0.476452 0.982459
vt 0.475452 0.982064
vt 0.748298 0.966355
vt 0.747857 0.965068
vt 0.748602 0.965390
vt 0.474163 0.980904
vt 0.474062 0.981907
vt 0.748404 0.963839
vt 0.749099 0.964580
vt 0.472562 0.982111
vt 0.472095 0.981184
vt 0.474535 0.975623
vt 0.475742 0.976381
vt 0.747657 0.967417
vt 0.748523 0.967380
vt 0.512558 0.977279
vt 0.511624 0.974865
vt 0.513198 0.976840
vt 0.749099 0.970025
vt 0.511267 0.972898
vt 0.480439 0.971969
vt 0.480669 0.973872
vt 0.511194 0.970426
vt 0.479243 0.969738
vt 0.512166 0.969497
vt 0.477665 0.969352
vt 0.754899 0.968728
vt 0.755853 0.969439
vt 0.755271 0.970230
vt 0.476220 0.968605
vt 0.476482 0.969558
vt 0.755000 0.965634
vt 0.755495 0.968358
vt 0.474400 0.971498
vt 0.475106 0.972228
vt 0.755500 0.964395
vt 0.756156 0.965657
vt 0.474144 0.973304
vt 0.470207 0.983215
vt 0.471448 0.982838
vt 0.471002 0.983637
vt 0.474006 0.974428
vt 0.473276 0.973123
vt 0.470727 0.982176
vt 0.712982 0.969715
vt 0.712975 0.968357
vt 0.713348 0.968360
vt 0.474439 0.974324
vt 0.474887 0.975116
vt 0.713175 0.967234
vt 0.712806 0.967356
vt 0.474541 0.973320
vt 0.712589 0.966207
vt 0.713004 0.966135
vt 0.764371 0.963839
vt 0.764836 0.965330
vt 0.764144 0.964154
vt 0.710919 0.964376
vt 0.711294 0.963839
vt 0.765285 0.965228
vt 0.764721 0.967794
vt 0.746111 0.964672
vt 0.747281 0.964347
vt 0.746630 0.965053
vt 0.765139 0.969007
vt 0.764570 0.968776
vt 0.746237 0.966252
vt 0.745619 0.966255
vt 0.764144 0.969512
vt 0.746035 0.968542
vt 0.746502 0.968421
vt 0.478817 0.970095
vt 0.480077 0.972019
vt 0.747281 0.969585
vt 0.746978 0.969954
vt 0.480244 0.973654
vt 0.786321 0.968407
vt 0.786451 0.965980
vt 0.786934 0.965951
vt 0.478984 0.975827
vt 0.786645 0.964884
vt 0.786161 0.964913
vt 0.478206 0.976692
vt 0.477980 0.976194
vt 0.711801 0.970385
vt 0.712463 0.969338
vt 0.475787 0.975938
vt 0.712144 0.970742
vt 0.710919 0.970823
vt 0.476996 0.976120
vt 0.786552 0.963839
vt 0.785956 0.964084
vt 0.477060 0.976778
vt 0.655623 0.971793
vt 0.658116 0.970024
vt 0.657991 0.972220
vt 0.662299 0.968047
vt 0.662091 0.970065
vt 0.655433 0.970241
vt 0.657116 0.966801
vt 0.662091 0.964248
vt 0.655347 0.963839
vt 0.654319 0.966680
vt 0.544338 0.965371
vt 0.547539 0.966118
vt 0.546096 0.967575
vt 0.462572 0.981519
vt 0.464274 0.983561
vt 0.543082 0.969419
vt 0.544990 0.971035
vt 0.458947 0.981616
vt 0.541403 0.973666
vt 0.543574 0.974850
vt 0.452973 0.980935
vt 0.455082 0.981169
vt 0.542622 0.976924
vt 0.623576 0.968507
vt 0.620532 0.965252
vt 0.622139 0.963839
vt 0.542821 0.980337
vt 0.544389 0.980185
vt 0.622381 0.973175
vt 0.622174 0.969110
vt 0.385645 0.984604
vt 0.381005 0.983278
vt 0.382048 0.982204
vt 0.624253 0.972996
vt 0.622040 0.976136
vt 0.388288 0.986701
vt 0.384739 0.986805
vt 0.560296 0.969113
vt 0.562066 0.966908
vt 0.561957 0.969302
vt 0.399285 0.988009
vt 0.397714 0.989283
vt 0.396462 0.986541
vt 0.565825 0.967813
vt 0.566015 0.970422
vt 0.564901 0.972173
vt 0.561245 0.970784
vt 0.569441 0.967971
vt 0.569559 0.970516
vt 0.568364 0.973058
vt 0.589786 0.969501
vt 0.590463 0.966627
vt 0.692371 0.971016
vt 0.689895 0.969056
vt 0.692004 0.968559
vt 0.783897 0.966152
vt 0.782127 0.964581
vt 0.784038 0.963839
vt 0.689737 0.966863
vt 0.691907 0.966052
vt 0.569725 0.963839
vt 0.569235 0.965539
vt 0.565616 0.965140
vt 0.689419 0.965709
vt 0.692371 0.963839
vt 0.554782 0.975647
vt 0.552042 0.973663
vt 0.650539 0.972259
vt 0.647266 0.971187
vt 0.650539 0.969364
vt 0.561999 0.964528
vt 0.563717 0.974103
vt 0.560357 0.972279
vt 0.567080 0.975713
vt 0.559575 0.966110
vt 0.559551 0.963839
vt 0.395501 0.989098
vt 0.550314 0.972235
vt 0.647289 0.967825
vt 0.650262 0.967372
vt 0.549614 0.971263
vt 0.650016 0.966202
vt 0.648109 0.964962
vt 0.649494 0.965163
vt 0.647936 0.965931
vt 0.548965 0.969361
vt 0.649077 0.964191
vt 0.620532 0.979736
vt 0.623101 0.976598
vt 0.621249 0.979767
vt 0.391822 0.988523
vt 0.388319 0.988056
vt 0.434122 0.976786
vt 0.426821 0.976584
vt 0.429468 0.971939
vt 0.396389 0.967743
vt 0.403299 0.970553
vt 0.397505 0.971254
vt 0.432218 0.980460
vt 0.425797 0.981606
vt 0.402902 0.977101
vt 0.397797 0.977020
vt 0.484088 0.983363
vt 0.490189 0.979526
vt 0.491526 0.983273
vt 0.396517 0.984764
vt 0.399733 0.986329
vt 0.491633 0.980066
vt 0.492748 0.983363
vt 0.549009 0.974242
vt 0.393299 0.988172
vt 0.493348 0.965166
vt 0.487572 0.968490
vt 0.488547 0.963839
vt 0.387018 0.979033
vt 0.382699 0.976296
vt 0.440243 0.972861
vt 0.435442 0.965542
vt 0.428752 0.963839
vt 0.425748 0.970211
vt 0.461798 0.974535
vt 0.467459 0.968244
vt 0.467919 0.975009
vt 0.408507 0.983506
vt 0.406816 0.973521
vt 0.411036 0.980057
vt 0.407902 0.963839
vt 0.413068 0.968394
vt 0.415263 0.976644
vt 0.440808 0.963839
vt 0.423849 0.973572
vt 0.420341 0.965304
vt 0.453254 0.978751
vt 0.454721 0.977519
vt 0.545122 0.977261
vt 0.546916 0.976195
vt 0.453562 0.974338
vt 0.456910 0.972315
vt 0.502357 0.985876
vt 0.499334 0.982600
vt 0.504733 0.983304
vt 0.453233 0.969886
vt 0.456445 0.967770
vt 0.417935 0.984665
vt 0.413749 0.984290
vt 0.416022 0.981475
vt 0.451174 0.966131
vt 0.454455 0.963839
vt 0.421551 0.982045
vt 0.419637 0.978762
vt 0.441313 0.976741
vt 0.447064 0.977723
vt 0.443086 0.980291
vt 0.425054 0.977175
vt 0.446504 0.973709
vt 0.459347 0.963839
vt 0.461505 0.968886
vt 0.505966 0.978386
vt 0.458276 0.979619
vt 0.546963 0.972235
vt 0.497195 0.963839
vt 0.505417 0.970588
vt 0.498433 0.969944
vt 0.499413 0.978491
vt 0.724375 0.969807
vt 0.721760 0.964847
vt 0.724375 0.963839
vt 0.710344 0.966023
vt 0.707424 0.970329
vt 0.707424 0.963839
vt 0.462328 0.982866
vt 0.464857 0.981567
vt 0.732924 0.964434
vt 0.735166 0.969429
vt 0.734020 0.969102
vt 0.770470 0.966043
vt 0.768430 0.966639
vt 0.768430 0.963839
vt 0.771028 0.964270
vt 0.449724 0.980716
vt 0.547539 0.983038
vt 0.448352 0.974877
vt 0.497195 0.988655
vt 0.498492 0.983893
vt 0.448943 0.972683
vt 0.421053 0.986585
vt 0.415840 0.987400
vt 0.448828 0.969936
vt 0.447552 0.966210
vt 0.707048 0.968045
vt 0.703942 0.965376
vt 0.707048 0.963839
vt 0.483765 0.978190
vt 0.490156 0.974414
vt 0.391876 0.982254
vt 0.394490 0.976598
vt 0.484524 0.971746
vt 0.391342 0.976306
vt 0.493959 0.969320
vt 0.495257 0.972587
vt 0.494871 0.977799
vt 0.496819 0.976742
vt 0.495903 0.977263
vt 0.791844 0.967964
vt 0.790878 0.967964
vt 0.791429 0.963839
vt 0.438091 0.982501
vt 0.391486 0.971018
vt 0.389398 0.966054
vt 0.393987 0.969393
vt 0.434030 0.984616
vt 0.437130 0.985725
vt 0.430710 0.984339
vt 0.436058 0.979605
vt 0.788301 0.966059
vt 0.787310 0.964770
vt 0.788047 0.963839
vt 0.530350 0.970907
vt 0.531412 0.968697
vt 0.531338 0.971015
vt 0.805194 0.963839
vt 0.806037 0.966667
vt 0.805194 0.967021
vt 0.532709 0.965325
vt 0.530539 0.967867
vt 0.532071 0.963839
vt 0.653633 0.965322
vt 0.650915 0.966434
vt 0.653493 0.963839
vt 0.536034 0.963839
vt 0.535737 0.965386
vt 0.651950 0.967441
vt 0.650915 0.971360
vt 0.539558 0.966937
vt 0.538537 0.967884
vt 0.600552 0.968232
vt 0.599746 0.972545
vt 0.599933 0.967148
vt 0.539705 0.972362
vt 0.538631 0.972145
vt 0.602948 0.976641
vt 0.602305 0.978020
vt 0.537086 0.976607
vt 0.537685 0.977995
vt 0.745242 0.968308
vt 0.744472 0.965665
vt 0.745242 0.964258
vt 0.536944 0.974810
vt 0.651879 0.971351
vt 0.653814 0.973639
vt 0.653224 0.974404
vt 0.725736 0.970411
vt 0.726079 0.967351
vt 0.726705 0.971317
vt 0.652596 0.968244
vt 0.725810 0.964536
vt 0.725314 0.967204
vt 0.653943 0.966706
vt 0.798993 0.964865
vt 0.800135 0.966671
vt 0.799097 0.966990
vt 0.607825 0.967540
vt 0.609783 0.964711
vt 0.609428 0.968308
vt 0.532669 0.968575
vt 0.533849 0.965784
vt 0.607558 0.969458
vt 0.532491 0.970554
vt 0.485879 0.968344
vt 0.387663 0.976451
vt 0.388761 0.975024
vt 0.763767 0.967038
vt 0.761689 0.965698
vt 0.763767 0.963839
vt 0.535434 0.977343
vt 0.739814 0.965356
vt 0.738146 0.970068
vt 0.738517 0.963839
vt 0.382447 0.973996
vt 0.788103 0.967850
vt 0.787310 0.966375
vt 0.530901 0.972771
vt 0.743220 0.966089
vt 0.743316 0.963839
vt 0.728976 0.965662
vt 0.727081 0.965003
vt 0.729004 0.963839
vt 0.796312 0.963882
vt 0.796642 0.966280
vt 0.795919 0.966578
vt 0.612146 0.975480
vt 0.613852 0.973840
vt 0.613136 0.976081
vt 0.781751 0.964863
vt 0.779691 0.964692
vt 0.780938 0.964684
vt 0.613604 0.973173
vt 0.611655 0.973785
vt 0.612286 0.972975
vt 0.606107 0.972556
vt 0.603775 0.972598
vt 0.605296 0.971368
vt 0.385682 0.972445
vt 0.387788 0.972390
vt 0.388218 0.974302
vt 0.606645 0.970572
vt 0.607520 0.971774
vt 0.532651 0.974064
vt 0.532948 0.972011
vt 0.533567 0.973265
vt 0.608857 0.970472
vt 0.531729 0.972717
vt 0.448013 0.970018
vt 0.384188 0.971651
vt 0.384012 0.971554
vt 0.604543 0.975275
vt 0.609783 0.973219
vt 0.817995 0.966065
vt 0.817275 0.964467
vt 0.817995 0.963839
vt 0.605958 0.970011
vt 0.606824 0.968792
vt 0.384985 0.970164
vt 0.383327 0.969963
vt 0.383798 0.969180
vt 0.385983 0.971557
vt 0.386233 0.970781
vt 0.603324 0.971996
vt 0.604845 0.970766
vt 0.388037 0.971615
vt 0.781711 0.964010
vt 0.822476 0.964911
vt 0.823211 0.963839
vt 0.823264 0.964967
vt 0.780789 0.963839
vt 0.612513 0.972519
vt 0.613705 0.972658
vt 0.796985 0.966890
vt 0.796180 0.967284
vt 0.824467 0.964734
vt 0.823657 0.963921
vt 0.824467 0.963839
vt 0.680487 0.973679
vt 0.680240 0.972586
vt 0.681177 0.973409
vt 0.727944 0.966241
vt 0.729542 0.966140
vt 0.607143 0.966760
vt 0.382455 0.968298
vt 0.382828 0.967490
vt 0.608176 0.964538
vt 0.607577 0.963839
vt 0.381005 0.966464
vt 0.381321 0.965781
vt 0.813193 0.966026
vt 0.814047 0.964260
vt 0.814047 0.966447
vt 0.757579 0.964039
vt 0.757305 0.965917
vt 0.756532 0.966000
vt 0.679515 0.964447
vt 0.681805 0.965474
vt 0.681195 0.966037
vt 0.757517 0.968638
vt 0.682070 0.968947
vt 0.681280 0.969389
vt 0.724839 0.970086
vt 0.724751 0.966894
vt 0.679515 0.972942
vt 0.727081 0.968559
vt 0.727636 0.969189
vt 0.701333 0.970056
vt 0.701915 0.968324
vt 0.702270 0.969418
vt 0.612524 0.971350
vt 0.613661 0.970980
vt 0.700925 0.968508
vt 0.701924 0.966741
vt 0.612109 0.969705
vt 0.613190 0.969376
vt 0.701225 0.965594
vt 0.702120 0.965325
vt 0.612643 0.968016
vt 0.611568 0.968277
vt 0.701818 0.964056
vt 0.611523 0.966874
vt 0.612716 0.967014
vt 0.703150 0.963839
vt 0.610286 0.966915
vt 0.605290 0.968727
vt 0.610160 0.969009
vt 0.703068 0.967917
vt 0.703163 0.966526
vt 0.611135 0.971604
vt 0.703184 0.969865
vt 0.611756 0.973270
vt 0.700174 0.970028
vt 0.701473 0.970919
vt 0.807701 0.965614
vt 0.806604 0.965478
vt 0.806525 0.963839
vt 0.682446 0.969154
vt 0.684398 0.970903
vt 0.684553 0.972626
vt 0.615619 0.969182
vt 0.614415 0.972931
vt 0.685069 0.967976
vt 0.682446 0.965658
vt 0.685196 0.966907
vt 0.684044 0.963839
vt 0.615619 0.965721
vt 0.766183 0.965983
vt 0.768053 0.964630
vt 0.768053 0.967173
vt 0.611293 0.964127
vt 0.613498 0.963839
vt 0.765705 0.963839
vt 0.767034 0.964124
vt 0.599588 0.976715
vt 0.597590 0.971674
vt 0.619213 0.976678
vt 0.617478 0.973617
vt 0.620156 0.972401
vt 0.598479 0.966170
vt 0.617182 0.968317
vt 0.618650 0.967342
vt 0.601574 0.963839
vt 0.602948 0.964301
vt 0.617233 0.963839
vt 0.753694 0.967696
vt 0.752238 0.964037
vt 0.754523 0.963839
vt 0.658492 0.970530
vt 0.660562 0.968148
vt 0.659646 0.971356
vt 0.580586 0.965201
vt 0.583510 0.967909
vt 0.580929 0.969491
vt 0.658629 0.966939
vt 0.661715 0.965050
vt 0.583914 0.971473
vt 0.581600 0.972394
vt 0.696641 0.964133
vt 0.694373 0.966788
vt 0.693635 0.963839
vt 0.589410 0.968751
vt 0.571003 0.968697
vt 0.579609 0.971522
vt 0.570844 0.974112
vt 0.631667 0.964917
vt 0.635695 0.971100
vt 0.631667 0.974095
vt 0.572595 0.963839
vt 0.580210 0.967965
vt 0.634715 0.963839
vt 0.636910 0.966857
vt 0.661715 0.973289
vt 0.582543 0.973923
vt 0.586468 0.972488
vt 0.697118 0.968827
vt 0.697118 0.966863
vt 0.438905 0.986274
vt 0.390105 0.973066
vt 0.386995 0.968416
vt 0.713724 0.969005
vt 0.716753 0.966116
vt 0.716119 0.969723
vt 0.740190 0.967479
vt 0.742571 0.965241
vt 0.742844 0.968434
vt 0.310160 0.967236
vt 0.314592 0.965856
vt 0.312962 0.968341
vt 0.332961 0.988058
vt 0.334615 0.985547
vt 0.335365 0.986625
vt 0.308395 0.970025
vt 0.311370 0.971198
vt 0.337591 0.984304
vt 0.337973 0.984853
vt 0.309876 0.974317
vt 0.306843 0.973122
vt 0.370152 0.974784
vt 0.367440 0.972549
vt 0.370535 0.974234
vt 0.340685 0.982811
vt 0.308539 0.977580
vt 0.305564 0.976407
vt 0.372761 0.977124
vt 0.373510 0.976047
vt 0.304607 0.979755
vt 0.307409 0.980860
vt 0.376253 0.977917
vt 0.375164 0.979481
vt 0.306531 0.984031
vt 0.304009 0.983036
vt 0.378656 0.979773
vt 0.377271 0.981764
vt 0.305937 0.986971
vt 0.303792 0.986126
vt 0.379000 0.983885
vt 0.380629 0.981543
vt 0.305650 0.989568
vt 0.303965 0.988904
vt 0.308192 0.987917
vt 0.318452 0.964786
vt 0.317244 0.966969
vt 0.307422 0.990311
vt 0.315909 0.969577
vt 0.331873 0.986493
vt 0.334099 0.984350
vt 0.314498 0.972510
vt 0.337327 0.983693
vt 0.313066 0.975656
vt 0.370798 0.973624
vt 0.311667 0.978893
vt 0.374027 0.974849
vt 0.310356 0.982096
vt 0.377002 0.976178
vt 0.309183 0.985143
vt 0.379610 0.977560
vt 0.337193 0.983045
vt 0.314828 0.980295
vt 0.374290 0.973578
vt 0.313334 0.983417
vt 0.377384 0.974333
vt 0.311863 0.986332
vt 0.380097 0.975211
vt 0.310471 0.988928
vt 0.320731 0.965796
vt 0.319924 0.968158
vt 0.309213 0.991106
vt 0.318887 0.970898
vt 0.331123 0.984755
vt 0.333835 0.983078
vt 0.317659 0.973913
vt 0.316289 0.977086
vt 0.370932 0.972976
vt 0.330741 0.982909
vt 0.328028 0.980149
vt 0.330741 0.981028
vt 0.321781 0.972252
vt 0.333835 0.981782
vt 0.320732 0.975350
vt 0.337193 0.982385
vt 0.319422 0.978551
vt 0.370932 0.972315
vt 0.317901 0.981732
vt 0.374290 0.972282
vt 0.316228 0.984771
vt 0.377384 0.972451
vt 0.314467 0.987551
vt 0.380097 0.972816
vt 0.312686 0.989965
vt 0.322947 0.966833
vt 0.322529 0.969376
vt 0.374027 0.971011
vt 0.318928 0.986107
vt 0.377002 0.970605
vt 0.316897 0.988753
vt 0.379610 0.970467
vt 0.314753 0.990987
vt 0.325013 0.967855
vt 0.324959 0.970579
vt 0.328515 0.977800
vt 0.331123 0.979182
vt 0.324481 0.973588
vt 0.334099 0.980511
vt 0.323598 0.976769
vt 0.337327 0.981736
vt 0.322344 0.979997
vt 0.370798 0.971667
vt 0.320767 0.983151
vt 0.326882 0.974854
vt 0.334615 0.979314
vt 0.326147 0.978113
vt 0.337591 0.981126
vt 0.324943 0.981368
vt 0.370535 0.971057
vt 0.323317 0.984495
vt 0.373510 0.969813
vt 0.321330 0.987373
vt 0.376253 0.968867
vt 0.319058 0.989893
vt 0.378656 0.968255
vt 0.316591 0.991956
vt 0.220057 0.968071
vt 0.219955 0.971740
vt 0.218281 0.971112
vt 0.329469 0.975588
vt 0.331873 0.977444
vt 0.323340 0.988521
vt 0.372761 0.968735
vt 0.375164 0.967302
vt 0.320868 0.990925
vt 0.223409 0.965818
vt 0.223275 0.969022
vt 0.221481 0.968606
vt 0.329125 0.971476
vt 0.330854 0.973596
vt 0.222064 0.972230
vt 0.332961 0.975879
vt 0.218888 0.975101
vt 0.221233 0.975644
vt 0.335365 0.978236
vt 0.218323 0.978558
vt 0.220812 0.979135
vt 0.337973 0.980577
vt 0.220818 0.982567
vt 0.218281 0.981979
vt 0.370152 0.970507
vt 0.327120 0.982610
vt 0.325451 0.985713
vt 0.334346 0.974548
vt 0.336319 0.977319
vt 0.223971 0.976013
vt 0.223719 0.979526
vt 0.338459 0.980109
vt 0.223782 0.982966
vt 0.369666 0.970040
vt 0.224159 0.986200
vt 0.221252 0.985810
vt 0.371806 0.967819
vt 0.224834 0.989105
vt 0.222095 0.988737
vt 0.373779 0.965972
vt 0.330144 0.967386
vt 0.331198 0.969484
vt 0.224818 0.966145
vt 0.225371 0.969304
vt 0.332617 0.971903
vt 0.224529 0.972561
vt 0.372150 0.964926
vt 0.332852 0.965647
vt 0.333636 0.967920
vt 0.226465 0.966367
vt 0.227689 0.969441
vt 0.334690 0.970572
vt 0.227254 0.972722
vt 0.335975 0.973503
vt 0.226999 0.976191
vt 0.337441 0.976599
vt 0.226933 0.979715
vt 0.339031 0.979742
vt 0.227060 0.983159
vt 0.369094 0.969673
vt 0.227373 0.986390
vt 0.370685 0.967099
vt 0.227862 0.989284
vt 0.230200 0.976173
vt 0.230331 0.979696
vt 0.339667 0.979489
vt 0.230524 0.983139
vt 0.368458 0.969420
vt 0.230771 0.986371
vt 0.369438 0.966603
vt 0.231062 0.989266
vt 0.370341 0.964206
vt 0.228506 0.991729
vt 0.231387 0.991713
vt 0.228286 0.966474
vt 0.230138 0.969427
vt 0.336993 0.969656
vt 0.230135 0.972705
vt 0.337785 0.972783
vt 0.338687 0.976103
vt 0.234313 0.989051
vt 0.234312 0.991520
vt 0.230211 0.966463
vt 0.232626 0.969263
vt 0.336344 0.966842
vt 0.339439 0.969188
vt 0.233060 0.972513
vt 0.339706 0.972416
vt 0.233450 0.975959
vt 0.340011 0.975850
vt 0.233782 0.979469
vt 0.340341 0.979360
vt 0.234043 0.982907
vt 0.367784 0.969291
vt 0.234222 0.986143
vt 0.368115 0.966350
vt 0.230349 0.963928
vt 0.232165 0.966334
vt 0.341029 0.979360
vt 0.237153 0.979042
vt 0.237480 0.982472
vt 0.367096 0.969291
vt 0.237593 0.985717
vt 0.366765 0.966350
vt 0.237488 0.988650
vt 0.366460 0.963839
vt 0.368419 0.963839
vt 0.339220 0.966293
vt 0.342314 0.963839
vt 0.342151 0.966293
vt 0.235056 0.968955
vt 0.341932 0.969188
vt 0.235918 0.972151
vt 0.341665 0.972416
vt 0.236626 0.975557
vt 0.341360 0.975850
vt 0.344377 0.969656
vt 0.238598 0.971634
vt 0.343586 0.972783
vt 0.239604 0.974983
vt 0.342683 0.976103
vt 0.240315 0.978432
vt 0.341704 0.979489
vt 0.240703 0.981851
vt 0.366421 0.969420
vt 0.240754 0.985107
vt 0.365442 0.966603
vt 0.240466 0.988075
vt 0.364539 0.964206
vt 0.345509 0.964450
vt 0.345027 0.966842
vt 0.234075 0.966093
vt 0.237336 0.968516
vt 0.365786 0.969673
vt 0.342339 0.979742
vt 0.243585 0.984338
vt 0.364195 0.967099
vt 0.243133 0.987351
vt 0.362729 0.964926
vt 0.348519 0.965647
vt 0.347735 0.967920
vt 0.235866 0.965747
vt 0.239377 0.967961
vt 0.346681 0.970572
vt 0.240998 0.970982
vt 0.345396 0.973503
vt 0.242271 0.974258
vt 0.343930 0.976599
vt 0.243146 0.977664
vt 0.243590 0.981067
vt 0.241101 0.967313
vt 0.243025 0.970220
vt 0.348754 0.971903
vt 0.347025 0.974548
vt 0.244523 0.973412
vt 0.345052 0.977319
vt 0.245537 0.976765
vt 0.342911 0.980109
vt 0.274726 0.984460
vt 0.275881 0.980376
vt 0.277107 0.983681
vt 0.365214 0.970040
vt 0.278712 0.986758
vt 0.276376 0.987523
vt 0.363073 0.967819
vt 0.280634 0.989490
vt 0.278434 0.990210
vt 0.361101 0.965972
vt 0.351227 0.967386
vt 0.350173 0.969484
vt 0.237469 0.965312
vt 0.281420 0.985770
vt 0.364727 0.970507
vt 0.362119 0.968735
vt 0.283185 0.988559
vt 0.359715 0.967302
vt 0.282800 0.991771
vt 0.285095 0.990934
vt 0.357609 0.966263
vt 0.359372 0.964570
vt 0.350517 0.973596
vt 0.274738 0.973596
vt 0.276817 0.969670
vt 0.277033 0.972759
vt 0.348410 0.975879
vt 0.277632 0.976041
vt 0.275081 0.976971
vt 0.346006 0.978236
vt 0.278589 0.979388
vt 0.343398 0.980577
vt 0.279868 0.982674
vt 0.351902 0.975588
vt 0.349498 0.977444
vt 0.280434 0.974936
vt 0.346756 0.979314
vt 0.281564 0.978216
vt 0.343780 0.981126
vt 0.282901 0.981478
vt 0.364345 0.971057
vt 0.284395 0.984598
vt 0.361370 0.969813
vt 0.285987 0.987455
vt 0.358627 0.968867
vt 0.287617 0.989939
vt 0.276990 0.966892
vt 0.278962 0.968825
vt 0.353875 0.973817
vt 0.279555 0.971765
vt 0.364082 0.971667
vt 0.360853 0.971011
vt 0.288934 0.986218
vt 0.357877 0.970605
vt 0.290269 0.988827
vt 0.278675 0.966228
vt 0.281217 0.967878
vt 0.289222 0.991956
vt 0.291477 0.991010
vt 0.282207 0.970652
vt 0.352856 0.977800
vt 0.350248 0.979182
vt 0.283381 0.973699
vt 0.347272 0.980511
vt 0.284692 0.976903
vt 0.344043 0.981736
vt 0.286091 0.980140
vt 0.287523 0.983285
vt 0.286359 0.972379
vt 0.350630 0.981028
vt 0.347535 0.981782
vt 0.287853 0.975501
vt 0.344177 0.982385
vt 0.289314 0.978710
vt 0.363948 0.972315
vt 0.290684 0.981883
vt 0.360590 0.972282
vt 0.291911 0.984897
vt 0.357495 0.972451
vt 0.292949 0.987638
vt 0.282238 0.964690
vt 0.283496 0.966867
vt 0.293756 0.989999
vt 0.284887 0.969463
vt 0.294806 0.983543
vt 0.360590 0.973578
vt 0.357495 0.974333
vt 0.295554 0.986419
vt 0.354783 0.975211
vt 0.354783 0.972816
vt 0.295972 0.988962
vt 0.287492 0.968244
vt 0.353342 0.980149
vt 0.350630 0.982909
vt 0.289253 0.971024
vt 0.347535 0.983078
vt 0.290926 0.974063
vt 0.344177 0.983045
vt 0.292447 0.977244
vt 0.363948 0.972976
vt 0.293757 0.980445
vt 0.347272 0.984350
vt 0.293792 0.972645
vt 0.344043 0.983693
vt 0.295369 0.975798
vt 0.364082 0.973624
vt 0.296623 0.979027
vt 0.360853 0.974849
vt 0.297506 0.982207
vt 0.357877 0.976178
vt 0.297983 0.985217
vt 0.355269 0.977560
vt 0.298038 0.987940
vt 0.285711 0.965831
vt 0.289922 0.967042
vt 0.352856 0.984893
vt 0.350248 0.984755
vt 0.291953 0.969688
vt 0.299907 0.980941
vt 0.300145 0.984077
vt 0.356223 0.979773
vt 0.245913 0.984457
vt 0.249113 0.986963
vt 0.247690 0.987497
vt 0.289616 0.963839
vt 0.292083 0.965903
vt 0.351902 0.987106
vt 0.349498 0.986493
vt 0.294354 0.968422
vt 0.346756 0.985547
vt 0.296341 0.971301
vt 0.343780 0.984304
vt 0.297968 0.974428
vt 0.364345 0.974234
vt 0.299172 0.977683
vt 0.361370 0.976047
vt 0.358627 0.977917
vt 0.343398 0.984853
vt 0.298476 0.970083
vt 0.300145 0.973186
vt 0.364727 0.974784
vt 0.245913 0.973590
vt 0.248444 0.976434
vt 0.245956 0.977011
vt 0.362119 0.977124
vt 0.248865 0.979924
vt 0.246521 0.980468
vt 0.359715 0.979481
vt 0.247587 0.983828
vt 0.249697 0.983339
vt 0.357609 0.981764
vt 0.250907 0.986547
vt 0.354251 0.981543
vt 0.355879 0.983885
vt 0.251041 0.989751
vt 0.252451 0.989424
vt 0.296365 0.967275
vt 0.346006 0.986625
vt 0.359372 0.983458
vt 0.253004 0.986265
vt 0.357952 0.985876
vt 0.254098 0.989202
vt 0.356898 0.987975
vt 0.354595 0.985762
vt 0.347025 0.989388
vt 0.345052 0.987541
vt 0.248884 0.969759
vt 0.252466 0.966463
vt 0.251791 0.969368
vt 0.342911 0.985320
vt 0.248451 0.973001
vt 0.251415 0.972603
vt 0.365214 0.975251
vt 0.251352 0.976043
vt 0.363073 0.978041
vt 0.251604 0.979556
vt 0.361101 0.980812
vt 0.252161 0.983008
vt 0.255006 0.969179
vt 0.254692 0.972410
vt 0.365786 0.975618
vt 0.342339 0.985688
vt 0.254566 0.975854
vt 0.364195 0.978761
vt 0.254631 0.979378
vt 0.362729 0.981857
vt 0.254886 0.982847
vt 0.361445 0.984788
vt 0.255321 0.986128
vt 0.360390 0.987441
vt 0.255918 0.989095
vt 0.359607 0.989713
vt 0.343930 0.988262
vt 0.255494 0.966285
vt 0.257771 0.986142
vt 0.363748 0.985705
vt 0.363099 0.988518
vt 0.257843 0.989106
vt 0.256139 0.963839
vt 0.258695 0.966303
vt 0.345396 0.990434
vt 0.342683 0.988758
vt 0.258403 0.969198
vt 0.341704 0.985940
vt 0.258157 0.972430
vt 0.366421 0.975871
vt 0.257964 0.975873
vt 0.365442 0.979257
vt 0.257832 0.979396
vt 0.364539 0.982578
vt 0.257767 0.982863
vt 0.367096 0.976000
vt 0.341029 0.986069
vt 0.261414 0.976100
vt 0.366765 0.979510
vt 0.261083 0.979610
vt 0.366460 0.982945
vt 0.260692 0.983056
vt 0.366193 0.986172
vt 0.260258 0.986306
vt 0.365974 0.989068
vt 0.259798 0.989235
vt 0.259019 0.963856
vt 0.261945 0.966517
vt 0.259328 0.991729
vt 0.257982 0.991641
vt 0.261854 0.969426
vt 0.261675 0.972661
vt 0.368906 0.989068
vt 0.262689 0.986614
vt 0.261707 0.989476
vt 0.369069 0.991521
vt 0.365811 0.991521
vt 0.341665 0.991521
vt 0.340011 0.989010
vt 0.341360 0.989010
vt 0.265121 0.966919
vt 0.265225 0.969852
vt 0.340341 0.986069
vt 0.265112 0.973096
vt 0.367784 0.976000
vt 0.264785 0.976527
vt 0.368115 0.979510
vt 0.264258 0.980012
vt 0.368419 0.982945
vt 0.263550 0.983418
vt 0.368686 0.986172
vt 0.267947 0.977136
vt 0.369438 0.979257
vt 0.267236 0.980586
vt 0.370341 0.982578
vt 0.266230 0.983935
vt 0.371132 0.985705
vt 0.264968 0.987053
vt 0.371781 0.988518
vt 0.263498 0.989821
vt 0.372264 0.990911
vt 0.337785 0.991154
vt 0.338687 0.988758
vt 0.268099 0.967493
vt 0.268387 0.970462
vt 0.339667 0.985940
vt 0.268336 0.973718
vt 0.368458 0.975871
vt 0.265102 0.990257
vt 0.375273 0.989713
vt 0.337441 0.988262
vt 0.270766 0.968218
vt 0.271218 0.971231
vt 0.339031 0.985688
vt 0.271222 0.974502
vt 0.369094 0.975618
vt 0.270778 0.977905
vt 0.370685 0.978761
vt 0.269903 0.981310
vt 0.372150 0.981857
vt 0.268630 0.984586
vt 0.373435 0.984788
vt 0.267009 0.987607
vt 0.374490 0.987441
vt 0.272156 0.982157
vt 0.373779 0.980812
vt 0.270658 0.985348
vt 0.375508 0.983458
vt 0.268733 0.988255
vt 0.376927 0.985876
vt 0.266456 0.990766
vt 0.377982 0.987975
vt 0.335975 0.990434
vt 0.336319 0.987541
vt 0.303352 0.968273
vt 0.307610 0.966306
vt 0.305688 0.969037
vt 0.338459 0.985320
vt 0.301701 0.971335
vt 0.304083 0.972115
vt 0.369666 0.975251
vt 0.302857 0.975420
vt 0.300521 0.974655
vt 0.371806 0.978041
vt 0.334346 0.989388
vt 0.302057 0.978825
vt 0.301713 0.982199
vt 0.301840 0.985413
vt 0.330854 0.989097
vt 0.312070 0.964862
vt 0.000188 0.000188
vt 0.963463 0.963463
vt 0.000188 0.963463
vt 0.000188 0.963839
vt 0.036537 0.963839
vt 0.072886 0.963839
vt 0.109234 0.963839
vt 0.145583 0.999812
vt 0.181932 0.999812
vt 0.773183 0.966840
vt 0.624745 0.970088
vt 0.641981 0.970931
vt 0.679139 0.965665
vt 0.644604 0.963839
vt 0.624756 0.966303
vt 0.670731 0.970819
vt 0.674615 0.967195
vt 0.812817 0.967060
vt 0.688629 0.966296
vt 0.785193 0.968176
vt 0.809994 0.966877
vt 0.803852 0.966886
vt 0.808077 0.963966
vt 0.818700 0.963889
vt 0.589786 0.975028
vt 0.758596 0.966911
vt 0.480941 0.964038
vt 0.468358 0.972178
vt 0.664372 0.963839
vt 0.667375 0.972768
vt 0.473630 0.976138
vt 0.697515 0.972737
vt 0.478862 0.985548
vt 0.516906 0.978329
vt 0.593700 0.971006
vt 0.819184 0.963839
vt 0.803476 0.963839
vt 0.795543 0.966883
vt 0.811800 0.965522
vt 0.801966 0.964339
vt 0.801966 0.966160
vt 0.794191 0.964103
vt 0.792616 0.965944
vt 0.788677 0.963839
vt 0.483348 0.982655
vt 0.735950 0.968513
vt 0.729918 0.963966
vt 0.526065 0.965921
vt 0.551019 0.963839
vt 0.525858 0.963839
vt 0.596019 0.972465
vt 0.772807 0.963839
vt 0.772700 0.968163
vt 0.798488 0.966828
vt 0.814423 0.963839
vt 0.820307 0.965111
vt 0.798510 0.963839
vt 0.594655 0.970353
vt 0.815849 0.963839
vt 0.775289 0.965773
vt 0.747657 0.966328
vt 0.477091 0.983294
vt 0.748284 0.970733
vt 0.754899 0.963839
vt 0.765329 0.967932
vt 0.746819 0.963839
vt 0.764485 0.970057
vt 0.785956 0.968130
vt 0.479210 0.976325
vt 0.711292 0.971393
vt 0.658116 0.964465
vt 0.546089 0.963839
vt 0.540081 0.976166
vt 0.399901 0.989283
vt 0.690337 0.971498
vt 0.782127 0.966727
vt 0.570468 0.964803
vt 0.559175 0.975601
vt 0.647935 0.973909
vt 0.394017 0.988278
vt 0.549333 0.970258
vt 0.648271 0.963839
vt 0.401657 0.966046
vt 0.547915 0.975647
vt 0.403675 0.977670
vt 0.403675 0.967253
vt 0.446730 0.970030
vt 0.425371 0.981084
vt 0.503785 0.963983
vt 0.721591 0.966980
vt 0.710543 0.968446
vt 0.735166 0.963839
vt 0.499177 0.989150
vt 0.422402 0.984293
vt 0.703560 0.969689
vt 0.484484 0.974938
vt 0.392532 0.988410
vt 0.391075 0.963839
vt 0.806149 0.963888
vt 0.600772 0.972368
vt 0.744282 0.969160
vt 0.538174 0.971176
vt 0.652640 0.971175
vt 0.726705 0.963839
vt 0.800135 0.963839
vt 0.484257 0.968879
vt 0.762390 0.967797
vt 0.535895 0.979934
vt 0.739814 0.970839
vt 0.787485 0.968188
vt 0.727286 0.965773
vt 0.796985 0.963839
vt 0.781338 0.966563
vt 0.603735 0.974125
vt 0.447440 0.970446
vt 0.384498 0.970981
vt 0.822493 0.963839
vt 0.779651 0.963839
vt 0.823640 0.964716
vt 0.813231 0.963839
vt 0.758220 0.963839
vt 0.680240 0.963839
vt 0.758220 0.968535
vt 0.701093 0.967029
vt 0.700881 0.964694
vt 0.703184 0.965138
vt 0.606204 0.967614
vt 0.610512 0.970487
vt 0.806525 0.966356
vt 0.684621 0.969340
vt 0.615995 0.978309
vt 0.615995 0.964197
vt 0.752238 0.967868
vt 0.582483 0.963839
vt 0.658940 0.963839
vt 0.589410 0.974175
vt 0.580099 0.963839
vt 0.692748 0.969038
vt 0.445822 0.980109
vt 0.384277 0.968140
vt 0.713724 0.963839
vt 0.740190 0.963839
vt 0.316197 0.963839
vt 0.328028 0.982544
vt 0.327120 0.971718
vt 0.327496 0.973817
vt 0.327840 0.969598
vt 0.231696 0.963839
vt 0.339057 0.963839
vt 0.273546 0.981141
vt 0.238824 0.964803
vt 0.352246 0.971476
vt 0.274865 0.970382
vt 0.280447 0.965484
vt 0.353342 0.982544
vt 0.287778 0.964808
vt 0.293893 0.964870
vt 0.348410 0.988058
vt 0.249728 0.966832
vt 0.343586 0.991154
vt 0.261945 0.964048
vt 0.339706 0.991521
vt 0.273169 0.978804
vt 0.305409 0.965585
vt 0.332617 0.990791
vt 0.309775 0.964024
vt 0.963463 0.000188
s 0
f 2/1/1 3/2/1 1/3/1
f 4/4/2 7/5/2 3/6/2
f 8/7/3 5/8/3 7/9/3
f 6/10/4 1/11/4 5/12/4
f 7/13/5 1/14/5 3/15/5
f 4/16/6 6/17/6 8/18/6
f 55/19/7 11/20/7 53/21/7
f 12/22/8 56/23/8 54/24/8
f 53/21/9 13/25/9 51/26/9
f 14/27/10 54/24/10 52/28/10
f 11/20/11 15/29/11 13/25/11
f 16/30/12 12/31/12 14/32/12
f 9/33/13 17/34/13 11/20/13
f 18/35/14 10/36/14 12/22/14
f 19/37/15 23/38/15 17/34/15
f 24/39/16 20/40/16 18/41/16
f 17/34/17 25/42/17 15/29/17
f 26/43/18 18/41/18 16/44/18
f 29/45/19 25/46/19 23/47/19
f 30/48/20 26/43/20 28/49/20
f 21/50/21 29/45/21 23/47/21
f 30/48/22 22/51/22 24/39/22
f 31/52/23 35/53/23 29/45/23
f 36/54/24 32/55/24 30/56/24
f 35/53/25 27/57/25 29/45/25
f 36/54/26 28/58/26 38/59/26
f 41/60/27 37/61/27 35/53/27
f 42/62/28 38/59/28 40/63/28
f 43/64/29 35/53/29 33/65/29
f 44/66/30 36/67/30 42/68/30
f 45/69/31 41/70/31 43/71/31
f 46/72/32 42/68/32 48/73/32
f 47/74/33 39/75/33 41/70/33
f 48/73/34 40/76/34 50/77/34
f 53/78/35 49/79/35 47/74/35
f 54/24/36 50/77/36 52/28/36
f 55/80/37 47/74/37 45/69/37
f 56/23/38 48/73/38 54/24/38
f 45/69/39 57/81/39 55/80/39
f 46/82/40 58/83/40 60/84/40
f 43/85/41 59/86/41 45/87/41
f 44/88/42 60/84/42 62/89/42
f 33/90/43 61/91/43 43/85/43
f 34/92/44 62/93/44 64/94/44
f 31/95/45 63/96/45 33/90/45
f 32/55/46 64/94/46 66/97/46
f 31/98/47 67/99/47 65/100/47
f 68/101/48 32/102/48 66/103/48
f 21/104/49 71/105/49 67/99/49
f 72/106/50 22/107/50 68/101/50
f 19/108/51 73/109/51 71/110/51
f 74/111/52 20/112/52 72/113/52
f 9/114/53 57/115/53 73/109/53
f 58/116/54 10/117/54 74/111/54
f 69/118/55 73/119/55 57/120/55
f 58/121/56 74/122/56 70/123/56
f 71/124/57 73/119/57 69/118/57
f 70/123/58 74/122/58 72/125/58
f 69/126/59 67/127/59 71/128/59
f 72/125/60 68/129/60 70/123/60
f 69/126/61 65/130/61 67/127/61
f 68/129/62 66/131/62 70/123/62
f 69/126/63 63/132/63 65/130/63
f 66/131/64 64/133/64 70/123/64
f 69/126/65 61/134/65 63/132/65
f 64/133/66 62/135/66 70/123/66
f 69/126/67 59/136/67 61/134/67
f 62/135/68 60/137/68 70/123/68
f 69/118/69 57/120/69 59/138/69
f 60/137/70 58/121/70 70/123/70
f 182/139/71 99/140/71 97/141/71
f 183/142/72 99/140/72 184/143/72
f 180/144/73 97/141/73 95/145/73
f 181/146/74 98/147/74 183/142/74
f 93/148/75 180/144/75 95/145/75
f 181/149/76 94/150/76 96/151/76
f 91/152/77 178/153/77 93/148/77
f 179/154/78 92/155/78 94/150/78
f 89/156/79 176/157/79 91/158/79
f 177/159/80 90/160/80 92/155/80
f 87/161/81 154/162/81 172/163/81
f 155/164/82 88/165/82 173/166/82
f 102/167/83 154/162/83 100/168/83
f 103/169/84 155/170/84 157/171/84
f 102/167/85 158/172/85 156/173/85
f 159/174/86 103/175/86 157/176/86
f 106/177/87 158/172/87 104/178/87
f 107/179/88 159/174/88 161/180/88
f 108/181/89 160/182/89 106/183/89
f 109/184/90 161/180/90 163/185/90
f 110/186/91 162/187/91 108/181/91
f 111/188/92 163/185/92 165/189/92
f 110/186/93 166/190/93 164/191/93
f 167/192/94 111/188/94 165/189/94
f 114/193/95 166/194/95 112/195/95
f 115/196/96 167/192/96 169/197/96
f 116/198/97 168/199/97 114/193/97
f 117/200/98 169/201/98 171/202/98
f 75/203/99 170/204/99 116/198/99
f 75/205/100 171/202/100 76/206/100
f 136/207/101 170/208/101 118/209/101
f 137/210/102 171/211/102 169/197/102
f 136/207/103 166/212/103 168/213/103
f 167/192/104 137/210/104 169/197/104
f 164/214/105 187/215/105 134/216/105
f 165/217/106 188/218/106 167/219/106
f 162/220/107 134/216/107 132/221/107
f 163/222/108 135/223/108 165/217/108
f 160/224/109 132/221/109 130/225/109
f 161/226/110 133/227/110 163/222/110
f 158/172/111 130/225/111 128/228/111
f 159/174/112 131/229/112 161/180/112
f 156/173/113 128/228/113 126/230/113
f 157/176/114 129/231/114 159/174/114
f 154/162/115 126/230/115 124/232/115
f 155/233/116 127/234/116 157/176/116
f 172/235/117 124/236/117 122/237/117
f 173/238/118 125/239/118 155/233/118
f 122/237/119 185/240/119 172/235/119
f 185/240/120 123/241/120 173/238/120
f 170/208/121 120/242/121 118/209/121
f 171/211/122 121/243/122 76/244/122
f 120/242/123 186/245/123 191/246/123
f 186/247/124 121/243/124 192/248/124
f 189/249/125 186/247/125 185/240/125
f 190/250/126 186/247/126 192/248/126
f 143/251/127 184/143/127 182/139/127
f 184/143/128 144/252/128 183/142/128
f 141/253/129 182/139/129 180/144/129
f 183/142/130 142/254/130 181/146/130
f 141/253/131 178/153/131 139/255/131
f 142/256/132 179/154/132 181/149/132
f 174/257/133 193/258/133 176/259/133
f 194/260/134 175/261/134 177/159/134
f 139/255/135 176/262/135 193/263/135
f 177/159/136 140/264/136 194/260/136
f 198/265/137 195/266/137 152/267/137
f 198/265/138 196/268/138 197/269/138
f 195/266/139 77/270/139 193/258/139
f 196/268/140 77/270/140 197/269/140
f 139/271/4 77/270/4 138/272/4
f 140/264/4 77/270/4 194/260/4
f 150/273/141 199/274/141 152/275/141
f 200/276/142 151/277/142 153/278/142
f 148/279/143 201/280/143 150/281/143
f 202/282/144 149/283/144 151/284/144
f 205/285/145 148/286/145 147/287/145
f 206/288/146 149/283/146 204/289/146
f 79/290/1 147/291/1 146/292/1
f 79/293/147 147/294/147 206/295/147
f 152/275/148 78/296/148 198/297/148
f 153/278/149 78/298/149 200/276/149
f 199/274/150 216/299/150 78/296/150
f 200/300/151 216/299/151 215/301/151
f 79/290/152 208/302/152 205/303/152
f 209/304/153 79/293/153 206/295/153
f 205/305/154 210/306/154 203/307/154
f 211/308/155 206/309/155 204/310/155
f 210/306/156 201/280/156 203/307/156
f 211/308/157 202/311/157 213/312/157
f 201/313/158 214/314/158 199/274/158
f 215/315/159 202/316/159 200/276/159
f 212/317/160 208/302/160 207/318/160
f 213/312/161 209/319/161 211/308/161
f 207/320/162 214/314/162 212/321/162
f 215/301/163 207/320/163 213/322/163
f 147/323/164 172/235/164 185/240/164
f 173/324/165 147/325/165 185/326/165
f 148/327/166 219/328/166 172/235/166
f 220/329/167 149/330/167 173/324/167
f 152/275/168 219/331/168 150/273/168
f 153/332/169 220/333/169 222/334/169
f 195/266/170 221/335/170 152/267/170
f 196/268/171 222/334/171 175/261/171
f 217/336/172 174/337/172 89/156/172
f 218/338/173 175/261/173 222/334/173
f 223/339/174 221/340/174 217/336/174
f 224/341/175 222/334/175 220/333/175
f 87/342/176 219/343/176 223/339/176
f 220/333/177 88/344/177 224/341/177
f 138/345/178 230/346/178 139/255/178
f 138/345/179 231/347/179 80/348/179
f 141/349/180 230/350/180 228/351/180
f 231/347/181 142/254/181 229/352/181
f 143/353/182 228/351/182 226/354/182
f 229/352/183 144/252/183 227/355/183
f 145/356/4 226/354/4 225/357/4
f 227/358/4 145/356/4 225/357/4
f 226/359/184 239/360/184 225/361/184
f 227/362/185 239/363/185 238/364/185
f 226/359/186 235/365/186 237/366/186
f 236/367/187 227/362/187 238/364/187
f 228/368/1 233/369/1 235/370/1
f 234/371/3 229/372/3 236/367/3
f 80/348/188 233/373/188 230/346/188
f 80/374/189 234/375/189 232/376/189
f 232/377/190 237/378/190 233/379/190
f 238/380/191 232/377/191 234/381/191
f 233/382/192 237/383/192 235/384/192
f 236/385/193 238/380/193 234/381/193
f 191/386/194 242/387/194 240/388/194
f 243/389/195 192/390/195 241/391/195
f 120/392/196 240/388/196 262/393/196
f 241/391/197 121/394/197 263/395/197
f 120/392/198 264/396/198 118/397/198
f 121/243/199 265/398/199 263/399/199
f 122/237/200 242/387/200 189/249/200
f 123/400/201 243/389/201 261/401/201
f 122/402/202 258/403/202 260/404/202
f 259/405/203 123/400/203 261/401/203
f 124/232/204 256/406/204 258/403/204
f 257/407/205 125/239/205 259/408/205
f 126/230/206 254/409/206 256/406/206
f 255/410/207 127/234/207 257/407/207
f 128/228/208 252/411/208 254/409/208
f 253/412/209 129/231/209 255/410/209
f 132/413/210 252/414/210 130/415/210
f 133/416/211 253/412/211 251/417/211
f 134/418/212 250/419/212 132/413/212
f 135/420/213 251/417/213 249/421/213
f 134/418/214 244/422/214 248/423/214
f 245/424/215 135/420/215 249/421/215
f 187/425/216 246/426/216 244/427/216
f 247/428/217 188/429/217 245/424/217
f 136/430/218 264/396/218 246/426/218
f 265/398/219 137/210/219 247/428/219
f 264/431/220 284/432/220 246/433/220
f 265/398/221 285/434/221 267/435/221
f 244/436/222 284/432/222 286/437/222
f 285/434/223 245/424/223 287/438/223
f 244/436/224 282/439/224 248/440/224
f 245/441/225 283/442/225 287/443/225
f 248/440/226 280/444/226 250/445/226
f 249/446/227 281/447/227 283/442/227
f 252/448/228 280/449/228 278/450/228
f 281/447/229 253/451/229 279/452/229
f 252/448/230 276/453/230 254/454/230
f 253/451/231 277/455/231 279/452/231
f 256/456/232 276/453/232 274/457/232
f 277/458/233 257/407/233 275/459/233
f 256/456/234 272/460/234 258/461/234
f 257/407/235 273/462/235 275/459/235
f 258/463/236 270/464/236 260/465/236
f 259/408/237 271/466/237 273/462/237
f 242/467/238 270/464/238 288/468/238
f 271/466/239 243/469/239 289/470/239
f 264/431/240 268/471/240 266/472/240
f 269/473/241 265/398/241 267/435/241
f 262/474/242 290/475/242 268/471/242
f 291/476/243 263/399/243 269/473/243
f 240/477/244 288/468/244 290/478/244
f 289/470/245 241/479/245 291/476/245
f 75/480/246 292/481/246 81/482/246
f 293/483/247 75/205/247 81/484/247
f 116/485/248 294/486/248 292/481/248
f 295/487/249 117/200/249 293/483/249
f 112/488/250 294/486/250 114/489/250
f 113/490/251 295/491/251 297/492/251
f 110/186/252 296/493/252 112/494/252
f 111/495/253 297/492/253 299/496/253
f 108/181/254 298/497/254 110/186/254
f 109/498/255 299/496/255 301/499/255
f 108/181/256 302/500/256 300/501/256
f 303/502/257 109/498/257 301/499/257
f 104/503/258 302/504/258 106/505/258
f 105/506/259 303/502/259 305/507/259
f 104/503/260 306/508/260 304/509/260
f 307/510/261 105/511/261 305/512/261
f 102/513/262 308/514/262 306/508/262
f 309/515/263 103/516/263 307/510/263
f 317/517/264 346/518/264 316/519/264
f 317/520/265 347/521/265 337/522/265
f 316/519/266 344/523/266 315/524/266
f 316/519/267 345/525/267 347/526/267
f 315/524/268 348/527/268 314/528/268
f 315/524/269 349/529/269 345/525/269
f 97/141/270 314/530/270 348/531/270
f 314/532/271 98/533/271 349/534/271
f 95/535/272 348/536/272 342/537/272
f 349/534/273 96/538/273 343/539/273
f 93/540/274 342/541/274 338/542/274
f 343/539/275 94/543/275 339/544/275
f 91/158/276 338/545/276 340/546/276
f 339/547/277 92/548/277 341/549/277
f 338/542/278 346/518/278 340/550/278
f 347/526/279 339/551/279 341/552/279
f 342/541/280 344/523/280 338/542/280
f 343/553/281 345/525/281 349/529/281
f 340/550/282 336/554/282 334/555/282
f 341/556/283 337/522/283 347/521/283
f 89/156/284 340/546/284 334/557/284
f 341/549/285 90/558/285 335/559/285
f 350/560/286 223/339/286 217/336/286
f 351/561/287 224/562/287 353/563/287
f 334/557/288 217/336/288 89/156/288
f 335/559/289 218/564/289 351/561/289
f 223/339/290 354/565/290 87/342/290
f 224/562/291 355/566/291 353/563/291
f 354/567/292 100/568/292 87/569/292
f 355/570/293 101/571/293 309/515/293
f 332/572/294 312/573/294 85/574/294
f 333/575/295 312/576/295 361/577/295
f 360/578/296 86/579/296 312/573/296
f 361/577/297 86/580/297 359/581/297
f 86/582/298 356/583/298 313/584/298
f 357/585/299 86/580/299 313/586/299
f 313/584/300 336/587/300 317/588/300
f 337/522/301 313/586/301 317/520/301
f 336/589/302 350/560/302 334/557/302
f 337/522/303 351/590/303 357/585/303
f 304/591/304 326/592/304 318/593/304
f 327/594/305 305/512/305 319/595/305
f 324/596/306 85/574/306 84/597/306
f 325/598/307 85/574/307 333/599/307
f 366/600/308 311/601/308 310/602/308
f 367/603/309 311/604/309 365/605/309
f 311/604/310 362/606/310 83/607/310
f 363/608/311 311/604/311 83/607/311
f 83/609/312 324/596/312 84/597/312
f 325/610/313 83/607/313 84/611/313
f 300/501/314 370/612/314 372/613/314
f 371/614/315 301/499/315 373/615/315
f 372/613/316 376/616/316 374/617/316
f 377/618/317 373/619/317 375/620/317
f 374/617/318 378/621/318 380/622/318
f 379/623/319 375/624/319 381/625/319
f 380/622/320 384/626/320 382/627/320
f 385/628/321 381/625/321 383/629/321
f 386/630/322 384/631/322 322/632/322
f 387/633/323 385/628/323 383/629/323
f 324/596/324 382/634/324 386/630/324
f 383/629/325 325/610/325 387/633/325
f 362/635/326 380/622/326 382/627/326
f 381/625/327 363/608/327 383/629/327
f 364/636/328 374/617/328 380/622/328
f 375/624/329 365/605/329 381/625/329
f 366/600/330 372/613/330 374/617/330
f 373/619/331 367/637/331 375/620/331
f 300/501/332 368/638/332 298/497/332
f 301/499/333 369/639/333 373/615/333
f 368/640/334 310/641/334 82/642/334
f 369/643/335 310/641/335 367/637/335
f 292/644/336 296/645/336 298/646/336
f 297/647/337 293/648/337 299/649/337
f 292/650/338 368/638/338 82/651/338
f 369/652/339 293/653/339 82/654/339
f 81/655/340 292/656/340 82/657/340
f 82/657/341 293/658/341 81/655/341
f 304/659/342 370/612/342 302/500/342
f 305/507/343 371/614/343 319/660/343
f 318/661/344 376/616/344 370/612/344
f 377/618/345 319/662/345 371/663/345
f 320/664/346 378/621/346 376/616/346
f 379/623/347 321/665/347 377/666/347
f 384/626/348 390/667/348 322/668/348
f 385/669/349 391/670/349 379/671/349
f 358/672/350 392/673/350 356/583/350
f 359/581/351 393/674/351 395/675/351
f 392/673/352 328/676/352 326/592/352
f 393/674/353 329/677/353 395/675/353
f 306/678/354 392/673/354 326/592/354
f 393/674/355 307/510/355 327/594/355
f 308/679/356 350/680/356 392/673/356
f 351/590/357 309/515/357 393/674/357
f 350/680/358 356/583/358 392/673/358
f 393/674/359 357/585/359 351/590/359
f 308/679/360 354/681/360 352/682/360
f 353/683/361 355/684/361 309/685/361
f 330/686/362 386/630/362 322/632/362
f 331/687/363 387/688/363 389/689/363
f 386/630/364 332/572/364 324/596/364
f 387/688/365 333/575/365 389/689/365
f 394/690/366 330/686/366 328/691/366
f 395/675/367 331/687/367 389/689/367
f 360/578/368 394/690/368 358/692/368
f 361/577/369 395/675/369 389/689/369
f 332/572/370 388/693/370 360/578/370
f 361/577/371 389/689/371 333/575/371
f 396/694/372 410/695/372 408/696/372
f 397/697/373 411/698/373 423/699/373
f 408/700/374 412/701/374 406/702/374
f 413/703/375 409/704/375 407/705/375
f 412/706/376 404/707/376 406/708/376
f 413/703/377 405/709/377 415/710/377
f 414/711/378 402/712/378 404/707/378
f 415/710/379 403/713/379 417/714/379
f 416/715/380 400/716/380 402/717/380
f 417/714/381 401/718/381 419/719/381
f 400/716/382 420/720/382 398/721/382
f 421/722/383 401/718/383 399/723/383
f 418/724/384 426/725/384 420/726/384
f 427/727/385 419/719/385 421/722/385
f 416/728/386 428/729/386 418/730/386
f 429/731/387 417/732/387 419/733/387
f 432/734/388 416/728/388 414/711/388
f 433/735/389 417/732/389 431/736/389
f 434/737/390 414/711/390 412/706/390
f 435/738/391 415/739/391 433/740/391
f 436/741/392 412/742/392 410/743/392
f 437/744/393 413/703/393 435/745/393
f 410/743/394 424/746/394 436/741/394
f 425/747/395 411/698/395 437/744/395
f 328/676/396 450/748/396 326/592/396
f 329/677/397 451/749/397 453/750/397
f 398/751/398 452/752/398 328/753/398
f 399/723/399 453/754/399 421/722/399
f 318/755/400 450/756/400 320/757/400
f 451/749/401 319/595/401 321/758/401
f 390/759/402 422/760/402 396/694/402
f 423/699/403 391/761/403 397/697/403
f 420/726/404 448/762/404 452/763/404
f 449/764/405 421/765/405 453/766/405
f 454/767/406 448/768/406 446/769/406
f 455/770/407 449/771/407 453/772/407
f 442/773/4 446/774/4 444/775/4
f 447/776/4 443/777/4 445/778/4
f 456/779/408 442/780/408 440/781/408
f 457/782/409 443/783/409 455/784/409
f 456/779/410 458/785/410 438/786/410
f 457/787/411 459/788/411 441/789/411
f 438/786/412 424/746/412 422/790/412
f 439/791/413 425/747/413 459/788/413
f 320/664/414 438/792/414 390/667/414
f 439/793/415 321/758/415 391/794/415
f 450/795/416 456/779/416 320/796/416
f 451/749/417 457/782/417 455/784/417
f 450/797/418 452/798/418 454/799/418
f 455/784/419 453/750/419 451/749/419
f 424/746/420 460/800/420 484/801/420
f 461/802/421 425/803/421 485/804/421
f 440/781/422 460/800/422 458/785/422
f 441/805/423 461/802/423 471/806/423
f 440/781/424 468/807/424 470/808/424
f 469/809/425 441/805/425 471/806/425
f 444/775/426 468/810/426 442/773/426
f 445/811/427 469/812/427 467/813/427
f 446/774/428 466/814/428 444/775/428
f 447/776/429 467/815/429 465/816/429
f 446/769/430 462/817/430 464/818/430
f 463/819/431 447/820/431 465/821/431
f 448/822/6 482/823/6 462/824/6
f 483/825/6 449/764/6 463/826/6
f 436/741/432 484/801/432 472/827/432
f 485/804/433 437/828/433 473/829/433
f 434/830/434 472/827/434 474/831/434
f 473/829/435 435/832/435 475/833/435
f 432/834/436 474/835/436 476/836/436
f 475/837/437 433/838/437 477/839/437
f 432/840/438 478/841/438 430/842/438
f 433/838/439 479/843/439 477/839/439
f 430/842/440 480/844/440 428/845/440
f 431/736/441 481/846/441 479/847/441
f 428/845/442 482/823/442 426/848/442
f 429/849/443 483/825/443 481/850/443
f 464/851/444 486/852/444 466/853/444
f 465/816/445 487/854/445 489/855/445
f 488/856/446 492/857/446 486/852/446
f 489/855/447 493/858/447 491/859/447
f 492/857/448 496/860/448 494/861/448
f 497/862/449 493/858/449 495/863/449
f 496/860/450 500/864/450 494/861/450
f 497/862/451 501/865/451 499/866/451
f 472/867/452 494/861/452 500/864/452
f 495/863/453 473/868/453 501/865/453
f 492/869/454 484/801/454 460/800/454
f 493/858/455 485/870/455 495/863/455
f 470/871/456 492/857/456 460/872/456
f 471/873/457 493/858/457 487/854/457
f 466/853/4 470/871/4 468/874/4
f 471/873/4 467/815/4 469/875/4
f 482/876/458 464/851/458 462/877/458
f 483/878/459 465/879/459 489/880/459
f 480/881/460 488/882/460 482/883/460
f 489/855/461 481/884/461 483/885/461
f 496/886/462 480/881/462 478/887/462
f 497/862/463 481/884/463 491/859/463
f 498/888/464 478/887/464 476/889/464
f 499/866/465 479/890/465 497/862/465
f 474/891/466 498/892/466 476/893/466
f 499/866/467 475/894/467 477/895/467
f 472/896/468 500/897/468 474/891/468
f 475/894/469 501/865/469 473/868/469
f 400/716/470 512/898/470 510/899/470
f 513/900/471 401/901/471 511/902/471
f 402/717/472 510/899/472 508/903/472
f 511/902/473 403/904/473 509/905/473
f 402/717/474 506/906/474 404/907/474
f 403/904/475 507/908/475 509/905/475
f 404/909/476 504/910/476 406/911/476
f 405/912/477 505/913/477 507/914/477
f 406/915/478 502/916/478 408/917/478
f 407/918/479 503/919/479 505/913/479
f 408/917/480 514/920/480 396/921/480
f 409/922/481 515/923/481 503/924/481
f 510/925/482 514/920/482 502/916/482
f 511/926/483 515/927/483 513/928/483
f 502/929/484 508/930/484 510/931/484
f 509/932/485 503/933/485 511/926/485
f 504/934/486 506/935/486 508/930/486
f 509/936/487 507/914/487 505/913/487
f 390/937/488 514/920/488 322/938/488
f 391/939/489 515/923/489 397/940/489
f 322/632/490 512/941/490 330/686/490
f 513/942/491 323/943/491 331/687/491
f 328/944/492 512/945/492 398/946/492
f 513/947/493 329/948/493 399/949/493
f 992/950/494 528/951/494 529/952/494
f 995/953/495 537/954/495 996/955/495
f 519/956/496 529/952/496 530/957/496
f 996/955/497 538/958/497 997/959/497
f 519/956/498 531/960/498 520/961/498
f 989/962/499 516/963/499 524/964/499
f 523/965/500 997/959/500 538/958/500
f 520/961/501 532/966/501 521/967/501
f 990/968/502 524/964/502 525/969/502
f 993/970/503 532/966/503 533/971/503
f 990/968/504 526/972/504 517/973/504
f 993/970/505 534/974/505 522/975/505
f 517/973/506 527/976/506 991/977/506
f 522/975/507 535/978/507 994/979/507
f 518/980/508 527/976/508 528/981/508
f 994/979/509 536/982/509 995/983/509
f 534/974/510 550/984/510 535/978/510
f 528/951/511 542/985/511 543/986/511
f 536/982/512 550/984/512 551/987/512
f 529/952/513 543/986/513 544/988/513
f 536/989/514 552/990/514 537/954/514
f 529/952/515 545/991/515 530/957/515
f 537/954/516 553/992/516 538/958/516
f 531/960/517 545/991/517 546/993/517
f 524/964/518 516/963/518 539/994/518
f 523/965/519 538/958/519 553/992/519
f 531/960/520 547/995/520 532/966/520
f 525/969/521 539/994/521 540/996/521
f 532/966/522 548/997/522 533/971/522
f 526/972/523 540/996/523 541/998/523
f 533/971/524 549/999/524 534/974/524
f 526/972/525 542/1000/525 527/976/525
f 523/965/526 553/992/526 568/1001/526
f 546/993/527 562/1002/527 547/995/527
f 539/994/528 555/1003/528 540/996/528
f 547/995/529 563/1004/529 548/997/529
f 541/998/530 555/1003/530 556/1005/530
f 549/999/531 563/1004/531 564/1006/531
f 541/998/532 557/1007/532 542/1000/532
f 549/999/533 565/1008/533 550/984/533
f 543/986/534 557/1009/534 558/1010/534
f 550/984/535 566/1011/535 551/987/535
f 543/986/536 559/1012/536 544/988/536
f 551/1013/537 567/1014/537 552/990/537
f 545/991/538 559/1012/538 560/1015/538
f 552/990/539 568/1001/539 553/992/539
f 545/991/540 561/1016/540 546/993/540
f 539/994/541 516/963/541 554/1017/541
f 566/1018/542 580/1019/542 581/1020/542
f 558/1010/543 574/1021/543 559/1012/543
f 567/1014/544 581/1020/544 582/1022/544
f 559/1012/545 575/1023/545 560/1015/545
f 567/1014/546 583/1024/546 568/1001/546
f 560/1015/547 576/1025/547 561/1016/547
f 554/1017/548 516/963/548 569/1026/548
f 523/965/549 568/1001/549 583/1024/549
f 561/1016/550 577/1027/550 562/1002/550
f 554/1017/551 570/1028/551 555/1003/551
f 562/1002/552 578/1029/552 563/1004/552
f 555/1003/553 571/1030/553 556/1005/553
f 563/1004/554 579/1031/554 564/1006/554
f 556/1005/555 572/1032/555 557/1007/555
f 565/1008/556 579/1031/556 580/1033/556
f 558/1010/557 572/1034/557 573/1035/557
f 569/1026/558 585/1036/558 570/1028/558
f 577/1027/559 593/1037/559 578/1029/559
f 571/1030/560 585/1036/560 586/1038/560
f 579/1031/561 593/1037/561 594/1039/561
f 571/1030/562 587/1040/562 572/1032/562
f 579/1031/563 595/1041/563 580/1033/563
f 573/1035/564 587/1042/564 588/1043/564
f 581/1020/565 595/1044/565 596/1045/565
f 573/1035/566 589/1046/566 574/1021/566
f 581/1020/567 597/1047/567 582/1022/567
f 575/1023/568 589/1046/568 590/1048/568
f 582/1022/569 598/1049/569 583/1024/569
f 576/1025/570 590/1048/570 591/1050/570
f 569/1026/571 516/963/571 584/1051/571
f 523/965/572 583/1024/572 598/1049/572
f 576/1025/573 592/1052/573 577/1027/573
f 588/1043/574 604/1053/574 589/1046/574
f 596/1045/575 612/1054/575 597/1047/575
f 590/1048/576 604/1053/576 605/1055/576
f 597/1047/577 613/1056/577 598/1049/577
f 590/1048/578 606/1057/578 591/1050/578
f 584/1051/579 516/963/579 599/1058/579
f 523/965/580 598/1049/580 613/1056/580
f 591/1050/581 607/1059/581 592/1052/581
f 585/1036/582 599/1058/582 600/1060/582
f 592/1052/583 608/1061/583 593/1037/583
f 585/1036/584 601/1062/584 586/1038/584
f 593/1037/585 609/1063/585 594/1039/585
f 586/1038/586 602/1064/586 587/1040/586
f 595/1041/587 609/1063/587 610/1065/587
f 587/1066/588 603/1067/588 588/1068/588
f 596/1045/589 610/1069/589 611/1070/589
f 607/1059/590 623/1071/590 608/1061/590
f 601/1062/591 615/1072/591 616/1073/591
f 608/1061/592 624/1074/592 609/1063/592
f 601/1075/593 617/1076/593 602/1077/593
f 610/1069/594 624/1078/594 625/1079/594
f 603/1067/595 617/1076/595 618/1080/595
f 610/1069/596 626/1081/596 611/1070/596
f 604/1082/597 618/1080/597 619/1083/597
f 612/1054/598 626/1081/598 627/1084/598
f 605/1085/599 619/1083/599 620/1086/599
f 612/1054/600 628/1087/600 613/1056/600
f 605/1085/601 621/1088/601 606/1089/601
f 599/1058/602 516/963/602 614/1090/602
f 523/965/603 613/1056/603 628/1087/603
f 607/1059/604 621/1091/604 622/1092/604
f 599/1058/605 615/1072/605 600/1060/605
f 627/1084/606 641/1093/606 642/1094/606
f 620/1086/607 634/1095/607 635/1096/607
f 627/1084/608 643/1097/608 628/1087/608
f 621/1088/609 635/1096/609 636/1098/609
f 614/1090/610 516/963/610 629/1099/610
f 523/965/611 628/1087/611 643/1097/611
f 621/1088/612 637/1100/612 622/1101/612
f 614/1090/613 630/1102/613 615/1072/613
f 622/1101/614 638/1103/614 623/1104/614
f 615/1072/615 631/1105/615 616/1073/615
f 624/1078/616 638/1106/616 639/1107/616
f 616/1108/617 632/1109/617 617/1076/617
f 625/1079/618 639/1107/618 640/1110/618
f 618/1080/619 632/1109/619 633/1111/619
f 626/1081/620 640/1110/620 641/1093/620
f 618/1080/621 634/1095/621 619/1083/621
f 630/1102/622 646/1112/622 631/1105/622
f 639/1107/623 653/1113/623 654/1114/623
f 631/1115/624 647/1116/624 632/1109/624
f 639/1107/625 655/1117/625 640/1110/625
f 633/1111/626 647/1116/626 648/1118/626
f 640/1110/627 656/1119/627 641/1093/627
f 633/1111/628 649/1120/628 634/1095/628
f 641/1093/629 657/1121/629 642/1094/629
f 635/1096/630 649/1120/630 650/1122/630
f 642/1094/631 658/1123/631 643/1097/631
f 636/1098/632 650/1122/632 651/1124/632
f 629/1099/633 516/963/633 644/1125/633
f 523/965/634 643/1097/634 658/1123/634
f 636/1098/635 652/1126/635 637/1100/635
f 630/1102/636 644/1125/636 645/1127/636
f 637/1100/637 653/1128/637 638/1103/637
f 650/1122/638 664/1129/638 665/1130/638
f 657/1121/639 673/1131/639 658/1123/639
f 651/1124/640 665/1130/640 666/1132/640
f 644/1125/641 516/963/641 659/1133/641
f 523/965/642 658/1123/642 673/1131/642
f 652/1126/643 666/1132/643 667/1134/643
f 644/1125/644 660/1135/644 645/1127/644
f 652/1126/645 668/1136/645 653/1128/645
f 645/1127/646 661/1137/646 646/1112/646
f 654/1138/647 668/1136/647 669/1139/647
f 646/1140/648 662/1141/648 647/1116/648
f 654/1114/649 670/1142/649 655/1117/649
f 648/1118/650 662/1141/650 663/1143/650
f 655/1117/651 671/1144/651 656/1119/651
f 648/1118/652 664/1129/652 649/1120/652
f 657/1121/653 671/1144/653 672/1145/653
f 669/1139/654 683/1146/654 684/1147/654
f 661/1148/655 677/1149/655 662/1141/655
f 669/1150/656 685/1151/656 670/1142/656
f 663/1143/657 677/1149/657 678/1152/657
f 670/1142/658 686/1153/658 671/1144/658
f 663/1143/659 679/1154/659 664/1129/659
f 672/1145/660 686/1153/660 687/1155/660
f 665/1130/661 679/1154/661 680/1156/661
f 672/1145/662 688/1157/662 673/1131/662
f 666/1132/663 680/1156/663 681/1158/663
f 659/1133/664 516/963/664 674/1159/664
f 523/965/665 673/1131/665 688/1157/665
f 666/1132/666 682/1160/666 667/1134/666
f 660/1135/667 674/1159/667 675/1161/667
f 668/1136/668 682/1160/668 683/1146/668
f 660/1162/669 676/1163/669 661/1148/669
f 687/1155/670 703/1164/670 688/1157/670
f 681/1158/671 695/1165/671 696/1166/671
f 674/1159/672 516/963/672 689/1167/672
f 523/965/673 688/1157/673 703/1164/673
f 681/1158/674 697/1168/674 682/1160/674
f 675/1161/675 689/1167/675 690/1169/675
f 682/1160/676 698/1170/676 683/1146/676
f 675/1161/677 691/1171/677 676/1172/677
f 684/1173/678 698/1174/678 699/1175/678
f 676/1163/679 692/1176/679 677/1149/679
f 684/1173/680 700/1177/680 685/1151/680
f 678/1152/681 692/1176/681 693/1178/681
f 686/1153/682 700/1177/682 701/1179/682
f 678/1152/683 694/1180/683 679/1154/683
f 687/1155/684 701/1179/684 702/1181/684
f 680/1156/685 694/1180/685 695/1165/685
f 699/1175/686 715/1182/686 700/1177/686
f 692/1176/687 708/1183/687 693/1178/687
f 700/1177/688 716/1184/688 701/1179/688
f 693/1178/689 709/1185/689 694/1180/689
f 702/1181/690 716/1184/690 717/1186/690
f 695/1165/691 709/1185/691 710/1187/691
f 703/1164/692 717/1186/692 718/1188/692
f 696/1166/693 710/1187/693 711/1189/693
f 689/1167/694 516/963/694 704/1190/694
f 523/965/695 703/1164/695 718/1188/695
f 696/1166/696 712/1191/696 697/1168/696
f 689/1167/697 705/1192/697 690/1169/697
f 697/1168/698 713/1193/698 698/1170/698
f 691/1171/699 705/1192/699 706/1194/699
f 699/1175/700 713/1195/700 714/1196/700
f 691/1197/701 707/1198/701 692/1176/701
f 704/1190/702 516/963/702 719/1199/702
f 523/965/703 718/1188/703 733/1200/703
f 711/1189/704 727/1201/704 712/1191/704
f 704/1190/705 720/1202/705 705/1192/705
f 712/1191/706 728/1203/706 713/1193/706
f 705/1192/707 721/1204/707 706/1194/707
f 714/1196/708 728/1205/708 729/1206/708
f 706/1207/709 722/1208/709 707/1198/709
f 714/1196/710 730/1209/710 715/1182/710
f 707/1198/711 723/1210/711 708/1183/711
f 716/1184/712 730/1209/712 731/1211/712
f 708/1183/713 724/1212/713 709/1185/713
f 717/1186/714 731/1211/714 732/1213/714
f 710/1187/715 724/1212/715 725/1214/715
f 718/1188/716 732/1213/716 733/1200/716
f 711/1189/717 725/1214/717 726/1215/717
f 723/1210/718 737/1216/718 738/1217/718
f 731/1211/719 745/1218/719 746/1219/719
f 723/1210/720 739/1220/720 724/1212/720
f 731/1211/721 747/1221/721 732/1213/721
f 725/1214/722 739/1220/722 740/1222/722
f 733/1200/723 747/1221/723 748/1223/723
f 726/1224/724 740/1225/724 741/1226/724
f 719/1199/725 516/963/725 734/1227/725
f 523/965/726 733/1200/726 748/1223/726
f 726/1224/727 742/1228/727 727/1229/727
f 720/1202/728 734/1227/728 735/1230/728
f 727/1229/729 743/1231/729 728/1232/729
f 720/1202/730 736/1233/730 721/1204/730
f 729/1206/731 743/1234/731 744/1235/731
f 721/1236/732 737/1216/732 722/1208/732
f 729/1206/733 745/1218/733 730/1209/733
f 741/1226/734 757/1237/734 742/1228/734
f 735/1230/735 749/1238/735 750/1239/735
f 742/1228/736 758/1240/736 743/1231/736
f 735/1230/737 751/1241/737 736/1233/737
f 744/1242/738 758/1240/738 759/1243/738
f 736/1233/739 752/1244/739 737/1245/739
f 744/1235/740 760/1246/740 745/1218/740
f 738/1247/741 752/1248/741 753/1249/741
f 746/1219/742 760/1246/742 761/1250/742
f 738/1247/743 754/1251/743 739/1252/743
f 747/1221/744 761/1250/744 762/1253/744
f 740/1225/745 754/1251/745 755/1254/745
f 748/1223/746 762/1253/746 763/1255/746
f 741/1226/747 755/1254/747 756/1256/747
f 734/1227/748 516/963/748 749/1238/748
f 523/965/749 748/1223/749 763/1255/749
f 761/1250/750 775/1257/750 776/1258/750
f 753/1249/751 769/1259/751 754/1251/751
f 761/1250/752 777/1260/752 762/1253/752
f 755/1254/753 769/1259/753 770/1261/753
f 763/1255/754 777/1260/754 778/1262/754
f 756/1256/755 770/1261/755 771/1263/755
f 749/1238/756 516/963/756 764/1264/756
f 523/965/757 763/1255/757 778/1262/757
f 756/1256/758 772/1265/758 757/1237/758
f 749/1238/759 765/1266/759 750/1239/759
f 757/1237/760 773/1267/760 758/1240/760
f 750/1239/761 766/1268/761 751/1241/761
f 759/1243/762 773/1267/762 774/1269/762
f 751/1270/763 767/1271/763 752/1248/763
f 760/1246/764 774/1272/764 775/1257/764
f 753/1249/765 767/1271/765 768/1273/765
f 765/1266/766 779/1274/766 780/1275/766
f 772/1265/767 788/1276/767 773/1267/767
f 765/1266/768 781/1277/768 766/1268/768
f 774/1269/769 788/1276/769 789/1278/769
f 766/1279/770 782/1280/770 767/1271/770
f 775/1281/771 789/1278/771 790/1282/771
f 768/1273/772 782/1280/772 783/1283/772
f 776/1258/773 790/1284/773 791/1285/773
f 768/1273/774 784/1286/774 769/1259/774
f 776/1258/775 792/1287/775 777/1260/775
f 770/1261/776 784/1286/776 785/1288/776
f 777/1260/777 793/1289/777 778/1262/777
f 771/1263/778 785/1288/778 786/1290/778
f 764/1264/779 516/963/779 779/1274/779
f 523/965/780 778/1262/780 793/1289/780
f 771/1263/781 787/1291/781 772/1265/781
f 783/1283/782 799/1292/782 784/1286/782
f 792/1287/783 806/1293/783 807/1294/783
f 785/1288/784 799/1292/784 800/1295/784
f 792/1287/785 808/1296/785 793/1289/785
f 786/1290/786 800/1295/786 801/1297/786
f 779/1274/787 516/963/787 794/1298/787
f 523/965/788 793/1289/788 808/1296/788
f 786/1290/789 802/1299/789 787/1291/789
f 779/1274/790 795/1300/790 780/1275/790
f 787/1291/791 803/1301/791 788/1276/791
f 780/1275/792 796/1302/792 781/1277/792
f 789/1278/793 803/1301/793 804/1303/793
f 782/1280/794 796/1304/794 797/1305/794
f 789/1278/795 805/1306/795 790/1282/795
f 783/1283/796 797/1305/796 798/1307/796
f 790/1284/797 806/1293/797 791/1285/797
f 802/1299/798 818/1308/798 803/1301/798
f 796/1302/799 810/1309/799 811/1310/799
f 804/1303/800 818/1308/800 819/1311/800
f 796/1302/801 812/1312/801 797/1313/801
f 805/1306/802 819/1311/802 820/1314/802
f 797/1305/803 813/1315/803 798/1307/803
f 805/1316/804 821/1317/804 806/1293/804
f 798/1307/805 814/1318/805 799/1292/805
f 806/1293/806 822/1319/806 807/1294/806
f 800/1295/807 814/1318/807 815/1320/807
f 808/1296/808 822/1319/808 823/1321/808
f 801/1297/809 815/1320/809 816/1322/809
f 794/1298/810 516/963/810 809/1323/810
f 523/965/811 808/1296/811 823/1321/811
f 801/1297/812 817/1324/812 802/1299/812
f 794/1298/813 810/1309/813 795/1300/813
f 821/1317/814 837/1325/814 822/1319/814
f 814/1318/815 830/1326/815 815/1320/815
f 822/1319/816 838/1327/816 823/1321/816
f 816/1322/817 830/1326/817 831/1328/817
f 809/1323/818 516/963/818 824/1329/818
f 523/965/819 823/1321/819 838/1327/819
f 816/1322/820 832/1330/820 817/1324/820
f 810/1309/821 824/1329/821 825/1331/821
f 817/1324/822 833/1332/822 818/1308/822
f 811/1310/823 825/1331/823 826/1333/823
f 818/1308/824 834/1334/824 819/1311/824
f 812/1312/825 826/1333/825 827/1335/825
f 820/1314/826 834/1334/826 835/1336/826
f 812/1337/827 828/1338/827 813/1315/827
f 821/1317/828 835/1339/828 836/1340/828
f 813/1315/829 829/1341/829 814/1318/829
f 834/1334/830 848/1342/830 849/1343/830
f 826/1333/831 842/1344/831 827/1335/831
f 834/1345/832 850/1346/832 835/1347/832
f 828/1338/833 842/1348/833 843/1349/833
f 836/1340/834 850/1350/834 851/1351/834
f 828/1338/835 844/1352/835 829/1341/835
f 836/1340/836 852/1353/836 837/1325/836
f 829/1341/837 845/1354/837 830/1326/837
f 838/1327/838 852/1353/838 853/1355/838
f 831/1328/839 845/1354/839 846/1356/839
f 824/1329/840 516/963/840 839/1357/840
f 523/965/841 838/1327/841 853/1355/841
f 831/1328/842 847/1358/842 832/1330/842
f 824/1329/843 840/1359/843 825/1331/843
f 832/1330/844 848/1342/844 833/1332/844
f 826/1333/845 840/1359/845 841/1360/845
f 852/1353/846 868/1361/846 853/1355/846
f 846/1356/847 860/1362/847 861/1363/847
f 839/1357/848 516/963/848 854/1364/848
f 523/965/849 853/1355/849 868/1361/849
f 846/1365/850 862/1366/850 847/1367/850
f 839/1357/851 855/1368/851 840/1359/851
f 847/1367/852 863/1369/852 848/1370/852
f 841/1360/853 855/1368/853 856/1371/853
f 849/1372/854 863/1369/854 864/1373/854
f 841/1360/855 857/1374/855 842/1344/855
f 849/1372/856 865/1375/856 850/1346/856
f 843/1376/857 857/1374/857 858/1377/857
f 851/1378/858 865/1375/858 866/1379/858
f 843/1349/859 859/1380/859 844/1352/859
f 851/1351/860 867/1381/860 852/1353/860
f 845/1354/861 859/1380/861 860/1362/861
f 856/1371/862 872/1382/862 857/1374/862
f 864/1373/863 880/1383/863 865/1375/863
f 857/1374/864 873/1384/864 858/1377/864
f 866/1379/865 880/1383/865 881/1385/865
f 858/1377/866 874/1386/866 859/1387/866
f 867/1381/867 881/1388/867 882/1389/867
f 860/1390/868 874/1391/868 875/1392/868
f 868/1361/869 882/1389/869 883/1393/869
f 861/1394/870 875/1392/870 876/1395/870
f 854/1364/871 516/963/871 869/1396/871
f 523/965/872 868/1361/872 883/1393/872
f 861/1394/873 877/1397/873 862/1366/873
f 854/1364/874 870/1398/874 855/1368/874
f 862/1366/875 878/1399/875 863/1369/875
f 855/1368/876 871/1400/876 856/1371/876
f 864/1373/877 878/1399/877 879/1401/877
f 876/1395/878 890/1402/878 891/1403/878
f 869/1396/879 516/963/879 884/1404/879
f 523/965/880 883/1393/880 898/1405/880
f 876/1395/881 892/1406/881 877/1397/881
f 869/1396/882 885/1407/882 870/1398/882
f 877/1397/883 893/1408/883 878/1399/883
f 871/1400/884 885/1407/884 886/1409/884
f 879/1401/885 893/1408/885 894/1410/885
f 871/1400/886 887/1411/886 872/1382/886
f 879/1401/887 895/1412/887 880/1383/887
f 872/1382/888 888/1413/888 873/1384/888
f 881/1385/889 895/1412/889 896/1414/889
f 874/1386/890 888/1413/890 889/1415/890
f 881/1388/891 897/1416/891 882/1389/891
f 875/1392/892 889/1417/892 890/1402/892
f 882/1389/893 898/1405/893 883/1393/893
f 894/1410/894 910/1418/894 895/1412/894
f 888/1413/895 902/1419/895 903/1420/895
f 896/1414/896 910/1418/896 911/1421/896
f 888/1422/897 904/1423/897 889/1417/897
f 896/1424/898 912/1425/898 897/1416/898
f 890/1402/899 904/1423/899 905/1426/899
f 897/1416/900 913/1427/900 898/1405/900
f 891/1403/901 905/1426/901 906/1428/901
f 884/1404/902 516/963/902 899/1429/902
f 523/965/903 898/1405/903 913/1427/903
f 891/1403/904 907/1430/904 892/1406/904
f 885/1407/905 899/1429/905 900/1431/905
f 892/1406/906 908/1432/906 893/1408/906
f 886/1409/907 900/1431/907 901/1433/907
f 894/1410/908 908/1432/908 909/1434/908
f 886/1409/909 902/1419/909 887/1411/909
f 899/1429/910 516/963/910 914/1435/910
f 523/965/911 913/1427/911 928/1436/911
f 906/1428/912 922/1437/912 907/1430/912
f 899/1429/913 915/1438/913 900/1431/913
f 907/1430/914 923/1439/914 908/1432/914
f 900/1431/915 916/1440/915 901/1433/915
f 909/1434/916 923/1439/916 924/1441/916
f 901/1433/917 917/1442/917 902/1419/917
f 909/1434/918 925/1443/918 910/1418/918
f 903/1420/919 917/1442/919 918/1444/919
f 911/1421/920 925/1443/920 926/1445/920
f 903/1446/921 919/1447/921 904/1423/921
f 911/1421/922 927/1448/922 912/1449/922
f 905/1426/923 919/1447/923 920/1450/923
f 912/1425/924 928/1436/924 913/1427/924
f 906/1428/925 920/1450/925 921/1451/925
f 917/1442/926 933/1452/926 918/1444/926
f 926/1445/927 940/1453/927 941/1454/927
f 918/1444/928 934/1455/928 919/1456/928
f 926/1457/929 942/1458/929 927/1459/929
f 920/1450/930 934/1460/930 935/1461/930
f 927/1459/931 943/1462/931 928/1436/931
f 921/1451/932 935/1461/932 936/1463/932
f 914/1435/933 516/963/933 929/1464/933
f 523/965/934 928/1436/934 943/1462/934
f 921/1451/935 937/1465/935 922/1437/935
f 915/1438/936 929/1464/936 930/1466/936
f 922/1437/937 938/1467/937 923/1439/937
f 916/1440/938 930/1466/938 931/1468/938
f 924/1441/939 938/1467/939 939/1469/939
f 916/1440/940 932/1470/940 917/1442/940
f 924/1441/941 940/1453/941 925/1443/941
f 936/1463/942 952/1471/942 937/1465/942
f 929/1464/943 945/1472/943 930/1466/943
f 937/1465/944 953/1473/944 938/1467/944
f 931/1468/945 945/1472/945 946/1474/945
f 939/1469/946 953/1473/946 954/1475/946
f 931/1468/947 947/1476/947 932/1470/947
f 939/1469/948 955/1477/948 940/1453/948
f 932/1470/949 948/1478/949 933/1452/949
f 940/1453/950 956/1479/950 941/1454/950
f 933/1452/951 949/1480/951 934/1455/951
f 942/1458/952 956/1481/952 957/1482/952
f 935/1461/953 949/1483/953 950/1484/953
f 942/1458/954 958/1485/954 943/1462/954
f 936/1463/955 950/1484/955 951/1486/955
f 929/1464/956 516/963/956 944/1487/956
f 523/965/957 943/1462/957 958/1485/957
f 955/1477/958 971/1488/958 956/1479/958
f 948/1478/959 964/1489/959 949/1480/959
f 956/1481/960 972/1490/960 957/1482/960
f 950/1484/961 964/1491/961 965/1492/961
f 957/1482/962 973/1493/962 958/1485/962
f 951/1486/963 965/1492/963 966/1494/963
f 944/1487/964 516/963/964 959/1495/964
f 523/965/965 958/1485/965 973/1493/965
f 951/1486/966 967/1496/966 952/1471/966
f 944/1487/967 960/1497/967 945/1472/967
f 952/1471/968 968/1498/968 953/1473/968
f 945/1472/969 961/1499/969 946/1474/969
f 954/1475/970 968/1498/970 969/1500/970
f 946/1474/971 962/1501/971 947/1476/971
f 954/1475/972 970/1502/972 955/1477/972
f 947/1476/973 963/1503/973 948/1478/973
f 967/1496/974 983/1504/974 968/1498/974
f 960/1497/975 976/1505/975 961/1499/975
f 969/1500/976 983/1504/976 984/1506/976
f 962/1501/977 976/1505/977 977/1507/977
f 969/1500/978 985/1508/978 970/1502/978
f 962/1501/979 978/1509/979 963/1503/979
f 970/1502/980 986/1510/980 971/1488/980
f 963/1503/981 979/1511/981 964/1489/981
f 971/1512/982 987/1513/982 972/1490/982
f 965/1514/983 979/1515/983 980/1516/983
f 972/1490/984 988/1517/984 973/1493/984
f 966/1518/985 980/1516/985 981/1519/985
f 959/1495/986 516/963/986 974/1520/986
f 523/965/987 973/1493/987 988/1517/987
f 966/1518/988 982/1521/988 967/1522/988
f 960/1497/989 974/1520/989 975/1523/989
f 986/1524/990 996/955/990 987/1513/990
f 979/1515/991 519/956/991 980/1516/991
f 987/1513/992 997/959/992 988/1517/992
f 981/1519/993 519/956/993 520/961/993
f 974/1520/994 516/963/994 989/962/994
f 523/965/995 988/1517/995 997/959/995
f 981/1519/996 521/967/996 982/1521/996
f 975/1523/997 989/962/997 990/968/997
f 982/1521/998 993/970/998 983/1525/998
f 976/1505/999 990/968/999 517/973/999
f 983/1525/1000 522/975/1000 984/1526/1000
f 977/1507/1001 517/973/1001 991/977/1001
f 984/1526/1002 994/979/1002 985/1527/1002
f 978/1509/1003 991/977/1003 518/980/1003
f 986/1524/1004 994/1528/1004 995/953/1004
f 979/1515/1005 518/1529/1005 992/950/1005
f 999/1530/6 1000/1531/6 998/1532/6
f 2/1/1 4/1533/1 3/2/1
f 4/4/2 8/1534/2 7/5/2
f 8/7/3 6/1535/3 5/8/3
f 6/10/4 2/1536/4 1/11/4
f 7/13/5 5/1537/5 1/14/5
f 4/16/6 2/1538/6 6/17/6
f 55/19/1006 9/33/1006 11/20/1006
f 12/22/1007 10/36/1007 56/23/1007
f 53/21/1008 11/20/1008 13/25/1008
f 14/27/1009 12/22/1009 54/24/1009
f 11/20/1010 17/34/1010 15/29/1010
f 16/30/1011 18/1539/1011 12/31/1011
f 9/33/1012 19/37/1012 17/34/1012
f 18/35/1013 20/1540/1013 10/36/1013
f 19/37/1014 21/1541/1014 23/38/1014
f 24/39/1015 22/51/1015 20/40/1015
f 17/34/1016 23/38/1016 25/42/1016
f 26/43/1017 24/39/1017 18/41/1017
f 29/45/1018 27/57/1018 25/46/1018
f 30/48/1019 24/39/1019 26/43/1019
f 21/50/1020 31/52/1020 29/45/1020
f 30/48/1021 32/1542/1021 22/51/1021
f 31/52/1022 33/65/1022 35/53/1022
f 36/54/1023 34/92/1023 32/55/1023
f 35/53/1024 37/61/1024 27/57/1024
f 36/54/1025 30/56/1025 28/58/1025
f 41/60/1026 39/1543/1026 37/61/1026
f 42/62/1027 36/54/1027 38/59/1027
f 43/64/1028 41/60/1028 35/53/1028
f 44/66/1029 34/1544/1029 36/67/1029
f 45/69/1030 47/74/1030 41/70/1030
f 46/72/1031 44/66/1031 42/68/1031
f 47/74/1032 49/79/1032 39/75/1032
f 48/73/1033 42/68/1033 40/76/1033
f 53/78/1034 51/1545/1034 49/79/1034
f 54/24/1035 48/73/1035 50/77/1035
f 55/80/1036 53/78/1036 47/74/1036
f 56/23/1037 46/72/1037 48/73/1037
f 45/69/1038 59/1546/1038 57/81/1038
f 46/82/1039 56/1547/1039 58/83/1039
f 43/85/1040 61/91/1040 59/86/1040
f 44/88/1041 46/82/1041 60/84/1041
f 33/90/1042 63/96/1042 61/91/1042
f 34/92/1043 44/1548/1043 62/93/1043
f 31/95/1044 65/1549/1044 63/96/1044
f 32/55/1045 34/92/1045 64/94/1045
f 31/98/1046 21/104/1046 67/99/1046
f 68/101/1047 22/107/1047 32/102/1047
f 21/104/1048 19/1550/1048 71/105/1048
f 72/106/1049 20/1551/1049 22/107/1049
f 19/108/1050 9/114/1050 73/109/1050
f 74/111/1051 10/117/1051 20/112/1051
f 9/114/1052 55/1552/1052 57/115/1052
f 58/116/1053 56/1553/1053 10/117/1053
f 182/139/1054 184/143/1054 99/140/1054
f 183/142/1055 98/147/1055 99/140/1055
f 180/144/1056 182/139/1056 97/141/1056
f 181/146/1057 96/1554/1057 98/147/1057
f 93/148/1058 178/153/1058 180/144/1058
f 181/149/1059 179/154/1059 94/150/1059
f 91/152/1060 176/262/1060 178/153/1060
f 179/154/1061 177/159/1061 92/155/1061
f 89/156/1062 174/337/1062 176/157/1062
f 177/159/1063 175/261/1063 90/160/1063
f 87/161/1064 100/168/1064 154/162/1064
f 155/164/1065 101/571/1065 88/165/1065
f 102/167/1066 156/173/1066 154/162/1066
f 103/169/1067 101/1555/1067 155/170/1067
f 102/167/1068 104/178/1068 158/172/1068
f 159/174/1069 105/1556/1069 103/175/1069
f 106/177/1070 160/224/1070 158/172/1070
f 107/179/1071 105/1556/1071 159/174/1071
f 108/181/1072 162/187/1072 160/182/1072
f 109/184/1073 107/179/1073 161/180/1073
f 110/186/1074 164/191/1074 162/187/1074
f 111/188/1075 109/184/1075 163/185/1075
f 110/186/1076 112/494/1076 166/190/1076
f 167/192/1077 113/1557/1077 111/188/1077
f 114/193/1078 168/199/1078 166/194/1078
f 115/196/1079 113/1557/1079 167/192/1079
f 116/198/1080 170/204/1080 168/199/1080
f 117/200/1081 115/1558/1081 169/201/1081
f 75/203/1082 76/1559/1082 170/204/1082
f 75/205/1083 117/200/1083 171/202/1083
f 136/207/1084 168/213/1084 170/208/1084
f 137/210/1085 119/1560/1085 171/211/1085
f 136/207/1086 187/215/1086 166/212/1086
f 167/192/1087 188/429/1087 137/210/1087
f 164/214/1088 166/212/1088 187/215/1088
f 165/217/1089 135/223/1089 188/218/1089
f 162/220/1090 164/214/1090 134/216/1090
f 163/222/1091 133/227/1091 135/223/1091
f 160/224/1092 162/220/1092 132/221/1092
f 161/226/1093 131/1561/1093 133/227/1093
f 158/172/1094 160/224/1094 130/225/1094
f 159/174/1095 129/231/1095 131/229/1095
f 156/173/1096 158/172/1096 128/228/1096
f 157/176/1097 127/234/1097 129/231/1097
f 154/162/1098 156/173/1098 126/230/1098
f 155/233/1099 125/239/1099 127/234/1099
f 172/235/1100 154/1562/1100 124/236/1100
f 173/238/1101 123/241/1101 125/239/1101
f 122/237/1102 189/249/1102 185/240/1102
f 185/240/1103 190/250/1103 123/241/1103
f 170/208/1104 76/1563/1104 120/242/1104
f 171/211/1105 119/1560/1105 121/243/1105
f 120/242/1106 76/1563/1106 186/245/1106
f 186/247/1107 76/244/1107 121/243/1107
f 189/249/1108 191/386/1108 186/247/1108
f 190/250/1109 185/240/1109 186/247/1109
f 143/251/1110 145/1564/1110 184/143/1110
f 184/143/1111 145/1564/1111 144/252/1111
f 141/253/1112 143/251/1112 182/139/1112
f 183/142/1113 144/252/1113 142/254/1113
f 141/253/1114 180/144/1114 178/153/1114
f 142/256/1115 140/264/1115 179/154/1115
f 174/257/1116 195/266/1116 193/258/1116
f 194/260/1117 196/268/1117 175/261/1117
f 139/255/1118 178/153/1118 176/262/1118
f 177/159/1119 179/154/1119 140/264/1119
f 198/265/138 197/269/138 195/266/138
f 198/265/1120 153/332/1120 196/268/1120
f 195/266/140 197/269/140 77/270/140
f 196/268/1121 194/260/1121 77/270/1121
f 139/271/4 193/258/4 77/270/4
f 140/264/4 138/272/4 77/270/4
f 150/273/1122 201/313/1122 199/274/1122
f 200/276/1123 202/316/1123 151/277/1123
f 148/279/1124 203/307/1124 201/280/1124
f 202/282/1125 204/289/1125 149/283/1125
f 205/285/1126 203/1565/1126 148/286/1126
f 206/288/1127 147/1566/1127 149/283/1127
f 79/290/1128 205/303/1128 147/291/1128
f 152/275/1129 199/274/1129 78/296/1129
f 153/278/1130 198/1567/1130 78/298/1130
f 199/274/150 214/314/150 216/299/150
f 200/300/151 78/296/151 216/299/151
f 79/290/1131 207/318/1131 208/302/1131
f 209/304/1132 207/1568/1132 79/293/1132
f 205/305/1133 208/1569/1133 210/306/1133
f 211/308/1134 209/319/1134 206/309/1134
f 210/306/1135 212/1570/1135 201/280/1135
f 211/308/1136 204/310/1136 202/311/1136
f 201/313/1137 212/321/1137 214/314/1137
f 215/315/1138 213/1571/1138 202/316/1138
f 212/317/1139 210/1572/1139 208/302/1139
f 213/312/1140 207/1573/1140 209/319/1140
f 207/320/1141 216/299/1141 214/314/1141
f 215/301/1142 216/299/1142 207/320/1142
f 147/323/1143 148/327/1143 172/235/1143
f 173/324/1144 149/330/1144 147/325/1144
f 148/327/1145 150/1574/1145 219/328/1145
f 220/329/1146 151/1575/1146 149/330/1146
f 152/275/1147 221/1576/1147 219/331/1147
f 153/332/1148 151/1577/1148 220/333/1148
f 195/266/1149 174/257/1149 221/335/1149
f 196/268/1150 153/332/1150 222/334/1150
f 217/336/1151 221/340/1151 174/337/1151
f 218/338/1152 90/160/1152 175/261/1152
f 223/339/1153 219/343/1153 221/340/1153
f 224/341/1154 218/338/1154 222/334/1154
f 87/342/1155 172/1578/1155 219/343/1155
f 220/333/1156 173/1579/1156 88/344/1156
f 138/345/1157 80/348/1157 230/346/1157
f 138/345/1158 140/1580/1158 231/347/1158
f 141/349/1159 139/1581/1159 230/350/1159
f 231/347/1160 140/1580/1160 142/254/1160
f 143/353/1161 141/349/1161 228/351/1161
f 229/352/1162 142/254/1162 144/252/1162
f 145/356/1163 143/353/1163 226/354/1163
f 227/358/1164 144/1582/1164 145/356/1164
f 226/359/184 237/366/184 239/360/184
f 227/362/185 225/1583/185 239/363/185
f 226/359/1165 228/1584/1165 235/365/1165
f 236/367/1166 229/372/1166 227/362/1166
f 228/368/1 230/1585/1 233/369/1
f 234/371/3 231/1586/3 229/372/3
f 80/348/188 232/1587/188 233/373/188
f 80/374/189 231/1588/189 234/375/189
f 232/377/1167 239/1589/1167 237/378/1167
f 238/380/1168 239/1589/1168 232/377/1168
f 191/386/1169 189/249/1169 242/387/1169
f 243/389/1170 190/1590/1170 192/390/1170
f 120/392/1171 191/386/1171 240/388/1171
f 241/391/1172 192/390/1172 121/394/1172
f 120/392/1173 262/393/1173 264/396/1173
f 121/243/1174 119/1560/1174 265/398/1174
f 122/237/1175 260/1591/1175 242/387/1175
f 123/400/1176 190/1590/1176 243/389/1176
f 122/402/1177 124/232/1177 258/403/1177
f 259/405/1178 125/1592/1178 123/400/1178
f 124/232/1179 126/230/1179 256/406/1179
f 257/407/1180 127/234/1180 125/239/1180
f 126/230/1181 128/228/1181 254/409/1181
f 255/410/1182 129/231/1182 127/234/1182
f 128/228/1183 130/225/1183 252/411/1183
f 253/412/1184 131/229/1184 129/231/1184
f 132/413/1185 250/419/1185 252/414/1185
f 133/416/1186 131/229/1186 253/412/1186
f 134/418/1187 248/423/1187 250/419/1187
f 135/420/1188 133/416/1188 251/417/1188
f 134/418/1189 187/1593/1189 244/422/1189
f 245/424/1190 188/429/1190 135/420/1190
f 187/425/1191 136/430/1191 246/426/1191
f 247/428/1192 137/210/1192 188/429/1192
f 136/430/1193 118/397/1193 264/396/1193
f 265/398/1194 119/1560/1194 137/210/1194
f 264/431/1195 266/472/1195 284/432/1195
f 265/398/1196 247/428/1196 285/434/1196
f 244/436/1197 246/433/1197 284/432/1197
f 285/434/1198 247/428/1198 245/424/1198
f 244/436/1199 286/437/1199 282/439/1199
f 245/441/1200 249/446/1200 283/442/1200
f 248/440/1201 282/439/1201 280/444/1201
f 249/446/1202 251/1594/1202 281/447/1202
f 252/448/1203 250/1595/1203 280/449/1203
f 281/447/1204 251/1594/1204 253/451/1204
f 252/448/1205 278/450/1205 276/453/1205
f 253/451/1206 255/1596/1206 277/455/1206
f 256/456/1207 254/454/1207 276/453/1207
f 277/458/1208 255/410/1208 257/407/1208
f 256/456/1209 274/457/1209 272/460/1209
f 257/407/1210 259/408/1210 273/462/1210
f 258/463/1211 272/1597/1211 270/464/1211
f 259/408/1212 261/1598/1212 271/466/1212
f 242/467/238 260/465/238 270/464/238
f 271/466/239 261/1598/239 243/469/239
f 264/431/1213 262/474/1213 268/471/1213
f 269/473/1214 263/399/1214 265/398/1214
f 262/474/1215 240/1599/1215 290/475/1215
f 291/476/1216 241/479/1216 263/399/1216
f 240/477/1217 242/467/1217 288/468/1217
f 289/470/1218 243/469/1218 241/479/1218
f 75/480/1219 116/485/1219 292/481/1219
f 293/483/1220 117/200/1220 75/205/1220
f 116/485/1221 114/489/1221 294/486/1221
f 295/487/1222 115/1558/1222 117/200/1222
f 112/488/1223 296/1600/1223 294/486/1223
f 113/490/1224 115/1601/1224 295/491/1224
f 110/186/1225 298/497/1225 296/493/1225
f 111/495/1226 113/490/1226 297/492/1226
f 108/181/1227 300/501/1227 298/497/1227
f 109/498/1228 111/495/1228 299/496/1228
f 108/181/1229 106/183/1229 302/500/1229
f 303/502/1230 107/1602/1230 109/498/1230
f 104/503/1231 304/509/1231 302/504/1231
f 105/506/1232 107/1602/1232 303/502/1232
f 104/503/1233 102/513/1233 306/508/1233
f 307/510/1234 103/516/1234 105/511/1234
f 102/513/1235 100/568/1235 308/514/1235
f 309/515/1236 101/571/1236 103/516/1236
f 317/517/1237 336/554/1237 346/518/1237
f 317/520/1238 316/1603/1238 347/521/1238
f 316/519/1239 346/518/1239 344/523/1239
f 316/519/1240 315/524/1240 345/525/1240
f 315/524/1241 344/523/1241 348/527/1241
f 315/524/1242 314/528/1242 349/529/1242
f 97/141/1243 99/140/1243 314/530/1243
f 314/532/1244 99/1604/1244 98/533/1244
f 95/535/1245 97/1605/1245 348/536/1245
f 349/534/1246 98/533/1246 96/538/1246
f 93/540/1247 95/1606/1247 342/541/1247
f 343/539/1248 96/538/1248 94/543/1248
f 91/158/1249 93/1607/1249 338/545/1249
f 339/547/1250 94/1608/1250 92/548/1250
f 338/542/1251 344/523/1251 346/518/1251
f 347/526/1252 345/525/1252 339/551/1252
f 342/541/1253 348/527/1253 344/523/1253
f 343/553/1254 339/551/1254 345/525/1254
f 340/550/1255 346/518/1255 336/554/1255
f 341/556/1256 335/1609/1256 337/522/1256
f 89/156/1257 91/158/1257 340/546/1257
f 341/549/1258 92/548/1258 90/558/1258
f 350/560/1259 352/1610/1259 223/339/1259
f 351/561/1260 218/564/1260 224/562/1260
f 334/557/1261 350/560/1261 217/336/1261
f 335/559/1262 90/558/1262 218/564/1262
f 223/339/1263 352/1610/1263 354/565/1263
f 224/562/1264 88/1611/1264 355/566/1264
f 354/567/1265 308/514/1265 100/568/1265
f 355/570/1266 88/165/1266 101/571/1266
f 332/572/1267 360/578/1267 312/573/1267
f 333/575/1268 85/1612/1268 312/576/1268
f 360/578/1269 358/692/1269 86/579/1269
f 361/577/1270 312/576/1270 86/580/1270
f 86/582/1271 358/672/1271 356/583/1271
f 357/585/1272 359/581/1272 86/580/1272
f 313/584/1273 356/583/1273 336/587/1273
f 337/522/1274 357/585/1274 313/586/1274
f 336/589/1275 356/1613/1275 350/560/1275
f 337/522/1276 335/1609/1276 351/590/1276
f 304/591/1277 306/678/1277 326/592/1277
f 327/594/1278 307/510/1278 305/512/1278
f 324/596/1279 332/572/1279 85/574/1279
f 325/598/1280 84/597/1280 85/574/1280
f 366/600/1281 364/636/1281 311/601/1281
f 367/603/1282 310/1614/1282 311/604/1282
f 311/604/1283 364/1615/1283 362/606/1283
f 363/608/1284 365/605/1284 311/604/1284
f 83/609/1285 362/1616/1285 324/596/1285
f 325/610/1286 363/608/1286 83/607/1286
f 300/501/1287 302/500/1287 370/612/1287
f 371/614/1288 303/502/1288 301/499/1288
f 372/613/1289 370/612/1289 376/616/1289
f 377/618/1290 371/663/1290 373/619/1290
f 374/617/1291 376/616/1291 378/621/1291
f 379/623/1292 377/666/1292 375/624/1292
f 380/622/1293 378/621/1293 384/626/1293
f 385/628/1294 379/623/1294 381/625/1294
f 386/630/1295 382/634/1295 384/631/1295
f 387/633/1296 323/1617/1296 385/628/1296
f 324/596/1297 362/1616/1297 382/634/1297
f 383/629/1298 363/608/1298 325/610/1298
f 362/635/1299 364/636/1299 380/622/1299
f 381/625/1300 365/605/1300 363/608/1300
f 364/636/1301 366/600/1301 374/617/1301
f 375/624/1302 367/603/1302 365/605/1302
f 366/600/1303 368/638/1303 372/613/1303
f 373/619/1304 369/643/1304 367/637/1304
f 300/501/1305 372/613/1305 368/638/1305
f 301/499/1306 299/496/1306 369/639/1306
f 368/640/1307 366/1618/1307 310/641/1307
f 369/643/1308 82/642/1308 310/641/1308
f 292/644/1309 294/1619/1309 296/645/1309
f 297/647/1310 295/1620/1310 293/648/1310
f 292/650/1311 298/497/1311 368/638/1311
f 369/652/1312 299/1621/1312 293/653/1312
f 304/659/1313 318/661/1313 370/612/1313
f 305/507/1314 303/502/1314 371/614/1314
f 318/661/1315 320/664/1315 376/616/1315
f 377/618/1316 321/1622/1316 319/662/1316
f 320/664/1317 390/667/1317 378/621/1317
f 379/623/1318 391/1623/1318 321/665/1318
f 384/626/1319 378/621/1319 390/667/1319
f 385/669/1320 323/1624/1320 391/670/1320
f 358/672/1321 394/1625/1321 392/673/1321
f 359/581/1322 357/585/1322 393/674/1322
f 392/673/1323 394/1625/1323 328/676/1323
f 393/674/1324 327/594/1324 329/677/1324
f 306/678/1325 308/679/1325 392/673/1325
f 393/674/1326 309/515/1326 307/510/1326
f 308/679/1327 352/682/1327 350/680/1327
f 351/590/1328 353/1626/1328 309/515/1328
f 330/686/1329 388/693/1329 386/630/1329
f 331/687/1330 323/943/1330 387/688/1330
f 386/630/1331 388/693/1331 332/572/1331
f 387/688/1332 325/1627/1332 333/575/1332
f 394/690/1333 388/693/1333 330/686/1333
f 395/675/1334 329/677/1334 331/687/1334
f 360/578/1335 388/693/1335 394/690/1335
f 361/577/1336 359/581/1336 395/675/1336
f 396/694/1337 422/760/1337 410/695/1337
f 397/697/1338 409/704/1338 411/698/1338
f 408/700/1339 410/1628/1339 412/701/1339
f 413/703/1340 411/698/1340 409/704/1340
f 412/706/1341 414/711/1341 404/707/1341
f 413/703/1342 407/705/1342 405/709/1342
f 414/711/1343 416/728/1343 402/712/1343
f 415/710/1344 405/709/1344 403/713/1344
f 416/715/1345 418/1629/1345 400/716/1345
f 417/714/1346 403/713/1346 401/718/1346
f 400/716/1347 418/1629/1347 420/720/1347
f 421/722/1348 419/719/1348 401/718/1348
f 418/724/1349 428/1630/1349 426/725/1349
f 427/727/1350 429/1631/1350 419/719/1350
f 416/728/1351 430/1632/1351 428/729/1351
f 429/731/1352 431/736/1352 417/732/1352
f 432/734/1353 430/1632/1353 416/728/1353
f 433/735/1354 415/1633/1354 417/732/1354
f 434/737/1355 432/734/1355 414/711/1355
f 435/738/1356 413/1634/1356 415/739/1356
f 436/741/1357 434/830/1357 412/742/1357
f 437/744/1358 411/698/1358 413/703/1358
f 410/743/1359 422/790/1359 424/746/1359
f 425/747/1360 423/699/1360 411/698/1360
f 328/676/1361 452/1635/1361 450/748/1361
f 329/677/1362 327/594/1362 451/749/1362
f 398/751/1363 420/1636/1363 452/752/1363
f 399/723/1364 329/1637/1364 453/754/1364
f 318/755/1365 326/1638/1365 450/756/1365
f 451/749/1366 327/594/1366 319/595/1366
f 390/759/1367 438/1639/1367 422/760/1367
f 423/699/1368 439/791/1368 391/761/1368
f 420/726/1369 426/725/1369 448/762/1369
f 449/764/1370 427/1640/1370 421/765/1370
f 454/767/1371 452/1641/1371 448/768/1371
f 455/770/1372 447/776/1372 449/771/1372
f 442/773/1373 454/1642/1373 446/774/1373
f 447/776/1374 455/770/1374 443/777/1374
f 456/779/1375 454/1643/1375 442/780/1375
f 457/782/1376 441/805/1376 443/783/1376
f 456/779/1377 440/781/1377 458/785/1377
f 457/787/1378 439/791/1378 459/788/1378
f 438/786/1379 458/785/1379 424/746/1379
f 439/791/1380 423/699/1380 425/747/1380
f 320/664/1381 456/1644/1381 438/792/1381
f 439/793/1382 457/782/1382 321/758/1382
f 450/795/1383 454/1643/1383 456/779/1383
f 451/749/1384 321/758/1384 457/782/1384
f 424/746/1385 458/785/1385 460/800/1385
f 461/802/1386 459/1645/1386 425/803/1386
f 440/781/1387 470/808/1387 460/800/1387
f 441/805/1388 459/1645/1388 461/802/1388
f 440/781/424 442/780/424 468/807/424
f 469/809/425 443/783/425 441/805/425
f 444/775/1389 466/814/1389 468/810/1389
f 445/811/1390 443/1646/1390 469/812/1390
f 446/774/1391 464/1647/1391 466/814/1391
f 447/776/1392 445/778/1392 467/815/1392
f 446/769/1393 448/768/1393 462/817/1393
f 463/819/1394 449/1648/1394 447/820/1394
f 448/822/1395 426/848/1395 482/823/1395
f 483/825/1396 427/1640/1396 449/764/1396
f 436/741/1397 424/746/1397 484/801/1397
f 485/804/1398 425/803/1398 437/828/1398
f 434/830/1399 436/741/1399 472/827/1399
f 473/829/1400 437/828/1400 435/832/1400
f 432/834/1401 434/1649/1401 474/835/1401
f 475/837/1402 435/1650/1402 433/838/1402
f 432/840/1403 476/1651/1403 478/841/1403
f 433/838/1404 431/1652/1404 479/843/1404
f 430/842/1405 478/841/1405 480/844/1405
f 431/736/1406 429/731/1406 481/846/1406
f 428/845/1407 480/844/1407 482/823/1407
f 429/849/1408 427/1640/1408 483/825/1408
f 464/851/1409 488/856/1409 486/852/1409
f 465/816/1410 467/815/1410 487/854/1410
f 488/856/1411 490/1653/1411 492/857/1411
f 489/855/1412 487/854/1412 493/858/1412
f 492/857/1413 490/1653/1413 496/860/1413
f 497/862/1414 491/859/1414 493/858/1414
f 496/860/1415 498/1654/1415 500/864/1415
f 497/862/1416 495/863/1416 501/865/1416
f 472/867/1417 484/1655/1417 494/861/1417
f 495/863/1418 485/870/1418 473/868/1418
f 492/869/1419 494/1656/1419 484/801/1419
f 493/858/1420 461/1657/1420 485/870/1420
f 470/871/1421 486/852/1421 492/857/1421
f 471/873/1422 461/1657/1422 493/858/1422
f 466/853/1423 486/852/1423 470/871/1423
f 471/873/1424 487/854/1424 467/815/1424
f 482/876/1425 488/856/1425 464/851/1425
f 483/878/1426 463/1658/1426 465/879/1426
f 480/881/1427 490/1659/1427 488/882/1427
f 489/855/1428 491/859/1428 481/884/1428
f 496/886/1429 490/1659/1429 480/881/1429
f 497/862/1430 479/890/1430 481/884/1430
f 498/888/1431 496/886/1431 478/887/1431
f 499/866/1432 477/895/1432 479/890/1432
f 474/891/1433 500/897/1433 498/892/1433
f 499/866/1434 501/865/1434 475/894/1434
f 400/716/1435 398/721/1435 512/898/1435
f 513/900/1436 399/1660/1436 401/901/1436
f 402/717/1437 400/716/1437 510/899/1437
f 511/902/1438 401/901/1438 403/904/1438
f 402/717/1439 508/903/1439 506/906/1439
f 403/904/1440 405/1661/1440 507/908/1440
f 404/909/1441 506/1662/1441 504/910/1441
f 405/912/1442 407/918/1442 505/913/1442
f 406/915/1443 504/1663/1443 502/916/1443
f 407/918/1444 409/1664/1444 503/919/1444
f 408/917/1445 502/916/1445 514/920/1445
f 409/922/1446 397/940/1446 515/923/1446
f 510/925/1447 512/1665/1447 514/920/1447
f 511/926/1448 503/933/1448 515/927/1448
f 502/929/1449 504/934/1449 508/930/1449
f 509/932/1450 505/1666/1450 503/933/1450
f 390/937/1451 396/921/1451 514/920/1451
f 391/939/1452 323/1667/1452 515/923/1452
f 322/632/1453 514/1668/1453 512/941/1453
f 513/942/1454 515/1669/1454 323/943/1454
f 328/944/1455 330/1670/1455 512/945/1455
f 513/947/1456 331/1671/1456 329/948/1456
f 992/950/494 518/1529/494 528/951/494
f 995/953/495 536/989/495 537/954/495
f 519/956/496 992/950/496 529/952/496
f 996/955/1457 537/954/1457 538/958/1457
f 519/956/1458 530/957/1458 531/960/1458
f 520/961/1459 531/960/1459 532/966/1459
f 990/968/1460 989/962/1460 524/964/1460
f 993/970/503 521/967/503 532/966/503
f 990/968/504 525/969/504 526/972/504
f 993/970/505 533/971/505 534/974/505
f 517/973/506 526/972/506 527/976/506
f 522/975/507 534/974/507 535/978/507
f 518/980/508 991/977/508 527/976/508
f 994/979/509 535/978/509 536/982/509
f 534/974/510 549/999/510 550/984/510
f 528/951/511 527/1672/511 542/985/511
f 536/982/512 535/978/512 550/984/512
f 529/952/513 528/951/513 543/986/513
f 536/989/514 551/1013/514 552/990/514
f 529/952/515 544/988/515 545/991/515
f 537/954/516 552/990/516 553/992/516
f 531/960/517 530/957/517 545/991/517
f 531/960/520 546/993/520 547/995/520
f 525/969/1461 524/964/1461 539/994/1461
f 532/966/522 547/995/522 548/997/522
f 526/972/523 525/969/523 540/996/523
f 533/971/524 548/997/524 549/999/524
f 526/972/525 541/998/525 542/1000/525
f 546/993/527 561/1016/527 562/1002/527
f 539/994/1462 554/1017/1462 555/1003/1462
f 547/995/529 562/1002/529 563/1004/529
f 541/998/1463 540/996/1463 555/1003/1463
f 549/999/531 548/997/531 563/1004/531
f 541/998/532 556/1005/532 557/1007/532
f 549/999/533 564/1006/533 565/1008/533
f 543/986/534 542/985/534 557/1009/534
f 550/984/535 565/1008/535 566/1011/535
f 543/986/536 558/1010/536 559/1012/536
f 551/1013/1464 566/1018/1464 567/1014/1464
f 545/991/538 544/988/538 559/1012/538
f 552/990/539 567/1014/539 568/1001/539
f 545/991/540 560/1015/540 561/1016/540
f 566/1018/542 565/1673/542 580/1019/542
f 558/1010/543 573/1035/543 574/1021/543
f 567/1014/544 566/1018/544 581/1020/544
f 559/1012/545 574/1021/545 575/1023/545
f 567/1014/546 582/1022/546 583/1024/546
f 560/1015/547 575/1023/547 576/1025/547
f 561/1016/1465 576/1025/1465 577/1027/1465
f 554/1017/1466 569/1026/1466 570/1028/1466
f 562/1002/552 577/1027/552 578/1029/552
f 555/1003/553 570/1028/553 571/1030/553
f 563/1004/554 578/1029/554 579/1031/554
f 556/1005/555 571/1030/555 572/1032/555
f 565/1008/556 564/1006/556 579/1031/556
f 558/1010/557 557/1009/557 572/1034/557
f 569/1026/1467 584/1051/1467 585/1036/1467
f 577/1027/559 592/1052/559 593/1037/559
f 571/1030/560 570/1028/560 585/1036/560
f 579/1031/561 578/1029/561 593/1037/561
f 571/1030/562 586/1038/562 587/1040/562
f 579/1031/563 594/1039/563 595/1041/563
f 573/1035/564 572/1034/564 587/1042/564
f 581/1020/565 580/1019/565 595/1044/565
f 573/1035/566 588/1043/566 589/1046/566
f 581/1020/567 596/1045/567 597/1047/567
f 575/1023/568 574/1021/568 589/1046/568
f 582/1022/569 597/1047/569 598/1049/569
f 576/1025/570 575/1023/570 590/1048/570
f 576/1025/573 591/1050/573 592/1052/573
f 588/1043/574 603/1674/574 604/1053/574
f 596/1045/1468 611/1070/1468 612/1054/1468
f 590/1048/576 589/1046/576 604/1053/576
f 597/1047/577 612/1054/577 613/1056/577
f 590/1048/578 605/1055/578 606/1057/578
f 591/1050/1469 606/1057/1469 607/1059/1469
f 585/1036/582 584/1051/582 599/1058/582
f 592/1052/583 607/1059/583 608/1061/583
f 585/1036/1470 600/1060/1470 601/1062/1470
f 593/1037/585 608/1061/585 609/1063/585
f 586/1038/586 601/1062/586 602/1064/586
f 595/1041/587 594/1039/587 609/1063/587
f 587/1066/588 602/1077/588 603/1067/588
f 596/1045/589 595/1044/589 610/1069/589
f 607/1059/590 622/1092/590 623/1071/590
f 601/1062/591 600/1060/591 615/1072/591
f 608/1061/592 623/1071/592 624/1074/592
f 601/1075/593 616/1108/593 617/1076/593
f 610/1069/594 609/1675/594 624/1078/594
f 603/1067/595 602/1077/595 617/1076/595
f 610/1069/596 625/1079/596 626/1081/596
f 604/1082/597 603/1067/597 618/1080/597
f 612/1054/598 611/1070/598 626/1081/598
f 605/1085/599 604/1082/599 619/1083/599
f 612/1054/600 627/1084/600 628/1087/600
f 605/1085/601 620/1086/601 621/1088/601
f 607/1059/604 606/1057/604 621/1091/604
f 599/1058/605 614/1090/605 615/1072/605
f 627/1084/606 626/1081/606 641/1093/606
f 620/1086/607 619/1083/607 634/1095/607
f 627/1084/608 642/1094/608 643/1097/608
f 621/1088/1471 620/1086/1471 635/1096/1471
f 621/1088/1472 636/1098/1472 637/1100/1472
f 614/1090/613 629/1099/613 630/1102/613
f 622/1101/614 637/1100/614 638/1103/614
f 615/1072/615 630/1102/615 631/1105/615
f 624/1078/616 623/1676/616 638/1106/616
f 616/1108/617 631/1115/617 632/1109/617
f 625/1079/618 624/1078/618 639/1107/618
f 618/1080/619 617/1076/619 632/1109/619
f 626/1081/620 625/1079/620 640/1110/620
f 618/1080/621 633/1111/621 634/1095/621
f 630/1102/622 645/1127/622 646/1112/622
f 639/1107/623 638/1106/623 653/1113/623
f 631/1115/624 646/1140/624 647/1116/624
f 639/1107/625 654/1114/625 655/1117/625
f 633/1111/626 632/1109/626 647/1116/626
f 640/1110/627 655/1117/627 656/1119/627
f 633/1111/628 648/1118/628 649/1120/628
f 641/1093/629 656/1119/629 657/1121/629
f 635/1096/630 634/1095/630 649/1120/630
f 642/1094/631 657/1121/631 658/1123/631
f 636/1098/1473 635/1096/1473 650/1122/1473
f 636/1098/1474 651/1124/1474 652/1126/1474
f 630/1102/636 629/1099/636 644/1125/636
f 637/1100/637 652/1126/637 653/1128/637
f 650/1122/638 649/1120/638 664/1129/638
f 657/1121/639 672/1145/639 673/1131/639
f 651/1124/640 650/1122/640 665/1130/640
f 652/1126/643 651/1124/643 666/1132/643
f 644/1125/1475 659/1133/1475 660/1135/1475
f 652/1126/645 667/1134/645 668/1136/645
f 645/1127/646 660/1135/646 661/1137/646
f 654/1138/647 653/1128/647 668/1136/647
f 646/1140/648 661/1148/648 662/1141/648
f 654/1114/649 669/1150/649 670/1142/649
f 648/1118/650 647/1116/650 662/1141/650
f 655/1117/651 670/1142/651 671/1144/651
f 648/1118/652 663/1143/652 664/1129/652
f 657/1121/653 656/1119/653 671/1144/653
f 669/1139/654 668/1136/654 683/1146/654
f 661/1148/655 676/1163/655 677/1149/655
f 669/1150/656 684/1173/656 685/1151/656
f 663/1143/657 662/1141/657 677/1149/657
f 670/1142/658 685/1151/658 686/1153/658
f 663/1143/659 678/1152/659 679/1154/659
f 672/1145/1476 671/1144/1476 686/1153/1476
f 665/1130/661 664/1129/661 679/1154/661
f 672/1145/662 687/1155/662 688/1157/662
f 666/1132/1477 665/1130/1477 680/1156/1477
f 666/1132/1478 681/1158/1478 682/1160/1478
f 660/1135/667 659/1133/667 674/1159/667
f 668/1136/668 667/1134/668 682/1160/668
f 660/1162/1479 675/1677/1479 676/1163/1479
f 687/1155/1480 702/1181/1480 703/1164/1480
f 681/1158/671 680/1156/671 695/1165/671
f 681/1158/674 696/1166/674 697/1168/674
f 675/1161/1481 674/1159/1481 689/1167/1481
f 682/1160/676 697/1168/676 698/1170/676
f 675/1161/677 690/1169/677 691/1171/677
f 684/1173/678 683/1678/678 698/1174/678
f 676/1163/679 691/1197/679 692/1176/679
f 684/1173/680 699/1175/680 700/1177/680
f 678/1152/681 677/1149/681 692/1176/681
f 686/1153/682 685/1151/682 700/1177/682
f 678/1152/683 693/1178/683 694/1180/683
f 687/1155/684 686/1153/684 701/1179/684
f 680/1156/685 679/1154/685 694/1180/685
f 699/1175/686 714/1196/686 715/1182/686
f 692/1176/687 707/1198/687 708/1183/687
f 700/1177/688 715/1182/688 716/1184/688
f 693/1178/689 708/1183/689 709/1185/689
f 702/1181/690 701/1179/690 716/1184/690
f 695/1165/691 694/1180/691 709/1185/691
f 703/1164/692 702/1181/692 717/1186/692
f 696/1166/693 695/1165/693 710/1187/693
f 696/1166/696 711/1189/696 712/1191/696
f 689/1167/697 704/1190/697 705/1192/697
f 697/1168/698 712/1191/698 713/1193/698
f 691/1171/699 690/1169/699 705/1192/699
f 699/1175/700 698/1174/700 713/1195/700
f 691/1197/701 706/1207/701 707/1198/701
f 711/1189/704 726/1215/704 727/1201/704
f 704/1190/1482 719/1199/1482 720/1202/1482
f 712/1191/706 727/1201/706 728/1203/706
f 705/1192/1483 720/1202/1483 721/1204/1483
f 714/1196/708 713/1195/708 728/1205/708
f 706/1207/709 721/1236/709 722/1208/709
f 714/1196/710 729/1206/710 730/1209/710
f 707/1198/711 722/1208/711 723/1210/711
f 716/1184/712 715/1182/712 730/1209/712
f 708/1183/713 723/1210/713 724/1212/713
f 717/1186/1484 716/1184/1484 731/1211/1484
f 710/1187/715 709/1185/715 724/1212/715
f 718/1188/1485 717/1186/1485 732/1213/1485
f 711/1189/717 710/1187/717 725/1214/717
f 723/1210/718 722/1208/718 737/1216/718
f 731/1211/719 730/1209/719 745/1218/719
f 723/1210/720 738/1217/720 739/1220/720
f 731/1211/721 746/1219/721 747/1221/721
f 725/1214/722 724/1212/722 739/1220/722
f 733/1200/723 732/1213/723 747/1221/723
f 726/1224/724 725/1679/724 740/1225/724
f 726/1224/727 741/1226/727 742/1228/727
f 720/1202/728 719/1199/728 734/1227/728
f 727/1229/729 742/1228/729 743/1231/729
f 720/1202/730 735/1230/730 736/1233/730
f 729/1206/731 728/1205/731 743/1234/731
f 721/1236/732 736/1680/732 737/1216/732
f 729/1206/733 744/1235/733 745/1218/733
f 741/1226/734 756/1256/734 757/1237/734
f 735/1230/735 734/1227/735 749/1238/735
f 742/1228/736 757/1237/736 758/1240/736
f 735/1230/737 750/1239/737 751/1241/737
f 744/1242/738 743/1231/738 758/1240/738
f 736/1233/739 751/1241/739 752/1244/739
f 744/1235/740 759/1681/740 760/1246/740
f 738/1247/741 737/1682/741 752/1248/741
f 746/1219/742 745/1218/742 760/1246/742
f 738/1247/743 753/1249/743 754/1251/743
f 747/1221/744 746/1219/744 761/1250/744
f 740/1225/745 739/1252/745 754/1251/745
f 748/1223/1486 747/1221/1486 762/1253/1486
f 741/1226/747 740/1225/747 755/1254/747
f 761/1250/750 760/1246/750 775/1257/750
f 753/1249/751 768/1273/751 769/1259/751
f 761/1250/752 776/1258/752 777/1260/752
f 755/1254/753 754/1251/753 769/1259/753
f 763/1255/754 762/1253/754 777/1260/754
f 756/1256/1487 755/1254/1487 770/1261/1487
f 756/1256/1488 771/1263/1488 772/1265/1488
f 749/1238/759 764/1264/759 765/1266/759
f 757/1237/760 772/1265/760 773/1267/760
f 750/1239/761 765/1266/761 766/1268/761
f 759/1243/762 758/1240/762 773/1267/762
f 751/1270/763 766/1279/763 767/1271/763
f 760/1246/764 759/1681/764 774/1272/764
f 753/1249/765 752/1248/765 767/1271/765
f 765/1266/766 764/1264/766 779/1274/766
f 772/1265/767 787/1291/767 788/1276/767
f 765/1266/768 780/1275/768 781/1277/768
f 774/1269/769 773/1267/769 788/1276/769
f 766/1279/770 781/1683/770 782/1280/770
f 775/1281/771 774/1269/771 789/1278/771
f 768/1273/772 767/1271/772 782/1280/772
f 776/1258/773 775/1257/773 790/1284/773
f 768/1273/774 783/1283/774 784/1286/774
f 776/1258/775 791/1285/775 792/1287/775
f 770/1261/776 769/1259/776 784/1286/776
f 777/1260/777 792/1287/777 793/1289/777
f 771/1263/778 770/1261/778 785/1288/778
f 771/1263/781 786/1290/781 787/1291/781
f 783/1283/782 798/1307/782 799/1292/782
f 792/1287/1489 791/1285/1489 806/1293/1489
f 785/1288/784 784/1286/784 799/1292/784
f 792/1287/1490 807/1294/1490 808/1296/1490
f 786/1290/786 785/1288/786 800/1295/786
f 786/1290/1491 801/1297/1491 802/1299/1491
f 779/1274/1492 794/1298/1492 795/1300/1492
f 787/1291/791 802/1299/791 803/1301/791
f 780/1275/1493 795/1300/1493 796/1302/1493
f 789/1278/793 788/1276/793 803/1301/793
f 782/1280/794 781/1683/794 796/1304/794
f 789/1278/795 804/1303/795 805/1306/795
f 783/1283/796 782/1280/796 797/1305/796
f 790/1284/797 805/1316/797 806/1293/797
f 802/1299/798 817/1324/798 818/1308/798
f 796/1302/799 795/1300/799 810/1309/799
f 804/1303/800 803/1301/800 818/1308/800
f 796/1302/801 811/1310/801 812/1312/801
f 805/1306/802 804/1303/802 819/1311/802
f 797/1305/803 812/1337/803 813/1315/803
f 805/1316/804 820/1684/804 821/1317/804
f 798/1307/805 813/1315/805 814/1318/805
f 806/1293/806 821/1317/806 822/1319/806
f 800/1295/807 799/1292/807 814/1318/807
f 808/1296/808 807/1294/808 822/1319/808
f 801/1297/809 800/1295/809 815/1320/809
f 801/1297/812 816/1322/812 817/1324/812
f 794/1298/813 809/1323/813 810/1309/813
f 821/1317/814 836/1340/814 837/1325/814
f 814/1318/815 829/1341/815 830/1326/815
f 822/1319/816 837/1325/816 838/1327/816
f 816/1322/817 815/1320/817 830/1326/817
f 816/1322/820 831/1328/820 832/1330/820
f 810/1309/1494 809/1323/1494 824/1329/1494
f 817/1324/822 832/1330/822 833/1332/822
f 811/1310/823 810/1309/823 825/1331/823
f 818/1308/824 833/1332/824 834/1334/824
f 812/1312/825 811/1310/825 826/1333/825
f 820/1314/826 819/1311/826 834/1334/826
f 812/1337/827 827/1685/827 828/1338/827
f 821/1317/828 820/1684/828 835/1339/828
f 813/1315/829 828/1338/829 829/1341/829
f 834/1334/830 833/1332/830 848/1342/830
f 826/1333/831 841/1360/831 842/1344/831
f 834/1345/832 849/1372/832 850/1346/832
f 828/1338/833 827/1685/833 842/1348/833
f 836/1340/834 835/1339/834 850/1350/834
f 828/1338/835 843/1349/835 844/1352/835
f 836/1340/1495 851/1351/1495 852/1353/1495
f 829/1341/837 844/1352/837 845/1354/837
f 838/1327/838 837/1325/838 852/1353/838
f 831/1328/839 830/1326/839 845/1354/839
f 831/1328/842 846/1356/842 847/1358/842
f 824/1329/843 839/1357/843 840/1359/843
f 832/1330/844 847/1358/844 848/1342/844
f 826/1333/1496 825/1331/1496 840/1359/1496
f 852/1353/846 867/1381/846 868/1361/846
f 846/1356/847 845/1354/847 860/1362/847
f 846/1365/850 861/1394/850 862/1366/850
f 839/1357/851 854/1364/851 855/1368/851
f 847/1367/852 862/1366/852 863/1369/852
f 841/1360/853 840/1359/853 855/1368/853
f 849/1372/854 848/1370/854 863/1369/854
f 841/1360/855 856/1371/855 857/1374/855
f 849/1372/856 864/1373/856 865/1375/856
f 843/1376/857 842/1344/857 857/1374/857
f 851/1378/858 850/1346/858 865/1375/858
f 843/1349/859 858/1686/859 859/1380/859
f 851/1351/860 866/1687/860 867/1381/860
f 845/1354/861 844/1352/861 859/1380/861
f 856/1371/862 871/1400/862 872/1382/862
f 864/1373/863 879/1401/863 880/1383/863
f 857/1374/864 872/1382/864 873/1384/864
f 866/1379/865 865/1375/865 880/1383/865
f 858/1377/866 873/1384/866 874/1386/866
f 867/1381/867 866/1687/867 881/1388/867
f 860/1390/868 859/1688/868 874/1391/868
f 868/1361/869 867/1381/869 882/1389/869
f 861/1394/870 860/1390/870 875/1392/870
f 861/1394/1497 876/1395/1497 877/1397/1497
f 854/1364/874 869/1396/874 870/1398/874
f 862/1366/875 877/1397/875 878/1399/875
f 855/1368/876 870/1398/876 871/1400/876
f 864/1373/877 863/1369/877 878/1399/877
f 876/1395/1498 875/1392/1498 890/1402/1498
f 876/1395/1499 891/1403/1499 892/1406/1499
f 869/1396/882 884/1404/882 885/1407/882
f 877/1397/883 892/1406/883 893/1408/883
f 871/1400/884 870/1398/884 885/1407/884
f 879/1401/885 878/1399/885 893/1408/885
f 871/1400/886 886/1409/886 887/1411/886
f 879/1401/887 894/1410/887 895/1412/887
f 872/1382/888 887/1411/888 888/1413/888
f 881/1385/889 880/1383/889 895/1412/889
f 874/1386/890 873/1384/890 888/1413/890
f 881/1388/891 896/1424/891 897/1416/891
f 875/1392/892 874/1391/892 889/1417/892
f 882/1389/893 897/1416/893 898/1405/893
f 894/1410/894 909/1434/894 910/1418/894
f 888/1413/895 887/1411/895 902/1419/895
f 896/1414/896 895/1412/896 910/1418/896
f 888/1422/897 903/1446/897 904/1423/897
f 896/1424/898 911/1689/898 912/1425/898
f 890/1402/899 889/1417/899 904/1423/899
f 897/1416/1500 912/1425/1500 913/1427/1500
f 891/1403/901 890/1402/901 905/1426/901
f 891/1403/904 906/1428/904 907/1430/904
f 885/1407/1501 884/1404/1501 899/1429/1501
f 892/1406/906 907/1430/906 908/1432/906
f 886/1409/907 885/1407/907 900/1431/907
f 894/1410/908 893/1408/908 908/1432/908
f 886/1409/909 901/1433/909 902/1419/909
f 906/1428/912 921/1451/912 922/1437/912
f 899/1429/913 914/1435/913 915/1438/913
f 907/1430/914 922/1437/914 923/1439/914
f 900/1431/915 915/1438/915 916/1440/915
f 909/1434/916 908/1432/916 923/1439/916
f 901/1433/917 916/1440/917 917/1442/917
f 909/1434/918 924/1441/918 925/1443/918
f 903/1420/919 902/1419/919 917/1442/919
f 911/1421/920 910/1418/920 925/1443/920
f 903/1446/921 918/1690/921 919/1447/921
f 911/1421/922 926/1445/922 927/1448/922
f 905/1426/923 904/1423/923 919/1447/923
f 912/1425/924 927/1459/924 928/1436/924
f 906/1428/925 905/1426/925 920/1450/925
f 917/1442/926 932/1470/926 933/1452/926
f 926/1445/927 925/1443/927 940/1453/927
f 918/1444/928 933/1452/928 934/1455/928
f 926/1457/929 941/1691/929 942/1458/929
f 920/1450/930 919/1447/930 934/1460/930
f 927/1459/931 942/1458/931 943/1462/931
f 921/1451/932 920/1450/932 935/1461/932
f 921/1451/935 936/1463/935 937/1465/935
f 915/1438/936 914/1435/936 929/1464/936
f 922/1437/937 937/1465/937 938/1467/937
f 916/1440/938 915/1438/938 930/1466/938
f 924/1441/939 923/1439/939 938/1467/939
f 916/1440/940 931/1468/940 932/1470/940
f 924/1441/941 939/1469/941 940/1453/941
f 936/1463/942 951/1486/942 952/1471/942
f 929/1464/943 944/1487/943 945/1472/943
f 937/1465/944 952/1471/944 953/1473/944
f 931/1468/945 930/1466/945 945/1472/945
f 939/1469/946 938/1467/946 953/1473/946
f 931/1468/947 946/1474/947 947/1476/947
f 939/1469/948 954/1475/948 955/1477/948
f 932/1470/949 947/1476/949 948/1478/949
f 940/1453/950 955/1477/950 956/1479/950
f 933/1452/951 948/1478/951 949/1480/951
f 942/1458/952 941/1691/952 956/1481/952
f 935/1461/953 934/1460/953 949/1483/953
f 942/1458/954 957/1482/954 958/1485/954
f 936/1463/955 935/1461/955 950/1484/955
f 955/1477/958 970/1502/958 971/1488/958
f 948/1478/959 963/1503/959 964/1489/959
f 956/1481/1502 971/1512/1502 972/1490/1502
f 950/1484/961 949/1483/961 964/1491/961
f 957/1482/962 972/1490/962 973/1493/962
f 951/1486/963 950/1484/963 965/1492/963
f 951/1486/966 966/1494/966 967/1496/966
f 944/1487/1503 959/1495/1503 960/1497/1503
f 952/1471/968 967/1496/968 968/1498/968
f 945/1472/1504 960/1497/1504 961/1499/1504
f 954/1475/970 953/1473/970 968/1498/970
f 946/1474/971 961/1499/971 962/1501/971
f 954/1475/972 969/1500/972 970/1502/972
f 947/1476/973 962/1501/973 963/1503/973
f 967/1496/974 982/1692/974 983/1504/974
f 960/1497/975 975/1523/975 976/1505/975
f 969/1500/976 968/1498/976 983/1504/976
f 962/1501/977 961/1499/977 976/1505/977
f 969/1500/978 984/1506/978 985/1508/978
f 962/1501/979 977/1507/979 978/1509/979
f 970/1502/980 985/1508/980 986/1510/980
f 963/1503/981 978/1509/981 979/1511/981
f 971/1512/982 986/1524/982 987/1513/982
f 965/1514/983 964/1693/983 979/1515/983
f 972/1490/984 987/1513/984 988/1517/984
f 966/1518/985 965/1514/985 980/1516/985
f 966/1518/988 981/1519/988 982/1521/988
f 960/1497/989 959/1495/989 974/1520/989
f 986/1524/990 995/953/990 996/955/990
f 979/1515/991 992/950/991 519/956/991
f 987/1513/992 996/955/992 997/959/992
f 981/1519/993 980/1516/993 519/956/993
f 981/1519/996 520/961/996 521/967/996
f 975/1523/997 974/1520/997 989/962/997
f 982/1521/998 521/967/998 993/970/998
f 976/1505/999 975/1523/999 990/968/999
f 983/1525/1000 993/970/1000 522/975/1000
f 977/1507/1001 976/1505/1001 517/973/1001
f 984/1526/1002 522/975/1002 994/979/1002
f 978/1509/1003 977/1507/1003 991/977/1003
f 986/1524/1004 985/1694/1004 994/1528/1004
f 979/1515/1005 978/1695/1005 518/1529/1005
f 999/1530/6 1001/1696/6 1000/1531/6
