# Blender 5.2.0 LTS
# www.blender.org
o slide
v 3.857764 -10.881604 11.519258
v 9.702765 -11.434604 10.904258
v 3.857764 -10.881604 11.928257
v 2.100765 -10.636603 11.285258
v 3.006765 -10.788604 10.982257
v 2.912765 -10.760604 11.498258
v 3.006765 -10.788604 10.982257
v 3.857764 -10.881604 10.904258
v 2.912765 -10.760604 11.498258
v 2.912765 -10.760604 11.498258
v 3.857764 -10.881604 10.904258
v 3.857764 -10.881604 11.519258
v 1.874764 -10.587604 11.623258
v 2.912765 -10.760604 11.498258
v 2.838765 -10.737603 11.900258
v 2.100765 -10.636603 11.285258
v 2.912765 -10.760604 11.498258
v 1.874764 -10.587604 11.623258
v 2.912765 -10.760604 11.498258
v 3.857764 -10.881604 11.519258
v 2.838765 -10.737603 11.900258
v 2.838765 -10.737603 11.900258
v 3.857764 -10.881604 11.519258
v 3.857764 -10.881604 11.928257
v 3.857764 -10.881604 10.904258
v 9.702765 -11.434604 10.904258
v 3.857764 -10.881604 11.519258
v 3.025764 -10.788604 10.881257
v 3.857764 -10.881604 10.904258
v 3.006765 -10.788604 10.982257
v 3.006765 -10.788604 10.982257
v 2.100765 -10.636603 11.285258
v 2.348764 -10.689604 10.914258
v 2.348764 -10.689604 10.914258
v 3.025764 -10.788604 10.881257
v 3.006765 -10.788604 10.982257
v 1.518764 -10.511603 10.659258
v 2.348764 -10.689604 10.914258
v 2.100765 -10.636603 11.285258
v 1.162765 -10.437604 10.849257
v 2.100765 -10.636603 11.285258
v 1.874764 -10.587604 11.623258
v 1.518764 -10.511603 10.659258
v 2.100765 -10.636603 11.285258
v 1.162765 -10.437604 10.849257
v 1.800765 -10.418603 9.157258
v 1.822764 -10.497603 9.793259
v 1.620764 -10.497603 9.828259
v 2.348764 -10.689604 10.914258
v 1.518764 -10.511603 10.659258
v 1.871764 -10.585604 10.471258
v 1.871764 -10.585604 10.471258
v 2.462765 -10.689604 10.744258
v 2.348764 -10.689604 10.914258
v 2.462765 -10.689604 10.744258
v 3.025764 -10.788604 10.881257
v 2.348764 -10.689604 10.914258
v 1.270765 -10.454603 9.890258
v 1.871764 -10.585604 10.471258
v 1.518764 -10.511603 10.659258
v 0.870765 -10.404604 9.960258
v 1.518764 -10.511603 10.659258
v 1.162765 -10.437604 10.849257
v 1.270765 -10.454603 9.890258
v 1.518764 -10.511603 10.659258
v 0.870765 -10.404604 9.960258
v 1.871764 -10.585604 10.471258
v 1.270765 -10.454603 9.890258
v 1.620764 -10.497603 9.828259
v 2.051764 -10.585604 10.374258
v 2.462765 -10.689604 10.744258
v 1.871764 -10.585604 10.471258
v 1.620764 -10.497603 9.828259
v 2.051764 -10.585604 10.374258
v 1.871764 -10.585604 10.471258
v 1.322764 -10.391603 9.110258
v 1.620764 -10.497603 9.828259
v 1.270765 -10.454603 9.890258
v 0.915765 -10.369603 9.070258
v 1.270765 -10.454603 9.890258
v 0.870765 -10.404604 9.960258
v 1.322764 -10.391603 9.110258
v 1.270765 -10.454603 9.890258
v 0.915765 -10.369603 9.070258
v 1.620764 -10.497603 9.828259
v 1.322764 -10.391603 9.110258
v 1.800765 -10.418603 9.157258
v 1.822764 -10.497603 9.793259
v 2.051764 -10.585604 10.374258
v 1.620764 -10.497603 9.828259
v 1.649765 -10.231604 7.869257
v 1.239764 -10.328604 8.384258
v 1.554765 -10.231604 7.832259
v 1.728765 -10.328603 8.534259
v 1.800765 -10.418603 9.157258
v 1.322764 -10.391603 9.110258
v 1.239764 -10.328604 8.384258
v 1.322764 -10.391603 9.110258
v 0.915765 -10.369603 9.070258
v 1.728765 -10.328603 8.534259
v 1.322764 -10.391603 9.110258
v 1.239764 -10.328604 8.384258
v 1.800765 -10.418603 9.157258
v 1.728765 -10.328603 8.534259
v 2.164764 -10.328603 8.668258
v 2.164764 -10.328603 8.668258
v 1.902765 -10.418603 9.168259
v 1.800765 -10.418603 9.157258
v 1.902765 -10.418603 9.168259
v 1.822764 -10.497603 9.793259
v 1.800765 -10.418603 9.157258
v 1.239764 -10.328604 8.384258
v 2.066765 -10.207603 8.030257
v 1.728765 -10.328603 8.534259
v 2.447764 -10.184604 8.178258
v 2.164764 -10.328603 8.668258
v 1.728765 -10.328603 8.534259
v 2.447764 -10.184604 8.178258
v 1.728765 -10.328603 8.534259
v 2.066765 -10.207603 8.030257
v 2.066765 -10.207603 8.030257
v 1.239764 -10.328604 8.384258
v 1.649765 -10.231604 7.869257
v 1.649765 -10.231604 7.869257
v 2.156765 -10.091603 7.540258
v 2.066765 -10.207603 8.030257
v 2.563765 -10.041604 7.554258
v 2.066765 -10.207603 8.030257
v 2.156765 -10.091603 7.540258
v 2.563765 -10.041604 7.554258
v 2.447764 -10.184604 8.178258
v 2.066765 -10.207603 8.030257
v 2.156765 -10.091603 7.540258
v 1.649765 -10.231604 7.869257
v 1.826765 -10.132604 7.528258
v 1.826765 -10.132604 7.528258
v 1.649765 -10.231604 7.869257
v 1.554765 -10.231604 7.832259
v 2.109765 -9.971603 7.075259
v 2.156765 -10.091603 7.540258
v 1.826765 -10.132604 7.528258
v 2.493764 -9.898603 6.953259
v 2.156765 -10.091603 7.540258
v 2.109765 -9.971603 7.075259
v 2.493764 -9.898603 6.953259
v 2.563765 -10.041604 7.554258
v 2.156765 -10.091603 7.540258
v 2.109765 -9.971603 7.075259
v 1.826765 -10.132604 7.528258
v 1.807765 -10.030603 7.171258
v 1.826765 -10.132604 7.528258
v 1.554765 -10.231604 7.832259
v 1.621764 -10.132604 7.521258
v 1.807765 -10.030603 7.171258
v 1.826765 -10.132604 7.528258
v 1.621764 -10.132604 7.521258
v 1.895765 -9.907605 6.693259
v 2.216764 -9.857604 6.444259
v 2.109765 -9.971603 7.075259
v 2.109765 -9.971603 7.075259
v 2.216764 -9.857604 6.444259
v 2.493764 -9.898603 6.953259
v 1.807765 -10.030603 7.171258
v 1.895765 -9.907605 6.693259
v 2.109765 -9.971603 7.075259
v 1.275764 -9.862604 6.708259
v 1.499764 -9.943604 6.999259
v 1.218765 -9.862604 6.793259
v 1.807765 -10.030603 7.171258
v 1.661765 -9.943604 6.874259
v 1.895765 -9.907605 6.693259
v 1.807765 -10.030603 7.171258
v 1.621764 -10.132604 7.521258
v 1.611764 -10.030603 7.233259
v 1.661765 -9.943604 6.874259
v 1.807765 -10.030603 7.171258
v 1.611764 -10.030603 7.233259
v 1.661765 -9.943604 6.874259
v 1.519764 -9.838604 6.344259
v 1.895765 -9.907605 6.693259
v 1.747765 -9.816604 6.004259
v 1.895765 -9.907605 6.693259
v 1.519764 -9.838604 6.344259
v 1.747765 -9.816604 6.004259
v 2.216764 -9.857604 6.444259
v 1.895765 -9.907605 6.693259
v 1.519764 -9.838604 6.344259
v 1.661765 -9.943604 6.874259
v 1.275764 -9.862604 6.708259
v 1.275764 -9.862604 6.708259
v 1.661765 -9.943604 6.874259
v 1.499764 -9.943604 6.999259
v 1.661765 -9.943604 6.874259
v 1.611764 -10.030603 7.233259
v 1.499764 -9.943604 6.999259
v 1.275764 -9.862604 6.708259
v 0.943765 -9.775603 6.238259
v 1.519764 -9.838604 6.344259
v 1.109765 -9.775603 5.754259
v 1.519764 -9.838604 6.344259
v 0.943765 -9.775603 6.238259
v 1.109765 -9.775603 5.754259
v 1.747765 -9.816604 6.004259
v 1.519764 -9.838604 6.344259
v 0.943765 -9.775603 6.238259
v 1.275764 -9.862604 6.708259
v 0.787765 -9.775603 6.693259
v 0.787765 -9.775603 6.693259
v 1.275764 -9.862604 6.708259
v 1.218765 -9.862604 6.793259
v 0.943765 -9.775603 6.238259
v 0.787765 -9.775603 6.693259
v 0.340764 -9.682604 6.167259
v 0.539765 -9.682604 5.621259
v 0.943765 -9.775603 6.238259
v 0.340764 -9.682604 6.167259
v 0.539765 -9.682604 5.621259
v 1.109765 -9.775603 5.754259
v 0.943765 -9.775603 6.238259
v 0.340764 -9.682604 6.167259
v 0.787765 -9.775603 6.693259
v 0.200764 -9.682604 6.552258
v 0.539765 -9.682604 5.621259
v -0.204235 -9.561604 5.903259
v 0.118765 -9.589603 5.504259
v -0.204235 -9.561604 5.903259
v 0.539765 -9.682604 5.621259
v 0.340764 -9.682604 6.167259
v 0.182764 -9.589603 5.424259
v 0.539765 -9.682604 5.621259
v 0.118765 -9.589603 5.504259
v -0.461235 -9.539603 6.221259
v 0.340764 -9.682604 6.167259
v 0.200764 -9.682604 6.552258
v -0.204235 -9.561604 5.903259
v 0.340764 -9.682604 6.167259
v -0.461235 -9.539603 6.221259
v -0.204235 -9.561604 5.903259
v -0.603235 -9.445603 5.404259
v 0.118765 -9.589603 5.504259
v -0.964235 -9.396604 5.592259
v -0.204235 -9.561604 5.903259
v -0.461235 -9.539603 6.221259
v -0.603235 -9.445603 5.404259
v -0.204235 -9.561604 5.903259
v -0.964235 -9.396604 5.592259
v 0.118765 -9.589603 5.504259
v -0.603235 -9.445603 5.404259
v -0.271236 -9.491604 5.231259
v -0.271236 -9.491604 5.231259
v 0.182764 -9.589603 5.424259
v 0.118765 -9.589603 5.504259
v -0.271236 -9.491604 5.231259
v -0.783235 -9.330604 4.807259
v -0.387235 -9.406604 4.776259
v -0.603235 -9.445603 5.404259
v -0.783235 -9.330604 4.807259
v -0.271236 -9.491604 5.231259
v -0.387235 -9.406604 4.776259
v -0.089235 -9.491604 5.137259
v -0.271236 -9.491604 5.231259
v -1.184235 -9.252604 4.839259
v -0.603235 -9.445603 5.404259
v -0.964235 -9.396604 5.592259
v -0.783235 -9.330604 4.807259
v -0.603235 -9.445603 5.404259
v -1.184235 -9.252604 4.839259
v -0.387235 -9.406604 4.776259
v -0.783235 -9.330604 4.807259
v -0.709235 -9.235603 4.200259
v -1.087236 -9.160604 4.060259
v -0.783235 -9.330604 4.807259
v -1.184235 -9.252604 4.839259
v -0.709235 -9.235603 4.200259
v -0.783235 -9.330604 4.807259
v -1.087236 -9.160604 4.060259
v -0.387235 -9.406604 4.776259
v -0.709235 -9.235603 4.200259
v -0.354235 -9.306603 4.332259
v -0.183235 -9.406604 4.759259
v -0.089235 -9.491604 5.137259
v -0.387235 -9.406604 4.776259
v -0.354235 -9.306603 4.332259
v -0.183235 -9.406604 4.759259
v -0.387235 -9.406604 4.776259
v -0.089235 -9.491604 5.137259
v 0.182764 -9.589603 5.424259
v -0.271236 -9.491604 5.231259
v 0.872765 -9.037603 3.215259
v 0.197765 -9.104604 3.355259
v 0.822764 -9.037603 2.808259
v -0.352235 -9.172604 3.671259
v -0.354235 -9.306603 4.332259
v -0.709235 -9.235603 4.200259
v -0.352235 -9.172604 3.671259
v -0.709235 -9.235603 4.200259
v -0.631235 -9.119604 3.376259
v -0.631235 -9.119604 3.376259
v -0.709235 -9.235603 4.200259
v -1.087236 -9.160604 4.060259
v -0.354235 -9.306603 4.332259
v -0.352235 -9.172604 3.671259
v -0.119235 -9.216603 3.917259
v -0.162235 -9.306603 4.403259
v -0.183235 -9.406604 4.759259
v -0.354235 -9.306603 4.332259
v -0.119235 -9.216603 3.917259
v -0.162235 -9.306603 4.403259
v -0.354235 -9.306603 4.332259
v 0.197765 -9.104604 3.355259
v -0.119235 -9.216603 3.917259
v -0.352235 -9.172604 3.671259
v 0.197765 -9.104604 3.355259
v -0.352235 -9.172604 3.671259
v 0.049763 -9.078604 2.974259
v 0.049763 -9.078604 2.974259
v -0.352235 -9.172604 3.671259
v -0.631235 -9.119604 3.376259
v 0.197765 -9.104604 3.355259
v 0.326764 -9.127604 3.684259
v -0.119235 -9.216603 3.917259
v 0.021765 -9.216603 4.066259
v -0.162235 -9.306603 4.403259
v -0.119235 -9.216603 3.917259
v 0.326764 -9.127604 3.684259
v 0.021765 -9.216603 4.066259
v -0.119235 -9.216603 3.917259
v 0.872765 -9.037603 3.215259
v 0.326764 -9.127604 3.684259
v 0.197765 -9.104604 3.355259
v 0.822764 -9.037603 2.808259
v 0.197765 -9.104604 3.355259
v 0.049763 -9.078604 2.974259
v 7.589765 -3.678604 9.955256
v 7.817765 -3.836604 9.052258
v 8.073766 -3.662604 10.154257
v 0.872765 -9.037603 3.215259
v 0.925765 -9.037603 3.649259
v 0.326764 -9.127604 3.684259
v 0.363765 -9.127604 3.779259
v 0.021765 -9.216603 4.066259
v 0.326764 -9.127604 3.684259
v 0.925765 -9.037603 3.649259
v 0.363765 -9.127604 3.779259
v 0.326764 -9.127604 3.684259
v 1.592765 -8.945603 2.784259
v 0.925765 -9.037603 3.649259
v 0.872765 -9.037603 3.215259
v 1.606765 -8.945603 3.610259
v 0.925765 -9.037603 3.649259
v 1.592765 -8.945603 2.784259
v 7.589765 -3.678604 9.955256
v 7.309765 -3.836604 8.989257
v 7.817765 -3.836604 9.052258
v 7.589765 -3.678604 9.955256
v 7.116765 -3.693604 9.760257
v 7.309765 -3.836604 8.989257
v 7.589765 -3.678604 9.955256
v 7.170765 -3.520604 10.644258
v 7.116765 -3.693604 9.760257
v 7.561765 -3.488604 11.016257
v 7.589765 -3.678604 9.955256
v 8.073766 -3.662604 10.154257
v 7.170765 -3.520604 10.644258
v 7.589765 -3.678604 9.955256
v 7.561765 -3.488604 11.016257
v 8.073766 -3.662604 10.154257
v 7.817765 -3.836604 9.052258
v 8.333766 -3.836604 9.116258
v 7.170765 -3.520604 10.644258
v 6.799765 -3.550604 10.292256
v 7.116765 -3.693604 9.760257
v 7.170765 -3.520604 10.644258
v 6.497765 -3.376604 11.094256
v 6.799765 -3.550604 10.292256
v 6.694765 -3.345604 11.593257
v 7.170765 -3.520604 10.644258
v 7.561765 -3.488604 11.016257
v 6.497765 -3.376604 11.094256
v 7.170765 -3.520604 10.644258
v 6.694765 -3.345604 11.593257
v 6.497765 -3.376604 11.094256
v 6.309765 -3.406604 10.619257
v 6.799765 -3.550604 10.292256
v 5.598765 -3.248604 11.255258
v 6.309765 -3.406604 10.619257
v 6.497765 -3.376604 11.094256
v 5.598765 -3.248604 11.255258
v 6.497765 -3.376604 11.094256
v 5.640765 -3.232604 11.769258
v 5.640765 -3.232604 11.769258
v 6.497765 -3.376604 11.094256
v 6.694765 -3.345604 11.593257
v 5.598765 -3.248604 11.255258
v 5.556765 -3.263604 10.745257
v 6.309765 -3.406604 10.619257
v 0.555764 -2.501604 10.479257
v 1.063765 -2.603604 10.927257
v 0.147764 -2.454604 10.812257
v 5.598765 -3.248604 11.255258
v 2.546765 -2.838604 11.256257
v 5.556765 -3.263604 10.745257
v 2.528764 -2.823604 11.769258
v 5.598765 -3.248604 11.255258
v 5.640765 -3.232604 11.769258
v 2.546765 -2.838604 11.256257
v 5.598765 -3.248604 11.255258
v 2.528764 -2.823604 11.769258
v 2.546765 -2.838604 11.256257
v 2.564764 -2.853604 10.745257
v 5.556765 -3.263604 10.745257
v 1.756764 -2.721604 11.194257
v 2.564764 -2.853604 10.745257
v 2.546765 -2.838604 11.256257
v 1.643764 -2.690604 11.706257
v 2.546765 -2.838604 11.256257
v 2.528764 -2.823604 11.769258
v 1.756764 -2.721604 11.194257
v 2.546765 -2.838604 11.256257
v 1.643764 -2.690604 11.706257
v 1.756764 -2.721604 11.194257
v 1.866765 -2.751604 10.695257
v 2.564764 -2.853604 10.745257
v 1.063765 -2.603604 10.927257
v 1.866765 -2.751604 10.695257
v 1.756764 -2.721604 11.194257
v 0.788765 -2.556604 11.382257
v 1.756764 -2.721604 11.194257
v 1.643764 -2.690604 11.706257
v 1.063765 -2.603604 10.927257
v 1.756764 -2.721604 11.194257
v 0.788765 -2.556604 11.382257
v 1.063765 -2.603604 10.927257
v 1.327765 -2.649604 10.491258
v 1.866765 -2.751604 10.695257
v 0.555764 -2.501604 10.479257
v 1.327765 -2.649604 10.491258
v 1.063765 -2.603604 10.927257
v 0.147764 -2.454604 10.812257
v 1.063765 -2.603604 10.927257
v 0.788765 -2.556604 11.382257
v 0.555764 -2.501604 10.479257
v 0.950764 -2.546604 10.156257
v 1.327765 -2.649604 10.491258
v 0.555764 -2.501604 10.479257
v 0.215764 -2.413604 9.898257
v 0.950764 -2.546604 10.156257
v 0.215764 -2.413604 9.898257
v 0.555764 -2.501604 10.479257
v -0.268235 -2.382604 10.095257
v -0.268235 -2.382604 10.095257
v 0.555764 -2.501604 10.479257
v 0.147764 -2.454604 10.812257
v 0.215764 -2.413604 9.898257
v 0.688765 -2.444604 9.705257
v 0.950764 -2.546604 10.156257
v 0.215764 -2.413604 9.898257
v 0.057764 -2.326604 9.288258
v 0.688765 -2.444604 9.705257
v -0.451235 -2.311604 9.372257
v 0.215764 -2.413604 9.898257
v -0.268235 -2.382604 10.095257
v 0.057764 -2.326604 9.288258
v 0.215764 -2.413604 9.898257
v -0.451235 -2.311604 9.372257
v 0.057764 -2.326604 9.288258
v 0.562764 -2.341604 9.205257
v 0.688765 -2.444604 9.705257
v 0.057764 -2.326604 9.288258
v -0.451235 -2.311604 9.372257
v -0.507235 -2.239604 8.662257
v 0.057764 -2.326604 9.288258
v -0.507235 -2.239604 8.662257
v 0.004764 -2.239604 8.642258
v 0.562764 -2.341604 9.205257
v 0.057764 -2.326604 9.288258
v 0.004764 -2.239604 8.642258
v 0.004764 -2.239604 8.642258
v 0.516764 -2.239604 8.622257
v 0.562764 -2.341604 9.205257
v -0.507237 -0.703605 1.987259
v 0.516764 -2.239604 8.622257
v 0.004764 -2.239604 8.642258
v 0.516764 -0.703605 1.987259
v 0.516764 -2.239604 8.622257
v -0.507237 -0.703605 1.987259
v 6.513765 -8.075604 3.603259
v 6.513765 -8.075604 2.784259
v 7.481765 -8.070604 2.784259
v 6.513765 -8.075604 3.603259
v 7.481765 -8.070604 2.784259
v 7.481765 -8.070604 3.603259
v 6.513765 -8.075604 2.784259
v 6.513765 -8.075604 3.603259
v 6.414765 -8.091604 3.603259
v 7.481765 -8.070604 3.603259
v 7.481765 -8.070604 2.784259
v 7.659765 -8.048603 2.784259
v 7.481765 -8.070604 3.603259
v 7.659765 -8.048603 2.784259
v 7.659765 -8.048603 3.603259
v 6.414765 -8.091604 2.784259
v 6.414765 -8.091604 3.603259
v 6.006765 -8.278604 3.603259
v 6.513765 -8.075604 2.784259
v 6.414765 -8.091604 3.603259
v 6.414765 -8.091604 2.784259
v 8.258763 -7.835603 2.784259
v 7.659765 -8.048603 3.603259
v 7.659765 -8.048603 2.784259
v 8.258763 -7.835603 2.784259
v 8.258763 -7.835603 3.603259
v 7.659765 -8.048603 3.603259
v 6.006765 -8.278604 2.784259
v 5.851765 -8.326605 3.603259
v 5.851765 -8.326605 2.784259
v 6.006765 -8.278604 2.784259
v 6.006765 -8.278604 3.603259
v 5.851765 -8.326605 3.603259
v 6.414765 -8.091604 2.784259
v 6.006765 -8.278604 3.603259
v 6.006765 -8.278604 2.784259
v 5.851765 -8.326605 2.784259
v 4.670765 -8.331603 3.603260
v 4.670765 -8.331603 2.784260
v 5.851765 -8.326605 2.784259
v 5.851765 -8.326605 3.603259
v 4.670765 -8.331603 3.603260
v -0.507237 -0.703605 1.987259
v 0.004764 -2.239604 8.642258
v -0.507235 -2.239604 8.662257
v 4.336765 -8.572603 2.784259
v 4.336765 -8.572603 3.603259
v 4.158765 -8.659604 3.603259
v 4.336765 -8.572603 2.784259
v 4.158765 -8.659604 3.603259
v 4.158765 -8.659604 2.784259
v 4.573765 -8.355603 2.784260
v 4.336765 -8.572603 3.603259
v 4.336765 -8.572603 2.784259
v 4.158765 -8.659604 2.784259
v 4.158765 -8.659604 3.603259
v 2.825764 -8.792603 3.603259
v 4.158765 -8.659604 2.784259
v 2.825764 -8.792603 3.603259
v 2.825764 -8.792603 2.784259
v 4.573765 -8.355603 2.784260
v 4.573765 -8.355603 3.603260
v 4.336765 -8.572603 3.603259
v 4.670765 -8.331603 2.784260
v 4.573765 -8.355603 3.603260
v 4.573765 -8.355603 2.784260
v 4.670765 -8.331603 2.784260
v 4.670765 -8.331603 3.603260
v 4.573765 -8.355603 3.603260
v 11.936764 -7.517604 3.089258
v 11.130765 -7.666603 3.454258
v 11.839764 -7.566603 2.990258
v 11.936764 -7.517604 3.089258
v 11.181764 -7.615604 3.576258
v 11.130765 -7.666603 3.454258
v 12.437764 -7.406604 2.316258
v 11.936764 -7.517604 3.089258
v 11.839764 -7.566603 2.990258
v 12.539763 -7.303603 2.358258
v 11.936764 -7.517604 3.089258
v 12.437764 -7.406604 2.316258
v 12.539763 -7.303603 2.358258
v 11.990764 -7.411604 3.145258
v 11.936764 -7.517604 3.089258
v 11.990764 -7.411604 3.145258
v 11.181764 -7.615604 3.576258
v 11.936764 -7.517604 3.089258
v 12.283765 -7.467603 2.252259
v 11.839764 -7.566603 2.990258
v 11.306764 -7.583604 2.442259
v 12.437764 -7.406604 2.316258
v 11.839764 -7.566603 2.990258
v 12.283765 -7.467603 2.252259
v 11.839764 -7.566603 2.990258
v 10.821765 -7.675604 2.716259
v 11.306764 -7.583604 2.442259
v 11.839764 -7.566603 2.990258
v 11.130765 -7.666603 3.454258
v 10.821765 -7.675604 2.716259
v 11.130765 -7.666603 3.454258
v 10.312764 -7.768604 3.603259
v 10.201764 -7.768604 2.784259
v 11.181764 -7.615604 3.576258
v 10.312764 -7.768604 3.603259
v 11.130765 -7.666603 3.454258
v 11.130765 -7.666603 3.454258
v 10.201764 -7.768604 2.784259
v 10.821765 -7.675604 2.716259
v 7.419764 -6.540603 1.155259
v 7.763763 -6.611604 0.236259
v 7.834764 -6.644604 0.277259
v 8.342765 -6.189604 2.588259
v 7.318765 -6.223604 2.461259
v 8.342765 -6.335603 2.167259
v 7.834764 -6.644604 0.277259
v 7.763763 -6.611604 0.236259
v 8.405764 -6.711604 -0.427741
v 7.834764 -6.644604 0.277259
v 8.405764 -6.711604 -0.427741
v 8.479765 -6.751604 -0.340741
v 7.834764 -6.644604 0.277259
v 8.479765 -6.751604 -0.340741
v 8.950764 -6.775604 0.213259
v 7.834764 -6.644604 0.277259
v 8.950764 -6.775604 0.213259
v 8.559765 -6.663604 0.699259
v 7.419764 -6.540603 1.155259
v 7.834764 -6.644604 0.277259
v 8.559765 -6.663604 0.699259
v 7.763763 -6.611604 0.236259
v 8.360764 -6.632604 -0.480741
v 8.405764 -6.711604 -0.427741
v 8.405764 -6.711604 -0.427741
v 9.200764 -6.796604 -0.914741
v 8.479765 -6.751604 -0.340741
v 8.479765 -6.751604 -0.340741
v 9.455765 -6.884604 -0.185741
v 8.950764 -6.775604 0.213259
v 8.479765 -6.751604 -0.340741
v 9.254764 -6.856604 -0.761741
v 9.455765 -6.884604 -0.185741
v 8.479765 -6.751604 -0.340741
v 9.200764 -6.796604 -0.914741
v 9.254764 -6.856604 -0.761741
v 8.405764 -6.711604 -0.427741
v 9.166764 -6.701604 -1.012741
v 9.200764 -6.796604 -0.914741
v 8.360764 -6.632604 -0.480741
v 9.166764 -6.701604 -1.012741
v 8.405764 -6.711604 -0.427741
v 8.337765 -4.171604 5.840259
v 7.313765 -4.170604 5.835258
v 8.342765 -6.189604 2.588259
v 8.342765 -6.335603 2.167259
v 7.318765 -6.223604 2.461259
v 7.318764 -6.335603 2.113259
v 8.342765 -6.189604 2.588259
v 7.313765 -4.170604 5.835258
v 7.318765 -6.223604 2.461259
v 8.337765 -4.115604 5.959259
v 7.313765 -4.113604 5.955257
v 7.313765 -4.170604 5.835258
v 8.337765 -4.115604 5.959259
v 7.313765 -4.170604 5.835258
v 8.337765 -4.171604 5.840259
v 8.337765 -4.082604 6.088259
v 7.313765 -4.113604 5.955257
v 8.337765 -4.115604 5.959259
v 8.337765 -4.082604 6.088259
v 7.313765 -4.078604 6.083259
v 7.313765 -4.113604 5.955257
v 8.335766 -4.037604 7.632258
v 7.313765 -4.078604 6.083259
v 8.337765 -4.082604 6.088259
v 8.335766 -4.037604 7.632258
v 7.311765 -4.036604 7.627258
v 7.313765 -4.078604 6.083259
v 8.334764 -4.030603 7.795259
v 7.311765 -4.036604 7.627258
v 8.335766 -4.037604 7.632258
v 8.357764 -7.819604 2.784259
v 8.258763 -7.835603 3.603259
v 8.258763 -7.835603 2.784259
v 8.334764 -4.030603 7.795259
v 7.310765 -4.028605 7.790258
v 7.311765 -4.036604 7.627258
v 8.333766 -3.836604 9.116258
v 7.310765 -4.028605 7.790258
v 8.334764 -4.030603 7.795259
v 7.309765 -3.836604 8.989257
v 7.310765 -4.028605 7.790258
v 7.817765 -3.836604 9.052258
v 7.817765 -3.836604 9.052258
v 7.310765 -4.028605 7.790258
v 8.333766 -3.836604 9.116258
v 2.825764 -8.792603 2.784259
v 1.606765 -8.945603 3.610259
v 1.592765 -8.945603 2.784259
v 2.825764 -8.792603 3.603259
v 1.606765 -8.945603 3.610259
v 2.825764 -8.792603 2.784259
v 7.318764 -6.335603 2.113259
v 7.419764 -6.540603 1.155259
v 8.387765 -6.550604 1.360259
v 8.357764 -7.819604 2.784259
v 8.357764 -7.819604 3.603259
v 8.258763 -7.835603 3.603259
v 9.279763 -7.814604 2.784259
v 8.357764 -7.819604 3.603259
v 8.357764 -7.819604 2.784259
v 9.279763 -7.814604 2.784259
v 9.279763 -7.827604 3.603259
v 8.357764 -7.819604 3.603259
v 10.312764 -7.768604 3.603259
v 9.279763 -7.814604 2.784259
v 10.201764 -7.768604 2.784259
v 10.312764 -7.768604 3.603259
v 9.279763 -7.827604 3.603259
v 9.279763 -7.814604 2.784259
v 3.857764 -10.881604 11.928257
v 9.702765 -11.434604 10.904258
v 9.702765 -11.434604 11.928257
v 7.318764 -6.335603 2.113259
v 8.387765 -6.550604 1.360259
v 8.342765 -6.335603 2.167259
v 7.419764 -6.540603 1.155259
v 8.559765 -6.663604 0.699259
v 8.387765 -6.550604 1.360259
v 9.254764 -6.856604 -0.761741
v 10.160764 -6.986604 -0.320741
v 9.455765 -6.884604 -0.185741
v 9.166764 -6.701604 -1.012741
v 10.173764 -6.769604 -1.232741
v 9.200764 -6.796604 -0.914741
v 9.200764 -6.796604 -0.914741
v 10.171763 -6.878604 -1.093741
v 9.254764 -6.856604 -0.761741
v 9.254764 -6.856604 -0.761741
v 10.171763 -6.878604 -1.093741
v 10.168763 -6.959604 -0.884741
v 9.254764 -6.856604 -0.761741
v 10.168763 -6.959604 -0.884741
v 10.160764 -6.986604 -0.320741
v 10.168763 -6.959604 -0.884741
v 10.850764 -7.092604 -0.131742
v 10.160764 -6.986604 -0.320741
v 10.168763 -6.959604 -0.884741
v 11.062764 -7.064604 -0.676741
v 10.850764 -7.092604 -0.131742
v 10.168763 -6.959604 -0.884741
v 11.137765 -6.983604 -0.871741
v 11.062764 -7.064604 -0.676741
v 10.171763 -6.878604 -1.093741
v 11.137765 -6.983604 -0.871741
v 10.168763 -6.959604 -0.884741
v 9.200764 -6.796604 -0.914741
v 10.173764 -6.769604 -1.232741
v 10.171763 -6.878604 -1.093741
v 10.173764 -6.769604 -1.232741
v 11.137765 -6.983604 -0.871741
v 10.171763 -6.878604 -1.093741
v 11.972765 -7.084604 -0.374742
v 12.484763 -7.186604 0.436258
v 12.289763 -7.267604 0.510259
v 10.173764 -6.769604 -1.232741
v 11.188764 -6.873604 -1.000741
v 11.137765 -6.983604 -0.871741
v 11.062764 -7.064604 -0.676741
v 11.383763 -7.194604 0.199259
v 10.850764 -7.092604 -0.131742
v 11.137765 -6.983604 -0.871741
v 11.822764 -7.165604 -0.228741
v 11.062764 -7.064604 -0.676741
v 11.062764 -7.064604 -0.676741
v 11.822764 -7.165604 -0.228741
v 11.383763 -7.194604 0.199259
v 11.137765 -6.983604 -0.871741
v 11.972765 -7.084604 -0.374742
v 11.822764 -7.165604 -0.228741
v 11.188764 -6.873604 -1.000741
v 11.972765 -7.084604 -0.374742
v 11.137765 -6.983604 -0.871741
v 11.188764 -6.873604 -1.000741
v 12.071765 -6.974604 -0.471742
v 11.972765 -7.084604 -0.374742
v 11.822764 -7.165604 -0.228741
v 11.709764 -7.297604 0.730258
v 11.383763 -7.194604 0.199259
v 11.822764 -7.165604 -0.228741
v 12.289763 -7.267604 0.510259
v 11.709764 -7.297604 0.730258
v 11.972765 -7.084604 -0.374742
v 12.289763 -7.267604 0.510259
v 11.822764 -7.165604 -0.228741
v 12.071765 -6.974604 -0.471742
v 12.614764 -7.076604 0.387259
v 12.484763 -7.186604 0.436258
v 12.071765 -6.974604 -0.471742
v 12.484763 -7.186604 0.436258
v 11.972765 -7.084604 -0.374742
v 12.289763 -7.267604 0.510259
v 11.798764 -7.399604 1.378259
v 11.709764 -7.297604 0.730258
v 12.484763 -7.186604 0.436258
v 12.375765 -7.371604 1.378259
v 12.289763 -7.267604 0.510259
v 12.484763 -7.186604 0.436258
v 12.584764 -7.290603 1.378259
v 12.375765 -7.371604 1.378259
v 12.614764 -7.076604 0.387259
v 12.584764 -7.290603 1.378259
v 12.484763 -7.186604 0.436258
v 12.614764 -7.076604 0.387259
v 12.723763 -7.180604 1.378259
v 12.584764 -7.290603 1.378259
v 12.289763 -7.267604 0.510259
v 12.375765 -7.371604 1.378259
v 11.798764 -7.399604 1.378259
v 12.375765 -7.371604 1.378259
v 11.679765 -7.491604 2.002259
v 11.798764 -7.399604 1.378259
v 12.375765 -7.371604 1.378259
v 12.283765 -7.467603 2.252259
v 11.679765 -7.491604 2.002259
v 12.584764 -7.290603 1.378259
v 12.283765 -7.467603 2.252259
v 12.375765 -7.371604 1.378259
v 12.723763 -7.180604 1.378259
v 12.539763 -7.303603 2.358258
v 12.437764 -7.406604 2.316258
v 12.723763 -7.180604 1.378259
v 12.437764 -7.406604 2.316258
v 12.584764 -7.290603 1.378259
v 12.584764 -7.290603 1.378259
v 12.437764 -7.406604 2.316258
v 12.283765 -7.467603 2.252259
v 12.283765 -7.467603 2.252259
v 11.306764 -7.583604 2.442259
v 11.679765 -7.491604 2.002259
v 1.592765 -8.945603 2.784259
v 0.872765 -9.037603 3.215259
v 0.822764 -9.037603 2.808259
v 8.243766 -10.573604 11.923257
v 7.629765 -10.573604 11.923257
v 7.629765 -11.187604 11.923257
v 6.222765 -10.440604 10.909257
v 6.837765 -10.440604 10.909257
v 6.837765 -11.054604 10.909257
v 6.222765 -10.440604 10.909257
v 6.837765 -11.054604 10.909257
v 6.222765 -11.054604 10.909257
v 6.837765 -10.440604 11.923257
v 6.222765 -10.440604 11.923257
v 6.222765 -11.054604 11.923257
v 6.837765 -10.440604 11.923257
v 6.222765 -11.054604 11.923257
v 6.837765 -11.054604 11.923257
v 7.629765 -10.573604 10.909257
v 8.243766 -11.187604 10.909257
v 7.629765 -11.187604 10.909257
v 7.629765 -10.573604 10.909257
v 8.243766 -10.573604 10.909257
v 8.243766 -11.187604 10.909257
v 2.377764 -10.428604 9.643257
v 2.377764 -9.904604 9.950257
v 2.377764 -10.428604 9.950257
v 8.243766 -10.573604 11.923257
v 7.629765 -11.187604 11.923257
v 8.243766 -11.187604 11.923257
v 9.029765 -10.705604 10.909257
v 9.644766 -10.705604 10.909257
v 9.644766 -11.320603 10.909257
v 9.029765 -10.705604 10.909257
v 9.644766 -11.320603 10.909257
v 9.029765 -11.320603 10.909257
v 9.644766 -10.705604 11.923257
v 9.029765 -10.705604 11.923257
v 9.029765 -11.320603 11.923257
v 9.644766 -10.705604 11.923257
v 9.029765 -11.320603 11.923257
v 9.644766 -11.320603 11.923257
v 2.377764 -10.428604 9.643257
v 2.377764 -9.904604 9.643258
v 2.377764 -9.904604 9.950257
v 8.066766 -3.611604 10.150258
v 8.066766 -2.997604 10.150258
v 7.908765 -2.997604 10.414257
v 2.643764 -9.904604 9.490257
v 2.377764 -9.904604 9.643258
v 2.377764 -10.428604 9.643257
v 2.643764 -9.904604 9.490257
v 2.377764 -10.428604 9.643257
v 2.643764 -10.428604 9.490257
v 0.342765 -9.021604 4.528259
v 0.342765 -8.406604 4.835259
v 0.342765 -9.021604 4.835259
v 0.342765 -9.021604 4.528259
v 0.342765 -8.406604 4.528259
v 0.342765 -8.406604 4.835259
v 0.609764 -8.406604 4.375259
v 0.342765 -8.406604 4.528259
v 0.342765 -9.021604 4.528259
v 0.609764 -8.406604 4.375259
v 0.342765 -9.021604 4.528259
v 0.609764 -9.021604 4.375259
v 5.942765 -2.567604 11.710258
v 5.640765 -3.181604 11.762258
v 5.942765 -3.181604 11.710258
v 8.066766 -3.611604 10.150258
v 7.908765 -2.997604 10.414257
v 7.908765 -3.611604 10.414257
v 8.141765 -2.997604 9.852258
v 8.066766 -3.611604 10.150258
v 8.141765 -3.611604 9.852258
v 8.141765 -2.997604 9.852258
v 8.066766 -2.997604 10.150258
v 8.066766 -3.611604 10.150258
v 5.640765 -3.181604 11.762258
v 5.640765 -2.567604 11.762258
v 5.333765 -2.567604 11.759257
v 5.640765 -3.181604 11.762258
v 5.333765 -2.567604 11.759257
v 5.333765 -3.181604 11.759257
v 5.942765 -2.567604 11.710258
v 5.640765 -2.567604 11.762258
v 5.640765 -3.181604 11.762258
v 0.386764 -1.788604 11.010258
v 0.154764 -1.788604 10.808259
v 0.154764 -2.403604 10.808258
v 2.528764 -2.771604 11.762258
v 2.222764 -2.157604 11.738257
v 2.222764 -2.771604 11.738257
v 2.528764 -2.771604 11.762258
v 2.528764 -2.157604 11.762258
v 2.222764 -2.157604 11.738257
v 2.831764 -2.157604 11.709258
v 2.528764 -2.157604 11.762258
v 2.528764 -2.771604 11.762258
v 2.831764 -2.157604 11.709258
v 2.528764 -2.771604 11.762258
v 2.831764 -2.771604 11.709258
v 0.154764 -2.403604 10.808258
v 0.154764 -1.788604 10.808259
v 0.000765 -1.788604 10.542257
v 0.154764 -2.403604 10.808258
v 0.000765 -1.788604 10.542257
v 0.000765 -2.403604 10.542256
v 0.511763 -0.077605 1.830259
v 0.511764 -0.692605 2.444259
v 0.511763 -0.692605 1.830260
v 0.386764 -1.788604 11.010258
v 0.154764 -2.403604 10.808258
v 0.386764 -2.403604 11.010257
v -0.501236 -2.188605 8.662257
v -0.501236 -1.573605 8.662257
v -0.501236 -1.573605 8.355258
v -0.501236 -2.188605 8.662257
v -0.501236 -1.573605 8.355258
v -0.501236 -2.188605 8.355258
v -0.474235 -1.573604 8.968257
v -0.501236 -2.188605 8.662257
v -0.474235 -2.188604 8.968257
v -0.474235 -1.573604 8.968257
v -0.501236 -1.573605 8.662257
v -0.501236 -2.188605 8.662257
v 0.511763 -0.077605 1.830259
v 0.511764 -0.077605 2.444258
v 0.511764 -0.692605 2.444259
v -0.502237 -0.077605 2.444259
v -0.502237 -0.077605 1.830260
v -0.502237 -0.692605 1.830260
v -0.502237 -0.077605 2.444259
v -0.502237 -0.692605 1.830260
v -0.502237 -0.692605 2.444259
v 8.886765 -11.356604 10.904258
v 8.682766 -11.337604 11.928257
v 8.682766 -11.337604 10.904258
v 8.886765 -11.356604 11.928257
v 8.682766 -11.337604 11.928257
v 8.886765 -11.356604 10.904258
v 10.956765 -11.434604 11.647257
v 10.752765 -11.434604 11.647257
v 10.752765 -11.408604 11.647257
v 10.752765 -11.434604 11.237257
v 10.956765 -11.434604 11.237257
v 10.823766 -11.408604 11.237257
v 10.752765 -11.434604 11.237257
v 10.823766 -11.408604 11.237257
v 10.752765 -11.408604 11.237257
v 10.823766 -11.408604 11.237257
v 10.956765 -11.434604 11.237257
v 10.890765 -11.382604 11.237257
v 10.823766 -11.408604 11.237257
v 10.890765 -11.382604 11.237257
v 10.823766 -11.382604 11.237257
v 10.956765 -11.434604 11.237257
v 10.890765 -11.357604 11.237257
v 10.890765 -11.382604 11.237257
v 10.956765 -11.434604 11.237257
v 10.956765 -11.357604 11.237257
v 10.890765 -11.357604 11.237257
v 10.890765 -11.357604 11.647257
v 10.956765 -11.357604 11.647257
v 10.956765 -11.434604 11.647257
v 10.890765 -11.357604 11.647257
v 10.956765 -11.434604 11.647257
v 10.890765 -11.382604 11.647257
v 10.823766 -11.408604 11.647257
v 10.890765 -11.382604 11.647257
v 10.956765 -11.434604 11.647257
v 10.956765 -11.434604 11.647257
v 10.752765 -11.408604 11.647257
v 10.823766 -11.408604 11.647257
v 10.890765 -11.382604 11.647257
v 10.890765 -11.357604 11.237257
v 10.890765 -11.357604 11.647257
v 10.823766 -11.408604 11.647257
v 10.823766 -11.382604 11.647257
v 10.890765 -11.382604 11.647257
v 10.752765 -11.434604 11.647257
v 10.752765 -11.408604 11.237257
v 10.752765 -11.408604 11.647257
v 10.752765 -11.434604 11.647257
v 10.752765 -11.434604 11.237257
v 10.752765 -11.408604 11.237257
v 10.823766 -11.408604 11.647257
v 10.823766 -11.382604 11.237257
v 10.823766 -11.382604 11.647257
v 10.823766 -11.408604 11.647257
v 10.823766 -11.408604 11.237257
v 10.823766 -11.382604 11.237257
v 10.890765 -11.382604 11.647257
v 10.890765 -11.382604 11.237257
v 10.890765 -11.357604 11.237257
v 11.724766 -11.331604 11.800258
v 11.724766 -11.434604 11.032257
v 11.724766 -11.434604 11.800258
v 10.956765 -11.357604 11.647257
v 10.956765 -11.434604 11.800258
v 10.956765 -11.434604 11.647257
v 10.956765 -11.357604 11.237257
v 10.956765 -11.331604 11.800258
v 10.956765 -11.357604 11.647257
v 10.956765 -11.357604 11.647257
v 10.956765 -11.331604 11.800258
v 10.956765 -11.434604 11.800258
v 10.956765 -11.357604 11.237257
v 10.956765 -11.331604 11.032257
v 10.956765 -11.331604 11.800258
v 10.956765 -11.434604 11.032257
v 10.956765 -11.331604 11.032257
v 10.956765 -11.357604 11.237257
v 10.956765 -11.434604 11.032257
v 10.956765 -11.357604 11.237257
v 10.956765 -11.434604 11.237257
v 10.956765 -11.331604 11.800258
v 11.724766 -11.434604 11.800258
v 10.956765 -11.434604 11.800258
v 10.956765 -11.331604 11.800258
v 11.724766 -11.331604 11.800258
v 11.724766 -11.434604 11.800258
v 10.956765 -11.434604 11.032257
v 11.724766 -11.434604 11.032257
v 11.724766 -11.331604 11.032257
v 11.724766 -11.331604 11.800258
v 11.724766 -11.331604 11.032257
v 11.724766 -11.434604 11.032257
v 10.956765 -11.434604 11.032257
v 11.724766 -11.331604 11.032257
v 10.956765 -11.331604 11.032257
v 10.956765 -11.331604 11.800258
v 10.956765 -11.331604 11.032257
v 10.977765 -11.331604 11.053257
v 10.956765 -11.331604 11.032257
v 11.724766 -11.331604 11.032257
v 11.703766 -11.331604 11.053257
v 10.956765 -11.331604 11.032257
v 11.703766 -11.331604 11.053257
v 10.977765 -11.331604 11.053257
v 11.724766 -11.331604 11.032257
v 11.724766 -11.331604 11.800258
v 11.703766 -11.331604 11.779258
v 11.724766 -11.331604 11.032257
v 11.703766 -11.331604 11.779258
v 11.703766 -11.331604 11.053257
v 10.977765 -11.331604 11.779258
v 11.703766 -11.331604 11.779258
v 11.724766 -11.331604 11.800258
v 10.977765 -11.331604 11.779258
v 11.724766 -11.331604 11.800258
v 10.956765 -11.331604 11.800258
v 10.956765 -11.331604 11.800258
v 10.977765 -11.331604 11.053257
v 10.977765 -11.331604 11.779258
v 10.823766 -11.408604 11.237257
v 10.752765 -11.408604 11.647257
v 10.752765 -11.408604 11.237257
v 10.823766 -11.408604 11.237257
v 10.823766 -11.408604 11.647257
v 10.752765 -11.408604 11.647257
v 10.890765 -11.382604 11.647257
v 10.823766 -11.382604 11.237257
v 10.890765 -11.382604 11.237257
v 10.890765 -11.382604 11.647257
v 10.823766 -11.382604 11.647257
v 10.823766 -11.382604 11.237257
v 10.956765 -11.357604 11.647257
v 10.890765 -11.357604 11.237257
v 10.956765 -11.357604 11.237257
v 10.956765 -11.357604 11.647257
v 10.890765 -11.357604 11.647257
v 10.890765 -11.357604 11.237257
v 11.703766 -11.331604 11.779258
v 10.977765 -11.331604 11.053257
v 11.703766 -11.331604 11.053257
v 11.703766 -11.331604 11.779258
v 10.977765 -11.331604 11.779258
v 10.977765 -11.331604 11.053257
v 6.565765 -10.698604 10.955256
v 6.565765 -10.798604 10.955256
v 6.530765 -10.798604 10.990257
v 6.565765 -10.798604 10.955256
v 6.530765 -10.798604 10.919257
v 6.494765 -10.798604 10.955256
v 6.565765 -10.798604 10.955256
v 6.494765 -10.798604 10.955256
v 6.530765 -10.798604 10.990257
v 6.530765 -10.698604 10.919257
v 6.565765 -10.698604 10.955256
v 6.530765 -10.698604 10.990257
v 6.530765 -10.698604 10.919257
v 6.530765 -10.698604 10.990257
v 6.494765 -10.698604 10.955256
v 6.565765 -10.698604 10.955256
v 6.530765 -10.798604 10.919257
v 6.565765 -10.798604 10.955256
v 6.565765 -10.698604 10.955256
v 6.530765 -10.698604 10.919257
v 6.530765 -10.798604 10.919257
v 6.565765 -10.798604 11.878257
v 6.494765 -10.798604 11.878257
v 6.530765 -10.798604 11.913257
v 6.565765 -10.698604 10.955256
v 6.530765 -10.798604 10.990257
v 6.530765 -10.698604 10.990257
v 6.494765 -10.698604 10.955256
v 6.494765 -10.798604 10.955256
v 6.530765 -10.798604 10.919257
v 6.494765 -10.698604 10.955256
v 6.530765 -10.798604 10.919257
v 6.530765 -10.698604 10.919257
v 6.494765 -10.698604 10.955256
v 6.530765 -10.698604 10.990257
v 6.530765 -10.798604 10.990257
v 6.494765 -10.698604 10.955256
v 6.530765 -10.798604 10.990257
v 6.494765 -10.798604 10.955256
v 6.565765 -10.798604 11.878257
v 6.530765 -10.798604 11.843257
v 6.494765 -10.798604 11.878257
v 6.494765 -10.698604 11.878257
v 6.494765 -10.798604 11.878257
v 6.530765 -10.798604 11.843257
v 6.530765 -10.698604 11.843257
v 6.565765 -10.698604 11.878257
v 6.530765 -10.698604 11.913257
v 6.530765 -10.698604 11.843257
v 6.530765 -10.698604 11.913257
v 6.494765 -10.698604 11.878257
v 6.565765 -10.698604 11.878257
v 6.530765 -10.798604 11.843257
v 6.565765 -10.798604 11.878257
v 6.565765 -10.698604 11.878257
v 6.530765 -10.698604 11.843257
v 6.530765 -10.798604 11.843257
v 6.565765 -10.698604 11.878257
v 6.565765 -10.798604 11.878257
v 6.530765 -10.798604 11.913257
v 6.565765 -10.698604 11.878257
v 6.530765 -10.798604 11.913257
v 6.530765 -10.698604 11.913257
v 7.936765 -10.831604 10.919257
v 7.936765 -10.831604 10.990257
v 7.901765 -10.831604 10.955256
v 6.494765 -10.698604 11.878257
v 6.530765 -10.798604 11.843257
v 6.530765 -10.698604 11.843257
v 6.494765 -10.698604 11.878257
v 6.530765 -10.798604 11.913257
v 6.494765 -10.798604 11.878257
v 6.494765 -10.698604 11.878257
v 6.530765 -10.698604 11.913257
v 6.530765 -10.798604 11.913257
v 7.971765 -10.931603 10.955256
v 7.936765 -10.931603 10.919257
v 7.901765 -10.931603 10.955256
v 7.971765 -10.931603 10.955256
v 7.901765 -10.931603 10.955256
v 7.936765 -10.931603 10.990257
v 7.936765 -10.831604 10.919257
v 7.971765 -10.831604 10.955256
v 7.936765 -10.831604 10.990257
v 7.901765 -10.831604 10.955256
v 7.936765 -10.831604 10.990257
v 7.936765 -10.931603 10.990257
v 7.971765 -10.831604 10.955256
v 7.936765 -10.931603 10.919257
v 7.971765 -10.931603 10.955256
v 7.971765 -10.831604 10.955256
v 7.936765 -10.831604 10.919257
v 7.936765 -10.931603 10.919257
v 7.971765 -10.831604 10.955256
v 7.971765 -10.931603 10.955256
v 7.936765 -10.931603 10.990257
v 7.971765 -10.831604 10.955256
v 7.936765 -10.931603 10.990257
v 7.936765 -10.831604 10.990257
v 7.901765 -10.831604 10.955256
v 7.901765 -10.931603 10.955256
v 7.936765 -10.931603 10.919257
v 7.901765 -10.831604 10.955256
v 7.936765 -10.931603 10.919257
v 7.936765 -10.831604 10.919257
v 7.971765 -10.831604 11.878257
v 7.936765 -10.931603 11.843257
v 7.971765 -10.931603 11.878257
v 7.901765 -10.831604 10.955256
v 7.936765 -10.931603 10.990257
v 7.901765 -10.931603 10.955256
v 7.971765 -10.931603 11.878257
v 7.936765 -10.931603 11.843257
v 7.901765 -10.931603 11.878257
v 7.971765 -10.931603 11.878257
v 7.901765 -10.931603 11.878257
v 7.936765 -10.931603 11.913257
v 7.936765 -10.831604 11.843257
v 7.936765 -10.831604 11.913257
v 7.901765 -10.831604 11.878257
v 7.936765 -10.831604 11.843257
v 7.971765 -10.831604 11.878257
v 7.936765 -10.831604 11.913257
v 7.971765 -10.831604 11.878257
v 7.936765 -10.831604 11.843257
v 7.936765 -10.931603 11.843257
v 9.372765 -11.064604 10.955256
v 9.336764 -11.064604 10.919257
v 9.301764 -11.064604 10.955256
v 7.971765 -10.831604 11.878257
v 7.971765 -10.931603 11.878257
v 7.936765 -10.931603 11.913257
v 7.971765 -10.831604 11.878257
v 7.936765 -10.931603 11.913257
v 7.936765 -10.831604 11.913257
v 7.901765 -10.831604 11.878257
v 7.901765 -10.931603 11.878257
v 7.936765 -10.931603 11.843257
v 7.901765 -10.831604 11.878257
v 7.936765 -10.931603 11.843257
v 7.936765 -10.831604 11.843257
v 7.901765 -10.831604 11.878257
v 7.936765 -10.831604 11.913257
v 7.936765 -10.931603 11.913257
v 7.901765 -10.831604 11.878257
v 7.936765 -10.931603 11.913257
v 7.901765 -10.931603 11.878257
v 9.372765 -10.964603 10.955256
v 9.336764 -11.064604 10.990257
v 9.336764 -10.964603 10.990257
v 9.372765 -11.064604 10.955256
v 9.301764 -11.064604 10.955256
v 9.336764 -11.064604 10.990257
v 9.336764 -10.964603 10.919257
v 9.336764 -10.964603 10.990257
v 9.301764 -10.964603 10.955256
v 9.336764 -10.964603 10.919257
v 9.372765 -10.964603 10.955256
v 9.336764 -10.964603 10.990257
v 9.372765 -10.964603 10.955256
v 9.336764 -10.964603 10.919257
v 9.336764 -11.064604 10.919257
v 9.372765 -10.964603 10.955256
v 9.336764 -11.064604 10.919257
v 9.372765 -11.064604 10.955256
v 9.372765 -10.964603 10.955256
v 9.372765 -11.064604 10.955256
v 9.336764 -11.064604 10.990257
v 9.336764 -10.964603 11.843257
v 9.372765 -10.964603 11.878257
v 9.336764 -10.964603 11.913257
v 9.301764 -10.964603 10.955256
v 9.301764 -11.064604 10.955256
v 9.336764 -11.064604 10.919257
v 9.301764 -10.964603 10.955256
v 9.336764 -11.064604 10.919257
v 9.336764 -10.964603 10.919257
v 9.301764 -10.964603 10.955256
v 9.336764 -10.964603 10.990257
v 9.336764 -11.064604 10.990257
v 9.301764 -10.964603 10.955256
v 9.336764 -11.064604 10.990257
v 9.301764 -11.064604 10.955256
v 9.372765 -11.064604 11.878257
v 9.301764 -11.064604 11.878257
v 9.336764 -11.064604 11.913257
v 9.372765 -11.064604 11.878257
v 9.336764 -11.064604 11.843257
v 9.301764 -11.064604 11.878257
v 9.301764 -10.964603 11.878257
v 9.336764 -11.064604 11.843257
v 9.336764 -10.964603 11.843257
v 9.336764 -10.964603 11.843257
v 9.336764 -10.964603 11.913257
v 9.301764 -10.964603 11.878257
v 9.372765 -10.964603 11.878257
v 9.336764 -10.964603 11.843257
v 9.336764 -11.064604 11.843257
v 9.372765 -10.964603 11.878257
v 9.336764 -11.064604 11.843257
v 9.372765 -11.064604 11.878257
v 9.372765 -10.964603 11.878257
v 9.336764 -11.064604 11.913257
v 9.336764 -10.964603 11.913257
v 9.372765 -10.964603 11.878257
v 9.372765 -11.064604 11.878257
v 9.336764 -11.064604 11.913257
v 9.301764 -10.964603 11.878257
v 9.301764 -11.064604 11.878257
v 9.336764 -11.064604 11.843257
v 8.040766 -3.255604 10.102258
v 7.994765 -3.255604 10.122257
v 7.994765 -3.355604 10.122257
v 9.301764 -10.964603 11.878257
v 9.336764 -10.964603 11.913257
v 9.336764 -11.064604 11.913257
v 9.301764 -10.964603 11.878257
v 9.336764 -11.064604 11.913257
v 9.301764 -11.064604 11.878257
v 8.040766 -3.355604 10.102258
v 8.013764 -3.355604 10.168258
v 8.059766 -3.355604 10.148257
v 8.040766 -3.355604 10.102258
v 7.994765 -3.355604 10.122257
v 8.013764 -3.355604 10.168258
v 7.994765 -3.255604 10.122257
v 8.040766 -3.255604 10.102258
v 8.059766 -3.255604 10.148257
v 7.994765 -3.255604 10.122257
v 8.059766 -3.255604 10.148257
v 8.013764 -3.255604 10.168258
v 8.013764 -3.255604 10.168258
v 8.059766 -3.355604 10.148257
v 8.013764 -3.355604 10.168258
v 8.040766 -3.255604 10.102258
v 7.994765 -3.355604 10.122257
v 8.040766 -3.355604 10.102258
v 8.040766 -3.255604 10.102258
v 8.040766 -3.355604 10.102258
v 8.059766 -3.355604 10.148257
v 8.040766 -3.255604 10.102258
v 8.059766 -3.355604 10.148257
v 8.059766 -3.255604 10.148257
v 8.013764 -3.255604 10.168258
v 8.013764 -3.355604 10.168258
v 7.994765 -3.355604 10.122257
v 8.013764 -3.255604 10.168258
v 7.994765 -3.355604 10.122257
v 7.994765 -3.255604 10.122257
v 8.013764 -3.255604 10.168258
v 8.059766 -3.255604 10.148257
v 8.059766 -3.355604 10.148257
v 5.670765 -2.825604 11.716258
v 5.638765 -2.925604 11.754257
v 5.638765 -2.825604 11.754257
v 5.670765 -2.925604 11.716258
v 5.601765 -2.925604 11.722257
v 5.638765 -2.925604 11.754257
v 5.670765 -2.925604 11.716258
v 5.633765 -2.925604 11.684257
v 5.601765 -2.925604 11.722257
v 5.633765 -2.825604 11.684257
v 5.670765 -2.825604 11.716258
v 5.638765 -2.825604 11.754257
v 5.633765 -2.825604 11.684257
v 5.638765 -2.825604 11.754257
v 5.601765 -2.825604 11.722257
v 5.670765 -2.825604 11.716258
v 5.633765 -2.825604 11.684257
v 5.633765 -2.925604 11.684257
v 5.670765 -2.825604 11.716258
v 5.633765 -2.925604 11.684257
v 5.670765 -2.925604 11.716258
v 2.564764 -2.515604 11.719256
v 2.529764 -2.515604 11.683258
v 2.493764 -2.515604 11.718257
v 5.670765 -2.825604 11.716258
v 5.670765 -2.925604 11.716258
v 5.638765 -2.925604 11.754257
v 5.601765 -2.825604 11.722257
v 5.601765 -2.925604 11.722257
v 5.633765 -2.925604 11.684257
v 5.601765 -2.825604 11.722257
v 5.633765 -2.925604 11.684257
v 5.633765 -2.825604 11.684257
v 5.601765 -2.825604 11.722257
v 5.638765 -2.825604 11.754257
v 5.638765 -2.925604 11.754257
v 5.601765 -2.825604 11.722257
v 5.638765 -2.925604 11.754257
v 5.601765 -2.925604 11.722257
v 2.564764 -2.515604 11.719256
v 2.493764 -2.515604 11.718257
v 2.528764 -2.515604 11.754257
v 2.493764 -2.416604 11.718257
v 2.493764 -2.515604 11.718257
v 2.529764 -2.515604 11.683258
v 2.529764 -2.416604 11.683258
v 2.564764 -2.416604 11.719256
v 2.528764 -2.416604 11.754257
v 2.529764 -2.416604 11.683258
v 2.528764 -2.416604 11.754257
v 2.493764 -2.416604 11.718257
v 2.564764 -2.416604 11.719256
v 2.529764 -2.416604 11.683258
v 2.529764 -2.515604 11.683258
v 2.564764 -2.416604 11.719256
v 2.529764 -2.515604 11.683258
v 2.564764 -2.515604 11.719256
v 2.564764 -2.416604 11.719256
v 2.564764 -2.515604 11.719256
v 2.528764 -2.515604 11.754257
v 2.564764 -2.416604 11.719256
v 2.528764 -2.515604 11.754257
v 2.528764 -2.416604 11.754257
v 0.214764 -2.047604 10.759257
v 0.159765 -2.047604 10.803258
v 0.164765 -2.047604 10.753258
v 2.493764 -2.416604 11.718257
v 2.529764 -2.515604 11.683258
v 2.529764 -2.416604 11.683258
v 2.493764 -2.416604 11.718257
v 2.528764 -2.515604 11.754257
v 2.493764 -2.515604 11.718257
v 2.493764 -2.416604 11.718257
v 2.528764 -2.416604 11.754257
v 2.528764 -2.515604 11.754257
v 0.209765 -2.147604 10.808259
v 0.214764 -2.147604 10.759257
v 0.164765 -2.147604 10.753258
v 0.209765 -2.147604 10.808259
v 0.164765 -2.147604 10.753258
v 0.159765 -2.147604 10.803258
v 0.214764 -2.047604 10.759257
v 0.209765 -2.047604 10.808259
v 0.159765 -2.047604 10.803258
v 0.164765 -2.047604 10.753258
v 0.159765 -2.147604 10.803258
v 0.164765 -2.147604 10.753258
v 0.209765 -2.047604 10.808259
v 0.214764 -2.147604 10.759257
v 0.209765 -2.147604 10.808259
v 0.209765 -2.047604 10.808259
v 0.214764 -2.047604 10.759257
v 0.214764 -2.147604 10.759257
v 0.209765 -2.047604 10.808259
v 0.209765 -2.147604 10.808259
v 0.159765 -2.147604 10.803258
v 0.209765 -2.047604 10.808259
v 0.159765 -2.147604 10.803258
v 0.159765 -2.047604 10.803258
v 0.164765 -2.047604 10.753258
v 0.164765 -2.147604 10.753258
v 0.214764 -2.147604 10.759257
v 0.164765 -2.047604 10.753258
v 0.214764 -2.147604 10.759257
v 0.214764 -2.047604 10.759257
v 2.322764 -10.072604 9.652258
v 2.371764 -10.172604 9.639257
v 2.322764 -10.172604 9.652258
v 0.164765 -2.047604 10.753258
v 0.159765 -2.047604 10.803258
v 0.159765 -2.147604 10.803258
v 2.322764 -10.172604 9.652258
v 2.371764 -10.172604 9.639257
v 2.358764 -10.172604 9.591258
v 2.322764 -10.172604 9.652258
v 2.358764 -10.172604 9.591258
v 2.310765 -10.172604 9.604258
v 2.371764 -10.072604 9.639257
v 2.322764 -10.072604 9.652258
v 2.310765 -10.072604 9.604258
v 2.371764 -10.072604 9.639257
v 2.310765 -10.072604 9.604258
v 2.358764 -10.072604 9.591258
v 2.322764 -10.072604 9.652258
v 2.371764 -10.072604 9.639257
v 2.371764 -10.172604 9.639257
v 0.288765 -8.765604 4.537259
v 0.336765 -8.765604 4.524259
v 0.323765 -8.765604 4.476259
v 2.322764 -10.072604 9.652258
v 2.322764 -10.172604 9.652258
v 2.310765 -10.172604 9.604258
v 2.322764 -10.072604 9.652258
v 2.310765 -10.172604 9.604258
v 2.310765 -10.072604 9.604258
v 2.358764 -10.072604 9.591258
v 2.358764 -10.172604 9.591258
v 2.371764 -10.172604 9.639257
v 2.358764 -10.072604 9.591258
v 2.371764 -10.172604 9.639257
v 2.371764 -10.072604 9.639257
v 2.358764 -10.072604 9.591258
v 2.310765 -10.172604 9.604258
v 2.358764 -10.172604 9.591258
v 2.358764 -10.072604 9.591258
v 2.310765 -10.072604 9.604258
v 2.310765 -10.172604 9.604258
v 0.288765 -8.665604 4.537259
v 0.275765 -8.765604 4.489259
v 0.275765 -8.665604 4.489259
v 0.288765 -8.765604 4.537259
v 0.323765 -8.765604 4.476259
v 0.275765 -8.765604 4.489259
v 0.336765 -8.665604 4.524259
v 0.288765 -8.665604 4.537259
v 0.275765 -8.665604 4.489259
v 0.336765 -8.665604 4.524259
v 0.275765 -8.665604 4.489259
v 0.323765 -8.665604 4.476259
v 0.288765 -8.665604 4.537259
v 0.336765 -8.665604 4.524259
v 0.336765 -8.765604 4.524259
v 0.288765 -8.665604 4.537259
v 0.336765 -8.765604 4.524259
v 0.288765 -8.765604 4.537259
v 0.288765 -8.665604 4.537259
v 0.288765 -8.765604 4.537259
v 0.275765 -8.765604 4.489259
v 0.501765 -0.336605 2.137259
v 0.466765 -0.336605 2.172260
v 0.430764 -0.336605 2.137259
v 0.323765 -8.665604 4.476259
v 0.336765 -8.765604 4.524259
v 0.336765 -8.665604 4.524259
v 0.323765 -8.665604 4.476259
v 0.323765 -8.765604 4.476259
v 0.336765 -8.765604 4.524259
v 0.323765 -8.665604 4.476259
v 0.275765 -8.665604 4.489259
v 0.275765 -8.765604 4.489259
v 0.323765 -8.665604 4.476259
v 0.275765 -8.765604 4.489259
v 0.323765 -8.765604 4.476259
v 0.466765 -0.436605 2.172260
v 0.501765 -0.436605 2.137259
v 0.466765 -0.436605 2.102259
v 0.466765 -0.436605 2.172260
v 0.466765 -0.436605 2.102259
v 0.430764 -0.436605 2.137259
v 0.466765 -0.336605 2.102259
v 0.466765 -0.436605 2.102259
v 0.501765 -0.436605 2.137259
v 0.501765 -0.336605 2.137259
v 0.430764 -0.336605 2.137259
v 0.466765 -0.336605 2.102259
v 0.466765 -0.336605 2.172260
v 0.501765 -0.336605 2.137259
v 0.501765 -0.436605 2.137259
v 0.466765 -0.336605 2.172260
v 0.501765 -0.436605 2.137259
v 0.466765 -0.436605 2.172260
v 0.466765 -0.336605 2.172260
v 0.466765 -0.436605 2.172260
v 0.430764 -0.436605 2.137259
v 0.466765 -0.336605 2.172260
v 0.430764 -0.436605 2.137259
v 0.430764 -0.336605 2.137259
v 0.466765 -0.336605 2.102259
v 0.501765 -0.436605 2.137259
v 0.501765 -0.336605 2.137259
v -0.457236 -0.336605 2.172260
v -0.421235 -0.336605 2.137259
v -0.421235 -0.436605 2.137259
v 0.466765 -0.336605 2.102259
v 0.430764 -0.336605 2.137259
v 0.430764 -0.436605 2.137259
v 0.466765 -0.336605 2.102259
v 0.430764 -0.436605 2.137259
v 0.466765 -0.436605 2.102259
v -0.457236 -0.436605 2.172260
v -0.421235 -0.436605 2.137259
v -0.457236 -0.436605 2.102259
v -0.457236 -0.436605 2.172260
v -0.457236 -0.436605 2.102259
v -0.492235 -0.436605 2.137259
v -0.421235 -0.336605 2.137259
v -0.492235 -0.336605 2.137259
v -0.457236 -0.336605 2.102259
v -0.421235 -0.336605 2.137259
v -0.457236 -0.336605 2.172260
v -0.492235 -0.336605 2.137259
v -0.457236 -0.336605 2.102259
v -0.492235 -0.436605 2.137259
v -0.457236 -0.436605 2.102259
v -0.457236 -0.336605 2.172260
v -0.421235 -0.436605 2.137259
v -0.457236 -0.436605 2.172260
v -0.457236 -0.336605 2.172260
v -0.457236 -0.436605 2.172260
v -0.492235 -0.436605 2.137259
v -0.457236 -0.336605 2.172260
v -0.492235 -0.436605 2.137259
v -0.492235 -0.336605 2.137259
v -0.457236 -0.336605 2.102259
v -0.421235 -0.436605 2.137259
v -0.421235 -0.336605 2.137259
v -0.457236 -0.336605 2.102259
v -0.457236 -0.436605 2.102259
v -0.421235 -0.436605 2.137259
v -0.457236 -0.336605 2.102259
v -0.492235 -0.336605 2.137259
v -0.492235 -0.436605 2.137259
v -0.457236 -1.832605 8.697257
v -0.492235 -1.932605 8.662257
v -0.492235 -1.832605 8.662257
v -0.457236 -1.932605 8.697257
v -0.421235 -1.932605 8.662257
v -0.457236 -1.932605 8.627257
v -0.457236 -1.932605 8.697257
v -0.457236 -1.932605 8.627257
v -0.492235 -1.932605 8.662257
v -0.421235 -1.832605 8.662257
v -0.457236 -1.832605 8.697257
v -0.492235 -1.832605 8.662257
v -0.421235 -1.832605 8.662257
v -0.492235 -1.832605 8.662257
v -0.457236 -1.832605 8.627257
v -0.457236 -1.832605 8.697257
v -0.421235 -1.832605 8.662257
v -0.421235 -1.932605 8.662257
v -0.457236 -1.832605 8.697257
v -0.421235 -1.932605 8.662257
v -0.457236 -1.932605 8.697257
v -0.457236 -1.832605 8.627257
v -0.492235 -1.932605 8.662257
v -0.457236 -1.932605 8.627257
v -0.457236 -1.832605 8.697257
v -0.457236 -1.932605 8.697257
v -0.492235 -1.932605 8.662257
v -0.457236 -1.832605 8.627257
v -0.457236 -1.932605 8.627257
v -0.421235 -1.932605 8.662257
v -0.457236 -1.832605 8.627257
v -0.421235 -1.932605 8.662257
v -0.421235 -1.832605 8.662257
v -0.457236 -1.832605 8.627257
v -0.492235 -1.832605 8.662257
v -0.492235 -1.932605 8.662257
v 9.336764 -11.064604 10.965257
v 9.336764 -11.099604 10.904258
v 9.336764 -11.064604 10.904258
v 6.530765 -10.798604 10.965257
v 6.530765 -10.833604 10.904258
v 6.530765 -10.798604 10.904258
v 6.530765 -10.833604 11.928257
v 6.530765 -10.798604 11.867258
v 6.530765 -10.798604 11.928257
v 7.936765 -10.931603 10.965257
v 7.936765 -10.966603 10.904258
v 7.936765 -10.931603 10.904258
v 7.936765 -10.966603 11.928257
v 7.936765 -10.931603 11.867258
v 7.936765 -10.931603 11.928257
v 0.296765 -8.765604 4.501259
v 0.349765 -8.800604 4.532259
v 0.349765 -8.765604 4.532259
v 9.336764 -11.099604 11.928257
v 9.336764 -11.064604 11.867258
v 9.336764 -11.064604 11.928257
v -0.507235 -1.967605 8.662257
v -0.446235 -1.932605 8.662257
v -0.507235 -1.932605 8.662257
v -0.507235 -0.471605 2.137259
v -0.446235 -0.436605 2.137259
v -0.507235 -0.436605 2.137259
v 0.455765 -0.436605 2.137259
v 0.516764 -0.471605 2.137259
v 0.516764 -0.436605 2.137259
v 8.073766 -3.390604 10.154257
v 8.017765 -3.355604 10.131257
v 8.073766 -3.355604 10.154257
v 2.331764 -10.172604 9.616258
v 2.384764 -10.207603 9.647258
v 2.384764 -10.172604 9.647258
v 0.147764 -2.182604 10.812257
v 0.195764 -2.147604 10.774258
v 0.147764 -2.147604 10.812257
v 2.528764 -2.550604 11.769258
v 2.529764 -2.515604 11.708257
v 2.528764 -2.515604 11.769258
v 5.640765 -2.960604 11.769258
v 5.635765 -2.925604 11.708257
v 5.640765 -2.925604 11.769258
v 12.160765 -11.434604 12.645257
v 9.753764 -11.434604 10.853257
v 12.160765 -11.434604 10.187257
v 12.160765 -11.434604 10.187257
v 9.753764 -11.434604 10.853257
v 9.753764 -11.434604 10.187257
v 12.160765 -11.434604 12.645257
v 9.753764 -11.434604 11.979257
v 9.753764 -11.434604 10.853257
v 9.753764 -11.434604 12.645257
v 9.753764 -11.434604 11.979257
v 12.160765 -11.434604 12.645257
v -0.609236 -0.703605 1.833260
v -0.609236 0.187395 1.987259
v -0.609236 -0.703605 1.987259
v -0.609236 -0.703605 1.833260
v -0.609236 0.187395 1.833260
v -0.609236 0.187395 1.987259
v 0.618765 0.187395 1.987258
v -0.609236 0.187395 1.987259
v -0.609236 0.187395 1.833260
v 0.618765 0.187395 1.987258
v -0.609236 0.187395 1.833260
v 0.618765 0.187395 1.833259
v 0.618765 -0.703605 1.987259
v 0.618765 0.187395 1.987258
v 0.618765 0.187395 1.833259
v 0.618765 -0.703605 1.987259
v 0.618765 0.187395 1.833259
v 0.618765 -0.703605 1.833260
v 9.753764 -8.976604 10.187258
v 9.753764 -10.307604 10.853257
v 9.753764 -10.307604 11.979257
v 9.753764 -8.976604 10.187258
v 9.753764 -11.434604 10.187257
v 9.753764 -11.434604 10.853257
v 9.753764 -8.976604 10.187258
v 9.753764 -10.307604 11.979257
v 9.753764 -8.976604 12.645257
v 9.753764 -8.976604 10.187258
v 9.753764 -11.434604 10.853257
v 9.753764 -10.307604 10.853257
v 9.753764 -10.307604 11.979257
v 9.753764 -11.434604 12.645257
v 9.753764 -8.976604 12.645257
v 9.753764 -10.307604 11.979257
v 9.753764 -11.434604 11.979257
v 9.753764 -11.434604 12.645257
v -0.609236 -0.703605 1.987259
v -1.531235 0.832395 1.987260
v -1.531235 -0.703605 1.987259
v -0.609236 -0.703605 1.987259
v -0.609236 0.187395 1.987259
v -1.531235 0.832395 1.987260
v -0.609236 0.187395 1.987259
v 1.540765 0.832395 1.987259
v -1.531235 0.832395 1.987260
v 1.540765 -0.703605 1.987259
v 1.540765 0.832395 1.987259
v 0.618765 0.187395 1.987258
v 1.540765 -0.703605 1.987259
v 0.618765 0.187395 1.987258
v 0.618765 -0.703605 1.987259
v -0.609236 0.187395 1.987259
v 0.618765 0.187395 1.987258
v 1.540765 0.832395 1.987259
v 0.516764 -0.191605 1.833260
v -0.609236 0.187395 1.833260
v -0.507237 -0.191605 1.833260
v 9.753764 -11.434604 10.187257
v 12.160765 -8.976604 10.187257
v 12.160765 -11.434604 10.187257
v 9.753764 -11.434604 10.187257
v 9.753764 -8.976604 10.187258
v 12.160765 -8.976604 10.187257
v 12.160765 -8.976604 12.645257
v 9.753764 -8.976604 12.645257
v 9.753764 -11.434604 12.645257
v 12.160765 -8.976604 12.645257
v 9.753764 -11.434604 12.645257
v 12.160765 -11.434604 12.645257
v -0.507237 -0.703605 1.833260
v -0.507237 -0.191605 1.833260
v -0.609236 0.187395 1.833260
v -0.507237 -0.703605 1.833260
v -0.609236 0.187395 1.833260
v -0.609236 -0.703605 1.833260
v 1.540764 -0.703604 -1.084741
v 1.540764 0.832396 -1.084741
v 1.540765 0.832395 1.987259
v 0.618765 -0.703605 1.833260
v 0.618765 0.187395 1.833259
v 0.516764 -0.703605 1.833260
v 0.516764 -0.703605 1.833260
v 0.618765 0.187395 1.833259
v 0.516764 -0.191605 1.833260
v 0.516764 -0.191605 1.833260
v 0.618765 0.187395 1.833259
v -0.609236 0.187395 1.833260
v -1.531236 0.832396 -1.084741
v 1.540764 0.832396 -1.084741
v 1.540764 -0.703604 -1.084741
v -1.531236 0.832396 -1.084741
v 1.540764 -0.703604 -1.084741
v -1.531236 -0.703604 -1.084740
v 1.540764 -0.703604 -1.084741
v 1.540765 0.832395 1.987259
v 1.540765 -0.703605 1.987259
v -1.531236 0.832396 -1.084741
v -1.531235 -0.703605 1.987259
v -1.531235 0.832395 1.987260
v -1.531236 0.832396 -1.084741
v -1.531236 -0.703604 -1.084740
v -1.531235 -0.703605 1.987259
v 12.160765 -8.976604 12.645257
v 12.160765 -11.434604 10.187257
v 12.160765 -8.976604 10.187257
v 12.160765 -8.976604 12.645257
v 12.160765 -11.434604 12.645257
v 12.160765 -11.434604 10.187257
v 9.753764 -8.976604 10.187258
v 9.753764 -8.976604 12.645257
v 12.160765 -8.976604 12.645257
v 9.753764 -8.976604 10.187258
v 12.160765 -8.976604 12.645257
v 12.160765 -8.976604 10.187257
v 1.540764 0.832396 -1.084741
v -1.531236 0.832396 -1.084741
v -1.531235 0.832395 1.987260
v 1.540764 0.832396 -1.084741
v -1.531235 0.832395 1.987260
v 1.540765 0.832395 1.987259
v -1.531236 -0.703604 -1.084740
v 1.540764 -0.703604 -1.084741
v 1.540765 -0.703605 1.987259
v -1.531236 -0.703604 -1.084740
v 1.540765 -0.703605 1.987259
v -1.531235 -0.703605 1.987259
v 2.838765 -10.737603 11.900258
v 3.857764 -10.881604 11.928257
v 3.857764 -10.778604 11.928257
v 8.335766 -4.037604 7.632258
v 8.337765 -3.979604 6.088259
v 8.335766 -3.934604 7.632258
v 8.335766 -4.037604 7.632258
v 8.337765 -4.082604 6.088259
v 8.337765 -3.979604 6.088259
v 7.311765 -4.036604 7.627258
v 7.310765 -4.028605 7.790258
v 7.310765 -3.926605 7.790258
v 8.334764 -4.030603 7.795259
v 8.335766 -3.934604 7.632258
v 8.334764 -3.927604 7.795259
v 8.333766 -3.836604 9.116258
v 8.334764 -3.927604 7.795259
v 8.333766 -3.734604 9.116258
v 8.333766 -3.836604 9.116258
v 8.334764 -4.030603 7.795259
v 8.334764 -3.927604 7.795259
v 7.313765 -4.078604 6.083259
v 7.311765 -4.036604 7.627258
v 7.311765 -3.934604 7.627258
v 7.313765 -4.078604 6.083259
v 7.311765 -3.934604 7.627258
v 7.313765 -3.976604 6.083259
v 7.311765 -4.036604 7.627258
v 7.310765 -3.926605 7.790258
v 7.311765 -3.934604 7.627258
v 4.158765 -8.659604 3.603259
v 4.336765 -9.084603 3.603259
v 4.158765 -9.171604 3.603259
v 7.310765 -4.028605 7.790258
v 7.309765 -3.734604 8.989257
v 7.310765 -3.926605 7.790258
v 7.310765 -4.028605 7.790258
v 7.309765 -3.836604 8.989257
v 7.309765 -3.734604 8.989257
v 3.857764 -10.881604 10.904258
v 3.025764 -10.686604 10.881257
v 3.857764 -10.778604 10.904258
v 3.857764 -10.881604 10.904258
v 3.025764 -10.788604 10.881257
v 3.025764 -10.686604 10.881257
v 2.825764 -8.792603 3.603259
v 4.158765 -9.171604 3.603259
v 2.825764 -9.304604 3.603259
v 2.825764 -8.792603 3.603259
v 4.158765 -8.659604 3.603259
v 4.158765 -9.171604 3.603259
v 4.670765 -8.331603 3.603260
v 5.851765 -8.326605 3.603259
v 5.851765 -8.838604 3.603259
v 4.158765 -8.659604 3.603259
v 4.336765 -8.572603 3.603259
v 4.336765 -9.084603 3.603259
v 4.336765 -8.572603 3.603259
v 4.573765 -8.355603 3.603260
v 4.573765 -8.867603 3.603259
v 4.336765 -8.572603 3.603259
v 4.573765 -8.867603 3.603259
v 4.336765 -9.084603 3.603259
v 4.573765 -8.355603 3.603260
v 4.670765 -8.843604 3.603259
v 4.573765 -8.867603 3.603259
v 4.573765 -8.355603 3.603260
v 4.670765 -8.331603 3.603260
v 4.670765 -8.843604 3.603259
v 4.670765 -8.331603 3.603260
v 5.851765 -8.838604 3.603259
v 4.670765 -8.843604 3.603259
v 6.513765 -8.075604 3.603259
v 7.481765 -8.582603 3.603258
v 6.513765 -8.587604 3.603258
v 5.851765 -8.326605 3.603259
v 6.006765 -8.790604 3.603258
v 5.851765 -8.838604 3.603259
v 5.851765 -8.326605 3.603259
v 6.006765 -8.278604 3.603259
v 6.006765 -8.790604 3.603258
v 6.006765 -8.278604 3.603259
v 6.414765 -8.603603 3.603258
v 6.006765 -8.790604 3.603258
v 6.006765 -8.278604 3.603259
v 6.414765 -8.091604 3.603259
v 6.414765 -8.603603 3.603258
v 6.414765 -8.091604 3.603259
v 6.513765 -8.075604 3.603259
v 6.513765 -8.587604 3.603258
v 6.414765 -8.091604 3.603259
v 6.513765 -8.587604 3.603258
v 6.414765 -8.603603 3.603258
v 8.258763 -7.835603 3.603259
v 8.357764 -7.819604 3.603259
v 8.357764 -8.331603 3.603259
v 6.513765 -8.075604 3.603259
v 7.481765 -8.070604 3.603259
v 7.481765 -8.582603 3.603258
v 7.481765 -8.070604 3.603259
v 7.659765 -8.560603 3.603259
v 7.481765 -8.582603 3.603258
v 7.481765 -8.070604 3.603259
v 7.659765 -8.048603 3.603259
v 7.659765 -8.560603 3.603259
v 7.659765 -8.048603 3.603259
v 8.258763 -7.835603 3.603259
v 8.258763 -8.347605 3.603259
v 7.659765 -8.048603 3.603259
v 8.258763 -8.347605 3.603259
v 7.659765 -8.560603 3.603259
v 8.258763 -7.835603 3.603259
v 8.357764 -8.331603 3.603259
v 8.258763 -8.347605 3.603259
v 11.181764 -7.615604 3.576258
v 11.990764 -7.923603 3.145258
v 11.181764 -8.127604 3.576258
v 8.357764 -7.819604 3.603259
v 9.279763 -7.827604 3.603259
v 9.279763 -8.339604 3.603259
v 8.357764 -7.819604 3.603259
v 9.279763 -8.339604 3.603259
v 8.357764 -8.331603 3.603259
v 9.279763 -7.827604 3.603259
v 10.312764 -8.280604 3.603259
v 9.279763 -8.339604 3.603259
v 9.279763 -7.827604 3.603259
v 10.312764 -7.768604 3.603259
v 10.312764 -8.280604 3.603259
v 10.312764 -7.768604 3.603259
v 11.181764 -8.127604 3.576258
v 10.312764 -8.280604 3.603259
v 10.312764 -7.768604 3.603259
v 11.181764 -7.615604 3.576258
v 11.181764 -8.127604 3.576258
v 12.723763 -7.180604 1.378259
v 12.614764 -7.076604 0.387259
v 12.614764 -7.588604 0.387259
v 11.181764 -7.615604 3.576258
v 11.990764 -7.411604 3.145258
v 11.990764 -7.923603 3.145258
v 11.990764 -7.411604 3.145258
v 12.539763 -7.815604 2.358258
v 11.990764 -7.923603 3.145258
v 11.990764 -7.411604 3.145258
v 12.539763 -7.303603 2.358258
v 12.539763 -7.815604 2.358258
v 12.539763 -7.303603 2.358258
v 12.723763 -7.180604 1.378259
v 12.723763 -7.692603 1.378259
v 12.539763 -7.303603 2.358258
v 12.723763 -7.692603 1.378259
v 12.539763 -7.815604 2.358258
v 12.723763 -7.180604 1.378259
v 12.614764 -7.588604 0.387259
v 12.723763 -7.692603 1.378259
v 10.173764 -6.769604 -1.232741
v 9.166764 -7.212604 -1.012741
v 10.173764 -7.280604 -1.232741
v 12.614764 -7.076604 0.387259
v 12.071765 -7.486604 -0.471741
v 12.614764 -7.588604 0.387259
v 12.614764 -7.076604 0.387259
v 12.071765 -6.974604 -0.471742
v 12.071765 -7.486604 -0.471741
v 12.071765 -6.974604 -0.471742
v 11.188764 -6.873604 -1.000741
v 11.188764 -7.385604 -1.000741
v 12.071765 -6.974604 -0.471742
v 11.188764 -7.385604 -1.000741
v 12.071765 -7.486604 -0.471741
v 11.188764 -6.873604 -1.000741
v 10.173764 -7.280604 -1.232741
v 11.188764 -7.385604 -1.000741
v 11.188764 -6.873604 -1.000741
v 10.173764 -6.769604 -1.232741
v 10.173764 -7.280604 -1.232741
v 7.763763 -6.611604 0.236259
v 7.419764 -7.051604 1.155259
v 7.763763 -7.122604 0.236259
v 10.173764 -6.769604 -1.232741
v 9.166764 -6.701604 -1.012741
v 9.166764 -7.212604 -1.012741
v 9.166764 -6.701604 -1.012741
v 8.360764 -6.632604 -0.480741
v 8.360764 -7.143604 -0.480741
v 9.166764 -6.701604 -1.012741
v 8.360764 -7.143604 -0.480741
v 9.166764 -7.212604 -1.012741
v 8.360764 -6.632604 -0.480741
v 7.763763 -7.122604 0.236259
v 8.360764 -7.143604 -0.480741
v 8.360764 -6.632604 -0.480741
v 7.763763 -6.611604 0.236259
v 7.763763 -7.122604 0.236259
v 7.763763 -6.611604 0.236259
v 7.419764 -6.540603 1.155259
v 7.419764 -7.051604 1.155259
v 4.336765 -8.572603 2.784259
v 4.158765 -9.171604 2.784259
v 4.336765 -9.084603 2.784259
v 7.419764 -6.540603 1.155259
v 7.318764 -6.847604 2.113259
v 7.419764 -7.051604 1.155259
v 7.419764 -6.540603 1.155259
v 7.318764 -6.335603 2.113259
v 7.318764 -6.847604 2.113259
v 7.318764 -6.335603 2.113259
v 7.318765 -6.223604 2.461259
v 7.318765 -6.735604 2.461259
v 7.318764 -6.335603 2.113259
v 7.318765 -6.735604 2.461259
v 7.318764 -6.847604 2.113259
v 4.158765 -8.659604 2.784259
v 2.825764 -9.304604 2.784259
v 4.158765 -9.171604 2.784259
v 4.158765 -8.659604 2.784259
v 2.825764 -8.792603 2.784259
v 2.825764 -9.304604 2.784259
v 5.851765 -8.326605 2.784259
v 4.670765 -8.331603 2.784260
v 4.670765 -8.843604 2.784259
v 4.336765 -8.572603 2.784259
v 4.158765 -8.659604 2.784259
v 4.158765 -9.171604 2.784259
v 4.573765 -8.355603 2.784260
v 4.336765 -9.084603 2.784259
v 4.573765 -8.867603 2.784259
v 4.573765 -8.355603 2.784260
v 4.336765 -8.572603 2.784259
v 4.336765 -9.084603 2.784259
v 4.670765 -8.331603 2.784260
v 4.573765 -8.867603 2.784259
v 4.670765 -8.843604 2.784259
v 4.670765 -8.331603 2.784260
v 4.573765 -8.355603 2.784260
v 4.573765 -8.867603 2.784259
v 5.851765 -8.326605 2.784259
v 4.670765 -8.843604 2.784259
v 5.851765 -8.838604 2.784259
v 7.481765 -8.070604 2.784259
v 6.513765 -8.587604 2.784258
v 7.481765 -8.582603 2.784258
v 6.006765 -8.278604 2.784259
v 5.851765 -8.326605 2.784259
v 5.851765 -8.838604 2.784259
v 6.006765 -8.278604 2.784259
v 5.851765 -8.838604 2.784259
v 6.006765 -8.790604 2.784258
v 6.414765 -8.091604 2.784259
v 6.006765 -8.790604 2.784258
v 6.414765 -8.603603 2.784258
v 6.414765 -8.091604 2.784259
v 6.006765 -8.278604 2.784259
v 6.006765 -8.790604 2.784258
v 6.513765 -8.075604 2.784259
v 6.414765 -8.091604 2.784259
v 6.414765 -8.603603 2.784258
v 6.513765 -8.075604 2.784259
v 6.414765 -8.603603 2.784258
v 6.513765 -8.587604 2.784258
v 8.357764 -7.819604 2.784259
v 8.258763 -7.835603 2.784259
v 8.258763 -8.347605 2.784259
v 7.481765 -8.070604 2.784259
v 6.513765 -8.075604 2.784259
v 6.513765 -8.587604 2.784258
v 7.659765 -8.048603 2.784259
v 7.481765 -8.582603 2.784258
v 7.659765 -8.560603 2.784259
v 7.659765 -8.048603 2.784259
v 7.481765 -8.070604 2.784259
v 7.481765 -8.582603 2.784258
v 8.258763 -7.835603 2.784259
v 7.659765 -8.048603 2.784259
v 7.659765 -8.560603 2.784259
v 8.258763 -7.835603 2.784259
v 7.659765 -8.560603 2.784259
v 8.258763 -8.347605 2.784259
v 8.357764 -7.819604 2.784259
v 8.258763 -8.347605 2.784259
v 8.357764 -8.331603 2.784259
v 10.821765 -7.675604 2.716259
v 10.201764 -7.768604 2.784259
v 10.201764 -8.280604 2.784259
v 9.279763 -7.814604 2.784259
v 8.357764 -8.331603 2.784259
v 9.279763 -8.326605 2.784259
v 9.279763 -7.814604 2.784259
v 8.357764 -7.819604 2.784259
v 8.357764 -8.331603 2.784259
v 10.201764 -7.768604 2.784259
v 9.279763 -8.326605 2.784259
v 10.201764 -8.280604 2.784259
v 10.201764 -7.768604 2.784259
v 9.279763 -7.814604 2.784259
v 9.279763 -8.326605 2.784259
v 7.215765 -6.121604 2.461259
v 7.211765 -4.580604 5.835258
v 7.215765 -6.633603 2.461259
v 10.821765 -7.675604 2.716259
v 10.201764 -8.280604 2.784259
v 10.821765 -8.187605 2.716259
v 11.709764 -7.297604 0.730258
v 11.798764 -7.911604 1.378259
v 11.709764 -7.809604 0.730258
v 11.306764 -7.583604 2.442259
v 10.821765 -8.187605 2.716259
v 11.306764 -8.095605 2.442259
v 11.306764 -7.583604 2.442259
v 10.821765 -7.675604 2.716259
v 10.821765 -8.187605 2.716259
v 11.679765 -7.491604 2.002259
v 11.306764 -8.095605 2.442259
v 11.679765 -8.003605 2.002259
v 11.679765 -7.491604 2.002259
v 11.306764 -7.583604 2.442259
v 11.306764 -8.095605 2.442259
v 11.798764 -7.399604 1.378259
v 11.679765 -7.491604 2.002259
v 11.679765 -8.003605 2.002259
v 11.798764 -7.399604 1.378259
v 11.679765 -8.003605 2.002259
v 11.798764 -7.911604 1.378259
v 10.160764 -6.986604 -0.320741
v 10.850764 -7.092604 -0.131742
v 10.850764 -7.604604 -0.131741
v 11.709764 -7.297604 0.730258
v 11.798764 -7.399604 1.378259
v 11.798764 -7.911604 1.378259
v 11.383763 -7.194604 0.199259
v 11.709764 -7.297604 0.730258
v 11.709764 -7.809604 0.730258
v 11.383763 -7.194604 0.199259
v 11.709764 -7.809604 0.730258
v 11.383763 -7.706604 0.199259
v 10.850764 -7.092604 -0.131742
v 11.383763 -7.706604 0.199259
v 10.850764 -7.604604 -0.131741
v 10.850764 -7.092604 -0.131742
v 11.383763 -7.194604 0.199259
v 11.383763 -7.706604 0.199259
v 10.160764 -6.986604 -0.320741
v 10.850764 -7.604604 -0.131741
v 10.160764 -7.498604 -0.320741
v 8.387765 -6.550604 1.360259
v 8.559765 -6.663604 0.699259
v 8.559765 -7.174604 0.699259
v 9.455765 -6.884604 -0.185741
v 10.160764 -7.498604 -0.320741
v 9.455765 -7.396604 -0.185741
v 9.455765 -6.884604 -0.185741
v 10.160764 -6.986604 -0.320741
v 10.160764 -7.498604 -0.320741
v 8.950764 -6.775604 0.213259
v 9.455765 -7.396604 -0.185741
v 8.950764 -7.286604 0.213259
v 8.950764 -6.775604 0.213259
v 9.455765 -6.884604 -0.185741
v 9.455765 -7.396604 -0.185741
v 8.559765 -6.663604 0.699259
v 8.950764 -7.286604 0.213259
v 8.559765 -7.174604 0.699259
v 8.559765 -6.663604 0.699259
v 8.950764 -6.775604 0.213259
v 8.950764 -7.286604 0.213259
v 8.342765 -6.189604 2.588259
v 8.342765 -6.847604 2.167259
v 8.342765 -6.701604 2.588259
v 8.387765 -6.550604 1.360259
v 8.559765 -7.174604 0.699259
v 8.387765 -7.061603 1.360259
v 8.342765 -6.335603 2.167259
v 8.387765 -7.061603 1.360259
v 8.342765 -6.847604 2.167259
v 8.342765 -6.335603 2.167259
v 8.387765 -6.550604 1.360259
v 8.387765 -7.061603 1.360259
v 8.342765 -6.189604 2.588259
v 8.342765 -6.335603 2.167259
v 8.342765 -6.847604 2.167259
v 7.318765 -6.121604 2.461259
v 7.215765 -6.121604 2.461259
v 7.215765 -6.633603 2.461259
v 7.318765 -6.121604 2.461259
v 7.215765 -6.633603 2.461259
v 7.318765 -6.633603 2.461259
v 8.444764 -6.086603 2.588259
v 8.342765 -6.086603 2.588259
v 8.342765 -6.598604 2.588259
v 8.444764 -6.086603 2.588259
v 8.342765 -6.598604 2.588259
v 8.444764 -6.598604 2.588259
v 2.825764 -8.813603 2.784259
v 2.825764 -9.713604 3.705259
v 2.825764 -8.813603 3.603259
v 2.824764 -9.713604 2.681259
v 2.825764 -9.713604 3.705259
v 2.825764 -8.813603 2.784259
v 2.825764 -8.813603 2.784259
v 2.824764 -8.689604 2.681259
v 2.824764 -9.713604 2.681259
v 2.825764 -8.813603 2.784259
v 2.825764 -8.689604 2.784259
v 2.824764 -8.689604 2.681259
v 0.400765 -9.024604 3.875259
v 0.937764 -9.959603 3.750259
v 0.400765 -10.048604 3.875259
v 2.825764 -8.813603 3.603259
v 2.825764 -9.713604 3.705259
v 2.825764 -8.689604 3.705258
v 2.825764 -8.813603 3.603259
v 2.825764 -8.689604 3.705258
v 2.825764 -8.689604 3.603259
v 1.607764 -8.843604 3.712259
v 2.825764 -8.689604 3.705258
v 2.825764 -9.713604 3.705259
v 1.607764 -8.843604 3.712259
v 2.825764 -9.713604 3.705259
v 1.607764 -9.867603 3.712259
v 0.937764 -8.935604 3.750259
v 1.607764 -9.867603 3.712259
v 0.937764 -9.959603 3.750259
v 0.937764 -8.935604 3.750259
v 1.607764 -8.843604 3.712259
v 1.607764 -9.867603 3.712259
v -0.081236 -9.304604 4.751259
v -0.066235 -10.228603 4.439259
v -0.081236 -10.328604 4.751259
v 0.400765 -9.024604 3.875259
v 0.937764 -8.935604 3.750259
v 0.937764 -9.959603 3.750259
v 0.091765 -9.114604 4.140259
v 0.400765 -10.048604 3.875259
v 0.091765 -10.138604 4.140259
v 0.091765 -9.114604 4.140259
v 0.400765 -9.024604 3.875259
v 0.400765 -10.048604 3.875259
v -0.066235 -9.204604 4.439259
v 0.091765 -9.114604 4.140259
v 0.091765 -10.138604 4.140259
v -0.066235 -9.204604 4.439259
v 0.091765 -10.138604 4.140259
v -0.066235 -10.228603 4.439259
v -0.081236 -9.304604 4.751259
v -0.066235 -9.204604 4.439259
v -0.066235 -10.228603 4.439259
v 1.143764 -9.672604 5.657259
v 0.574765 -9.580604 5.524259
v 0.574765 -10.604604 5.524259
v 0.001765 -9.389604 5.090259
v -0.081236 -10.328604 4.751259
v 0.001765 -10.413604 5.090259
v 0.001765 -9.389604 5.090259
v -0.081236 -9.304604 4.751259
v -0.081236 -10.328604 4.751259
v 0.247764 -9.487604 5.344259
v 0.001765 -10.413604 5.090259
v 0.247764 -10.511603 5.344259
v 0.247764 -9.487604 5.344259
v 0.001765 -9.389604 5.090259
v 0.001765 -10.413604 5.090259
v 0.574765 -9.580604 5.524259
v 0.247764 -9.487604 5.344259
v 0.247764 -10.511603 5.344259
v 0.574765 -9.580604 5.524259
v 0.247764 -10.511603 5.344259
v 0.574765 -10.604604 5.524259
v 2.591764 -9.795604 6.922259
v 2.297765 -10.778604 6.382258
v 2.591764 -10.819604 6.922258
v 1.143764 -9.672604 5.657259
v 0.574765 -10.604604 5.524259
v 1.143764 -10.696604 5.657259
v 1.803765 -9.713604 5.919259
v 1.143764 -10.696604 5.657259
v 1.803765 -10.737604 5.919259
v 1.803765 -9.713604 5.919259
v 1.143764 -9.672604 5.657259
v 1.143764 -10.696604 5.657259
v 2.297765 -9.754603 6.382259
v 1.803765 -10.737604 5.919259
v 2.297765 -10.778604 6.382258
v 2.297765 -9.754603 6.382259
v 1.803765 -9.713604 5.919259
v 1.803765 -10.737604 5.919259
v 2.591764 -9.795604 6.922259
v 2.297765 -9.754603 6.382259
v 2.297765 -10.778604 6.382258
v 2.004765 -10.315603 9.178258
v 2.262764 -11.249602 8.698258
v 2.004765 -11.339602 9.178258
v 2.665765 -9.938603 7.557259
v 2.591764 -9.795604 6.922259
v 2.591764 -10.819604 6.922258
v 2.665765 -9.938603 7.557259
v 2.591764 -10.819604 6.922258
v 2.665765 -10.962604 7.557259
v 2.543765 -10.082603 8.214257
v 2.665765 -9.938603 7.557259
v 2.665765 -10.962604 7.557259
v 2.543765 -10.082603 8.214257
v 2.665765 -10.962604 7.557259
v 2.543765 -11.106604 8.214258
v 2.262764 -10.225603 8.698257
v 2.543765 -11.106604 8.214258
v 2.262764 -11.249602 8.698258
v 2.262764 -10.225603 8.698257
v 2.543765 -10.082603 8.214257
v 2.543765 -11.106604 8.214258
v 2.519764 -10.587604 10.658257
v 2.142765 -11.507604 10.326259
v 2.519764 -11.611604 10.658257
v 2.004765 -10.315603 9.178258
v 2.262764 -10.225603 8.698257
v 2.262764 -11.249602 8.698258
v 1.923764 -10.395603 9.775258
v 2.004765 -10.315603 9.178258
v 2.004765 -11.339602 9.178258
v 1.923764 -10.395603 9.775258
v 2.004765 -11.339602 9.178258
v 1.923764 -11.419603 9.775258
v 2.142765 -10.483603 10.326257
v 1.923764 -10.395603 9.775258
v 1.923764 -11.419603 9.775258
v 2.142765 -10.483603 10.326257
v 1.923764 -11.419603 9.775258
v 2.142765 -11.507604 10.326259
v 2.519764 -10.587604 10.658257
v 2.142765 -10.483603 10.326257
v 2.142765 -11.507604 10.326259
v 1.817765 -10.485603 11.708259
v 2.820765 -10.635604 12.001257
v 2.820765 -11.659604 12.001258
v 3.043764 -10.686604 10.780257
v 2.519764 -11.611604 10.658257
v 3.043764 -11.710604 10.780258
v 3.043764 -10.686604 10.780257
v 2.519764 -10.587604 10.658257
v 2.519764 -11.611604 10.658257
v 3.858764 -10.778604 10.802257
v 3.043764 -11.710604 10.780258
v 3.858764 -11.802604 10.802258
v 3.858764 -10.778604 10.802257
v 3.043764 -10.686604 10.780257
v 3.043764 -11.710604 10.780258
v 2.820765 -10.635604 12.001257
v 3.841764 -11.802604 12.031259
v 2.820765 -11.659604 12.001258
v 2.820765 -10.635604 12.001257
v 3.841764 -10.778604 12.031257
v 3.841764 -11.802604 12.031259
v 0.813765 -10.266603 9.060259
v 0.769764 -11.326604 9.978258
v 0.813765 -11.290603 9.060258
v 1.817765 -10.485603 11.708259
v 2.820765 -11.659604 12.001258
v 1.817765 -11.509604 11.708259
v 1.072764 -10.334603 10.898258
v 1.817765 -11.509604 11.708259
v 1.072764 -11.358603 10.898258
v 1.072764 -10.334603 10.898258
v 1.817765 -10.485603 11.708259
v 1.817765 -11.509604 11.708259
v 0.769764 -10.302604 9.978258
v 1.072764 -11.358603 10.898258
v 0.769764 -11.326604 9.978258
v 0.769764 -10.302604 9.978258
v 1.072764 -10.334603 10.898258
v 1.072764 -11.358603 10.898258
v 0.813765 -10.266603 9.060259
v 0.769764 -10.302604 9.978258
v 0.769764 -11.326604 9.978258
v 1.514765 -9.927604 7.263258
v 1.519764 -11.053604 7.518259
v 1.514765 -10.951604 7.263258
v 1.141764 -10.225604 8.354259
v 0.813765 -10.266603 9.060259
v 0.813765 -11.290603 9.060258
v 1.141764 -10.225604 8.354259
v 0.813765 -11.290603 9.060258
v 1.141764 -11.249603 8.354259
v 1.458765 -10.128604 7.795259
v 1.141764 -10.225604 8.354259
v 1.141764 -11.249603 8.354259
v 1.458765 -10.128604 7.795259
v 1.141764 -11.249603 8.354259
v 1.458765 -11.152604 7.795259
v 1.519764 -10.029604 7.518259
v 1.458765 -11.152604 7.795259
v 1.519764 -11.053604 7.518259
v 1.519764 -10.029604 7.518259
v 1.458765 -10.128604 7.795259
v 1.458765 -11.152604 7.795259
v 0.753764 -9.672604 6.789259
v 1.161765 -9.760604 6.878259
v 1.161765 -10.784604 6.878259
v 1.514765 -9.927604 7.263258
v 1.519764 -10.029604 7.518259
v 1.519764 -11.053604 7.518259
v 1.418765 -9.840604 7.062259
v 1.514765 -10.951604 7.263258
v 1.418765 -10.864604 7.062259
v 1.418765 -9.840604 7.062259
v 1.514765 -9.927604 7.263258
v 1.514765 -10.951604 7.263258
v 1.161765 -9.760604 6.878259
v 1.418765 -9.840604 7.062259
v 1.418765 -10.864604 7.062259
v 1.161765 -9.760604 6.878259
v 1.418765 -10.864604 7.062259
v 1.161765 -10.784604 6.878259
v 0.753764 -9.672604 6.789259
v 1.161765 -10.784604 6.878259
v 0.753764 -10.696604 6.789258
v -1.286236 -9.150603 4.847259
v -1.055236 -9.293604 5.639259
v -1.055236 -10.317604 5.639259
v 0.164765 -9.580604 6.648259
v 0.753764 -10.696604 6.789258
v 0.164765 -10.604604 6.648259
v 0.164765 -9.580604 6.648259
v 0.753764 -9.672604 6.789259
v 0.753764 -10.696604 6.789258
v -0.525235 -9.437604 6.301259
v 0.164765 -9.580604 6.648259
v 0.164765 -10.604604 6.648259
v -0.525235 -9.437604 6.301259
v 0.164765 -10.604604 6.648259
v -0.525235 -10.461604 6.301259
v -1.055236 -9.293604 5.639259
v -0.525235 -9.437604 6.301259
v -0.525235 -10.461604 6.301259
v -1.055236 -9.293604 5.639259
v -0.525235 -10.461604 6.301259
v -1.055236 -10.317604 5.639259
v 0.011764 -8.976604 2.879259
v -0.702235 -9.017604 3.302259
v -0.702235 -10.041604 3.302259
v -1.286236 -9.150603 4.847259
v -1.055236 -10.317604 5.639259
v -1.286236 -10.174603 4.847259
v -1.183235 -9.058603 4.024259
v -1.286236 -10.174603 4.847259
v -1.183235 -10.082603 4.024259
v -1.183235 -9.058603 4.024259
v -1.286236 -9.150603 4.847259
v -1.286236 -10.174603 4.847259
v -0.702235 -9.017604 3.302259
v -1.183235 -10.082603 4.024259
v -0.702235 -10.041604 3.302259
v -0.702235 -9.017604 3.302259
v -1.183235 -9.058603 4.024259
v -1.183235 -10.082603 4.024259
v 0.011764 -8.976604 2.879259
v -0.702235 -10.041604 3.302259
v 0.011764 -10.000604 2.879259
v 3.857764 -10.778604 10.904258
v 3.025764 -10.686604 10.881257
v 3.043764 -10.686604 10.780257
v 0.810765 -8.935604 2.707259
v 0.011764 -8.976604 2.879259
v 0.011764 -10.000604 2.879259
v 0.810765 -8.935604 2.707259
v 0.011764 -10.000604 2.879259
v 0.810765 -9.959603 2.707259
v 1.591764 -8.843604 2.681259
v 0.810765 -9.959603 2.707259
v 1.591764 -9.867603 2.681259
v 1.591764 -8.843604 2.681259
v 0.810765 -8.935604 2.707259
v 0.810765 -9.959603 2.707259
v 2.824764 -8.689604 2.681259
v 1.591764 -9.867603 2.681259
v 2.824764 -9.713604 2.681259
v 2.824764 -8.689604 2.681259
v 1.591764 -8.843604 2.681259
v 1.591764 -9.867603 2.681259
v 2.051764 -10.483603 10.374258
v 1.822764 -10.395603 9.793259
v 1.923764 -10.395603 9.775258
v 3.857764 -10.778604 10.904258
v 3.043764 -10.686604 10.780257
v 3.858764 -10.778604 10.802257
v 3.025764 -10.686604 10.881257
v 2.462765 -10.587604 10.744257
v 2.519764 -10.587604 10.658257
v 3.025764 -10.686604 10.881257
v 2.519764 -10.587604 10.658257
v 3.043764 -10.686604 10.780257
v 2.462765 -10.587604 10.744257
v 2.051764 -10.483603 10.374258
v 2.142765 -10.483603 10.326257
v 2.462765 -10.587604 10.744257
v 2.142765 -10.483603 10.326257
v 2.519764 -10.587604 10.658257
v 2.051764 -10.483603 10.374258
v 1.923764 -10.395603 9.775258
v 2.142765 -10.483603 10.326257
v 2.447764 -10.082603 8.178258
v 2.563765 -9.938603 7.554258
v 2.543765 -10.082603 8.214257
v 1.822764 -10.395603 9.793259
v 2.004765 -10.315603 9.178258
v 1.923764 -10.395603 9.775258
v 1.822764 -10.395603 9.793259
v 1.902765 -10.315603 9.168258
v 2.004765 -10.315603 9.178258
v 1.902765 -10.315603 9.168258
v 2.164764 -10.225603 8.668258
v 2.262764 -10.225603 8.698257
v 1.902765 -10.315603 9.168258
v 2.262764 -10.225603 8.698257
v 2.004765 -10.315603 9.178258
v 2.164764 -10.225603 8.668258
v 2.447764 -10.082603 8.178258
v 2.543765 -10.082603 8.214257
v 2.164764 -10.225603 8.668258
v 2.543765 -10.082603 8.214257
v 2.262764 -10.225603 8.698257
v 2.543765 -10.082603 8.214257
v 2.563765 -9.938603 7.554258
v 2.665765 -9.938603 7.557259
v 2.563765 -9.938603 7.554258
v 2.493764 -9.795604 6.953259
v 2.665765 -9.938603 7.557259
v 2.665765 -9.938603 7.557259
v 2.493764 -9.795604 6.953259
v 2.591764 -9.795604 6.922259
v 2.493764 -9.795604 6.953259
v 2.216764 -9.754603 6.444259
v 2.591764 -9.795604 6.922259
v 2.591764 -9.795604 6.922259
v 2.216764 -9.754603 6.444259
v 2.297765 -9.754603 6.382259
v 2.216764 -9.754603 6.444259
v 1.747765 -9.713604 6.004259
v 2.297765 -9.754603 6.382259
v 0.539765 -9.580604 5.621259
v 0.182764 -9.487604 5.424259
v 0.247764 -9.487604 5.344259
v 2.297765 -9.754603 6.382259
v 1.747765 -9.713604 6.004259
v 1.803765 -9.713604 5.919259
v 1.747765 -9.713604 6.004259
v 1.109765 -9.672604 5.754259
v 1.803765 -9.713604 5.919259
v 1.803765 -9.713604 5.919259
v 1.109765 -9.672604 5.754259
v 1.143764 -9.672604 5.657259
v 1.109765 -9.672604 5.754259
v 0.574765 -9.580604 5.524259
v 1.143764 -9.672604 5.657259
v 1.109765 -9.672604 5.754259
v 0.539765 -9.580604 5.621259
v 0.574765 -9.580604 5.524259
v 0.539765 -9.580604 5.621259
v 0.247764 -9.487604 5.344259
v 0.574765 -9.580604 5.524259
v -0.162235 -9.204604 4.403259
v 0.091765 -9.114604 4.140259
v -0.066235 -9.204604 4.439259
v 0.182764 -9.487604 5.424259
v 0.001765 -9.389604 5.090259
v 0.247764 -9.487604 5.344259
v 0.182764 -9.487604 5.424259
v -0.089235 -9.389604 5.137259
v 0.001765 -9.389604 5.090259
v -0.089235 -9.389604 5.137259
v -0.183235 -9.304604 4.759259
v -0.081236 -9.304604 4.751259
v -0.089235 -9.389604 5.137259
v -0.081236 -9.304604 4.751259
v 0.001765 -9.389604 5.090259
v -0.183235 -9.304604 4.759259
v -0.066235 -9.204604 4.439259
v -0.081236 -9.304604 4.751259
v -0.183235 -9.304604 4.759259
v -0.162235 -9.204604 4.403259
v -0.066235 -9.204604 4.439259
v 0.925765 -8.935604 3.649259
v 1.607764 -8.843604 3.712259
v 0.937764 -8.935604 3.750259
v -0.162235 -9.204604 4.403259
v 0.021765 -9.114604 4.066259
v 0.091765 -9.114604 4.140259
v 0.021765 -9.114604 4.066259
v 0.363765 -9.024604 3.779259
v 0.400765 -9.024604 3.875259
v 0.021765 -9.114604 4.066259
v 0.400765 -9.024604 3.875259
v 0.091765 -9.114604 4.140259
v 0.363765 -9.024604 3.779259
v 0.925765 -8.935604 3.649259
v 0.937764 -8.935604 3.750259
v 0.363765 -9.024604 3.779259
v 0.937764 -8.935604 3.750259
v 0.400765 -9.024604 3.875259
v 0.925765 -8.935604 3.649259
v 1.606765 -8.843604 3.610259
v 1.607764 -8.843604 3.712259
v 0.363765 -9.127604 3.779259
v 0.925765 -9.037603 3.649259
v 0.925765 -8.935604 3.649259
v 1.606765 -8.843604 3.610259
v 2.825764 -8.689604 3.705258
v 1.607764 -8.843604 3.712259
v 1.606765 -8.843604 3.610259
v 2.825764 -8.689604 3.603259
v 2.825764 -8.689604 3.705258
v 1.606765 -8.945603 3.610259
v 2.825764 -8.689604 3.603259
v 1.606765 -8.843604 3.610259
v 1.606765 -8.945603 3.610259
v 2.825764 -8.792603 3.603259
v 2.825764 -8.689604 3.603259
v 0.925765 -9.037603 3.649259
v 1.606765 -8.945603 3.610259
v 1.606765 -8.843604 3.610259
v 0.925765 -9.037603 3.649259
v 1.606765 -8.843604 3.610259
v 0.925765 -8.935604 3.649259
v -0.183235 -9.406604 4.759259
v -0.162235 -9.204604 4.403259
v -0.183235 -9.304604 4.759259
v 0.363765 -9.127604 3.779259
v 0.925765 -8.935604 3.649259
v 0.363765 -9.024604 3.779259
v 0.021765 -9.216603 4.066259
v 0.363765 -9.024604 3.779259
v 0.021765 -9.114604 4.066259
v 0.021765 -9.216603 4.066259
v 0.363765 -9.127604 3.779259
v 0.363765 -9.024604 3.779259
v -0.162235 -9.306603 4.403259
v 0.021765 -9.114604 4.066259
v -0.162235 -9.204604 4.403259
v -0.162235 -9.306603 4.403259
v 0.021765 -9.216603 4.066259
v 0.021765 -9.114604 4.066259
v -0.183235 -9.406604 4.759259
v -0.162235 -9.306603 4.403259
v -0.162235 -9.204604 4.403259
v 1.109765 -9.775603 5.754259
v 0.539765 -9.682604 5.621259
v 0.539765 -9.580604 5.621259
v -0.089235 -9.491604 5.137259
v -0.183235 -9.406604 4.759259
v -0.183235 -9.304604 4.759259
v -0.089235 -9.491604 5.137259
v -0.183235 -9.304604 4.759259
v -0.089235 -9.389604 5.137259
v 0.182764 -9.589603 5.424259
v -0.089235 -9.389604 5.137259
v 0.182764 -9.487604 5.424259
v 0.182764 -9.589603 5.424259
v -0.089235 -9.491604 5.137259
v -0.089235 -9.389604 5.137259
v 0.539765 -9.682604 5.621259
v 0.182764 -9.487604 5.424259
v 0.539765 -9.580604 5.621259
v 0.539765 -9.682604 5.621259
v 0.182764 -9.589603 5.424259
v 0.182764 -9.487604 5.424259
v 2.493764 -9.898603 6.953259
v 2.216764 -9.754603 6.444259
v 2.493764 -9.795604 6.953259
v 1.109765 -9.775603 5.754259
v 0.539765 -9.580604 5.621259
v 1.109765 -9.672604 5.754259
v 1.747765 -9.816604 6.004259
v 1.109765 -9.672604 5.754259
v 1.747765 -9.713604 6.004259
v 1.747765 -9.816604 6.004259
v 1.109765 -9.775603 5.754259
v 1.109765 -9.672604 5.754259
v 2.216764 -9.857604 6.444259
v 1.747765 -9.816604 6.004259
v 1.747765 -9.713604 6.004259
v 2.216764 -9.857604 6.444259
v 1.747765 -9.713604 6.004259
v 2.216764 -9.754603 6.444259
v 2.493764 -9.898603 6.953259
v 2.216764 -9.857604 6.444259
v 2.216764 -9.754603 6.444259
v 1.902765 -10.418603 9.168259
v 2.164764 -10.328603 8.668258
v 2.164764 -10.225603 8.668258
v 2.563765 -10.041604 7.554258
v 2.493764 -9.898603 6.953259
v 2.493764 -9.795604 6.953259
v 2.563765 -10.041604 7.554258
v 2.493764 -9.795604 6.953259
v 2.563765 -9.938603 7.554258
v 2.447764 -10.184604 8.178258
v 2.563765 -9.938603 7.554258
v 2.447764 -10.082603 8.178258
v 2.447764 -10.184604 8.178258
v 2.563765 -10.041604 7.554258
v 2.563765 -9.938603 7.554258
v 2.164764 -10.328603 8.668258
v 2.447764 -10.184604 8.178258
v 2.447764 -10.082603 8.178258
v 2.164764 -10.328603 8.668258
v 2.447764 -10.082603 8.178258
v 2.164764 -10.225603 8.668258
v 2.462765 -10.689604 10.744258
v 2.051764 -10.585604 10.374258
v 2.051764 -10.483603 10.374258
v 1.902765 -10.418603 9.168259
v 2.164764 -10.225603 8.668258
v 1.902765 -10.315603 9.168258
v 1.822764 -10.497603 9.793259
v 1.902765 -10.418603 9.168259
v 1.902765 -10.315603 9.168258
v 1.822764 -10.497603 9.793259
v 1.902765 -10.315603 9.168258
v 1.822764 -10.395603 9.793259
v 2.051764 -10.585604 10.374258
v 1.822764 -10.395603 9.793259
v 2.051764 -10.483603 10.374258
v 2.051764 -10.585604 10.374258
v 1.822764 -10.497603 9.793259
v 1.822764 -10.395603 9.793259
v 2.462765 -10.689604 10.744258
v 2.051764 -10.483603 10.374258
v 2.462765 -10.587604 10.744257
v 7.313765 -4.068604 5.835258
v 7.313765 -4.011604 5.955257
v 7.211765 -4.011604 5.955257
v 3.025764 -10.788604 10.881257
v 2.462765 -10.689604 10.744258
v 2.462765 -10.587604 10.744257
v 3.025764 -10.788604 10.881257
v 2.462765 -10.587604 10.744257
v 3.025764 -10.686604 10.881257
v 7.318765 -6.121604 2.461259
v 7.313765 -4.068604 5.835258
v 7.211765 -4.068604 5.835258
v 7.318765 -6.121604 2.461259
v 7.211765 -4.068604 5.835258
v 7.215765 -6.121604 2.461259
v 7.215765 -6.121604 2.461259
v 7.211765 -4.068604 5.835258
v 7.211765 -4.580604 5.835258
v 7.313765 -4.068604 5.835258
v 7.211765 -4.011604 5.955257
v 7.211765 -4.068604 5.835258
v 7.211765 -4.523604 5.955257
v 7.211765 -4.068604 5.835258
v 7.211765 -4.011604 5.955257
v 7.211765 -4.523604 5.955257
v 7.211765 -4.580604 5.835258
v 7.211765 -4.068604 5.835258
v 7.313765 -4.011604 5.955257
v 7.210765 -3.976604 6.083259
v 7.211765 -4.011604 5.955257
v 7.313765 -4.011604 5.955257
v 7.313765 -3.976604 6.083259
v 7.210765 -3.976604 6.083259
v 7.210765 -4.488604 6.083259
v 7.211765 -4.011604 5.955257
v 7.210765 -3.976604 6.083259
v 7.210765 -4.488604 6.083259
v 7.211765 -4.523604 5.955257
v 7.211765 -4.011604 5.955257
v 7.313765 -3.976604 6.083259
v 7.311765 -3.934604 7.627258
v 7.208765 -3.934604 7.627258
v 7.313765 -3.976604 6.083259
v 7.208765 -3.934604 7.627258
v 7.210765 -3.976604 6.083259
v 7.208765 -4.446604 7.627258
v 7.210765 -3.976604 6.083259
v 7.208765 -3.934604 7.627258
v 7.208765 -4.446604 7.627258
v 7.210765 -4.488604 6.083259
v 7.210765 -3.976604 6.083259
v 7.311765 -3.934604 7.627258
v 7.310765 -3.926605 7.790258
v 7.208765 -3.926605 7.790258
v 7.311765 -3.934604 7.627258
v 7.208765 -3.926605 7.790258
v 7.208765 -3.934604 7.627258
v 7.208765 -4.438603 7.790258
v 7.208765 -3.934604 7.627258
v 7.208765 -3.926605 7.790258
v 7.208765 -4.438603 7.790258
v 7.208765 -4.446604 7.627258
v 7.208765 -3.934604 7.627258
v 7.310765 -3.926605 7.790258
v 7.309765 -3.734604 8.989257
v 7.206765 -3.734604 8.989257
v 7.310765 -3.926605 7.790258
v 7.206765 -3.734604 8.989257
v 7.208765 -3.926605 7.790258
v 7.206765 -4.246604 8.989257
v 7.208765 -3.926605 7.790258
v 7.206765 -3.734604 8.989257
v 7.206765 -4.246604 8.989257
v 7.208765 -4.438603 7.790258
v 7.208765 -3.926605 7.790258
v 8.337765 -4.069604 5.840259
v 8.342765 -6.086603 2.588259
v 8.444764 -6.086603 2.588259
v 8.337765 -4.069604 5.840259
v 8.444764 -6.086603 2.588259
v 8.439766 -4.069604 5.840259
v 8.439766 -4.069604 5.840259
v 8.444764 -6.086603 2.588259
v 8.444764 -6.598604 2.588259
v 8.439766 -4.069604 5.840259
v 8.444764 -6.598604 2.588259
v 8.439766 -4.581604 5.840259
v 8.337765 -4.013604 5.959259
v 8.439766 -4.069604 5.840259
v 8.439766 -4.013604 5.959259
v 8.337765 -4.013604 5.959259
v 8.337765 -4.069604 5.840259
v 8.439766 -4.069604 5.840259
v 8.439766 -4.581604 5.840259
v 8.439766 -4.013604 5.959259
v 8.439766 -4.069604 5.840259
v 8.439766 -4.581604 5.840259
v 8.439766 -4.525604 5.959259
v 8.439766 -4.013604 5.959259
v 8.337765 -3.979604 6.088259
v 8.337765 -4.013604 5.959259
v 8.439766 -4.013604 5.959259
v 8.337765 -3.979604 6.088259
v 8.439766 -4.013604 5.959259
v 8.439766 -3.979604 6.088259
v 8.439766 -4.525604 5.959259
v 8.439766 -3.979604 6.088259
v 8.439766 -4.013604 5.959259
v 8.439766 -4.525604 5.959259
v 8.439766 -4.491604 6.088258
v 8.439766 -3.979604 6.088259
v 8.335766 -3.934604 7.632258
v 8.439766 -3.979604 6.088259
v 8.437764 -3.934604 7.632258
v 8.335766 -3.934604 7.632258
v 8.337765 -3.979604 6.088259
v 8.439766 -3.979604 6.088259
v 8.439766 -4.491604 6.088258
v 8.437764 -3.934604 7.632258
v 8.439766 -3.979604 6.088259
v 8.439766 -4.491604 6.088258
v 8.437764 -4.446604 7.632258
v 8.437764 -3.934604 7.632258
v 8.334764 -3.927604 7.795259
v 8.437764 -3.934604 7.632258
v 8.437764 -3.927604 7.795259
v 8.334764 -3.927604 7.795259
v 8.335766 -3.934604 7.632258
v 8.437764 -3.934604 7.632258
v 8.437764 -4.446604 7.632258
v 8.437764 -3.927604 7.795259
v 8.437764 -3.934604 7.632258
v 8.437764 -4.446604 7.632258
v 8.437764 -4.439604 7.795259
v 8.437764 -3.927604 7.795259
v 8.333766 -3.734604 9.116258
v 8.334764 -3.927604 7.795259
v 8.437764 -3.927604 7.795259
v 8.333766 -3.734604 9.116258
v 8.437764 -3.927604 7.795259
v 8.435765 -3.734604 9.116258
v 8.337765 -4.082604 6.088259
v 8.337765 -4.013604 5.959259
v 8.337765 -3.979604 6.088259
v 8.437764 -4.439604 7.795259
v 8.435765 -3.734604 9.116258
v 8.437764 -3.927604 7.795259
v 8.437764 -4.439604 7.795259
v 8.435765 -4.246604 9.116258
v 8.435765 -3.734604 9.116258
v 7.313765 -4.170604 5.835258
v 7.313765 -4.113604 5.955257
v 7.313765 -4.011604 5.955257
v 7.313765 -4.170604 5.835258
v 7.313765 -4.011604 5.955257
v 7.313765 -4.068604 5.835258
v 7.313765 -4.113604 5.955257
v 7.313765 -4.078604 6.083259
v 7.313765 -3.976604 6.083259
v 7.313765 -4.113604 5.955257
v 7.313765 -3.976604 6.083259
v 7.313765 -4.011604 5.955257
v 8.337765 -4.171604 5.840259
v 8.342765 -6.086603 2.588259
v 8.337765 -4.069604 5.840259
v 8.337765 -4.082604 6.088259
v 8.337765 -4.115604 5.959259
v 8.337765 -4.013604 5.959259
v 8.337765 -4.115604 5.959259
v 8.337765 -4.069604 5.840259
v 8.337765 -4.013604 5.959259
v 8.337765 -4.115604 5.959259
v 8.337765 -4.171604 5.840259
v 8.337765 -4.069604 5.840259
v 7.318765 -6.223604 2.461259
v 7.313765 -4.170604 5.835258
v 7.313765 -4.068604 5.835258
v 7.318765 -6.223604 2.461259
v 7.313765 -4.068604 5.835258
v 7.318765 -6.121604 2.461259
v 8.337765 -4.171604 5.840259
v 8.342765 -6.189604 2.588259
v 8.342765 -6.086603 2.588259
v 0.870765 -10.302604 9.960258
v 1.162765 -10.334603 10.849257
v 1.072764 -10.334603 10.898258
v 2.838765 -10.635604 11.900258
v 3.841764 -10.778604 12.031257
v 2.820765 -10.635604 12.001257
v 2.838765 -10.635604 11.900258
v 3.857764 -10.778604 11.928257
v 3.841764 -10.778604 12.031257
v 1.874764 -10.485603 11.623258
v 2.820765 -10.635604 12.001257
v 1.817765 -10.485603 11.708259
v 1.874764 -10.485603 11.623258
v 2.838765 -10.635604 11.900258
v 2.820765 -10.635604 12.001257
v 1.162765 -10.334603 10.849257
v 1.874764 -10.485603 11.623258
v 1.817765 -10.485603 11.708259
v 1.162765 -10.334603 10.849257
v 1.817765 -10.485603 11.708259
v 1.072764 -10.334603 10.898258
v 1.554765 -10.128604 7.832257
v 1.239764 -10.225604 8.384258
v 1.141764 -10.225604 8.354259
v 0.870765 -10.302604 9.960258
v 1.072764 -10.334603 10.898258
v 0.769764 -10.302604 9.978258
v 0.915765 -10.266603 9.070258
v 0.769764 -10.302604 9.978258
v 0.813765 -10.266603 9.060259
v 0.915765 -10.266603 9.070258
v 0.870765 -10.302604 9.960258
v 0.769764 -10.302604 9.978258
v 1.239764 -10.225604 8.384258
v 0.813765 -10.266603 9.060259
v 1.141764 -10.225604 8.354259
v 1.239764 -10.225604 8.384258
v 0.915765 -10.266603 9.070258
v 0.813765 -10.266603 9.060259
v 1.554765 -10.128604 7.832257
v 1.141764 -10.225604 8.354259
v 1.458765 -10.128604 7.795259
v 1.218765 -9.760604 6.793259
v 1.499764 -9.840604 6.999259
v 1.161765 -9.760604 6.878259
v 1.621764 -10.029604 7.521258
v 1.554765 -10.128604 7.832257
v 1.519764 -10.029604 7.518259
v 1.519764 -10.029604 7.518259
v 1.554765 -10.128604 7.832257
v 1.458765 -10.128604 7.795259
v 1.611764 -9.927604 7.233259
v 1.621764 -10.029604 7.521258
v 1.514765 -9.927604 7.263258
v 1.514765 -9.927604 7.263258
v 1.621764 -10.029604 7.521258
v 1.519764 -10.029604 7.518259
v 1.499764 -9.840604 6.999259
v 1.611764 -9.927604 7.233259
v 1.418765 -9.840604 7.062259
v 1.418765 -9.840604 7.062259
v 1.611764 -9.927604 7.233259
v 1.514765 -9.927604 7.263258
v -0.461235 -9.437604 6.221259
v 0.200764 -9.580604 6.552258
v 0.164765 -9.580604 6.648259
v 1.161765 -9.760604 6.878259
v 1.499764 -9.840604 6.999259
v 1.418765 -9.840604 7.062259
v 0.787765 -9.672604 6.693259
v 1.218765 -9.760604 6.793259
v 0.753764 -9.672604 6.789259
v 0.753764 -9.672604 6.789259
v 1.218765 -9.760604 6.793259
v 1.161765 -9.760604 6.878259
v 0.200764 -9.580604 6.552258
v 0.787765 -9.672604 6.693259
v 0.753764 -9.672604 6.789259
v 0.200764 -9.580604 6.552258
v 0.753764 -9.672604 6.789259
v 0.164765 -9.580604 6.648259
v -0.461235 -9.437604 6.221259
v 0.164765 -9.580604 6.648259
v -0.525235 -9.437604 6.301259
v -0.631235 -9.017604 3.376259
v -1.087236 -9.058603 4.060259
v -1.183235 -9.058603 4.024259
v -0.964235 -9.293604 5.592259
v -0.525235 -9.437604 6.301259
v -1.055236 -9.293604 5.639259
v -0.964235 -9.293604 5.592259
v -0.461235 -9.437604 6.221259
v -0.525235 -9.437604 6.301259
v -1.184235 -9.150603 4.839259
v -0.964235 -9.293604 5.592259
v -1.055236 -9.293604 5.639259
v -1.184235 -9.150603 4.839259
v -1.055236 -9.293604 5.639259
v -1.286236 -9.150603 4.847259
v -1.087236 -9.058603 4.060259
v -1.184235 -9.150603 4.839259
v -1.286236 -9.150603 4.847259
v -1.087236 -9.058603 4.060259
v -1.286236 -9.150603 4.847259
v -1.183235 -9.058603 4.024259
v 1.592765 -8.843604 2.784259
v 0.810765 -8.935604 2.707259
v 1.591764 -8.843604 2.681259
v -0.631235 -9.017604 3.376259
v -1.183235 -9.058603 4.024259
v -0.702235 -9.017604 3.302259
v 0.049763 -8.976604 2.974259
v -0.702235 -9.017604 3.302259
v 0.011764 -8.976604 2.879259
v 0.049763 -8.976604 2.974259
v -0.631235 -9.017604 3.376259
v -0.702235 -9.017604 3.302259
v 0.822764 -8.935604 2.808259
v 0.011764 -8.976604 2.879259
v 0.810765 -8.935604 2.707259
v 0.822764 -8.935604 2.808259
v 0.049763 -8.976604 2.974259
v 0.011764 -8.976604 2.879259
v 1.592765 -8.843604 2.784259
v 0.822764 -8.935604 2.808259
v 0.810765 -8.935604 2.707259
v 0.822764 -9.037603 2.808259
v 0.049763 -8.976604 2.974259
v 0.822764 -8.935604 2.808259
v 2.825764 -8.689604 2.784259
v 1.592765 -8.843604 2.784259
v 1.591764 -8.843604 2.681259
v 2.825764 -8.689604 2.784259
v 1.591764 -8.843604 2.681259
v 2.824764 -8.689604 2.681259
v 2.825764 -8.792603 2.784259
v 1.592765 -8.945603 2.784259
v 1.592765 -8.843604 2.784259
v 2.825764 -8.792603 2.784259
v 1.592765 -8.843604 2.784259
v 2.825764 -8.689604 2.784259
v 1.592765 -8.945603 2.784259
v 0.822764 -8.935604 2.808259
v 1.592765 -8.843604 2.784259
v 1.592765 -8.945603 2.784259
v 0.822764 -9.037603 2.808259
v 0.822764 -8.935604 2.808259
v -1.087236 -9.160604 4.060259
v -1.184235 -9.252604 4.839259
v -1.184235 -9.150603 4.839259
v 0.822764 -9.037603 2.808259
v 0.049763 -9.078604 2.974259
v 0.049763 -8.976604 2.974259
v 0.049763 -9.078604 2.974259
v -0.631235 -9.017604 3.376259
v 0.049763 -8.976604 2.974259
v 0.049763 -9.078604 2.974259
v -0.631235 -9.119604 3.376259
v -0.631235 -9.017604 3.376259
v -0.631235 -9.119604 3.376259
v -1.087236 -9.160604 4.060259
v -1.087236 -9.058603 4.060259
v -0.631235 -9.119604 3.376259
v -1.087236 -9.058603 4.060259
v -0.631235 -9.017604 3.376259
v -1.087236 -9.160604 4.060259
v -1.184235 -9.150603 4.839259
v -1.087236 -9.058603 4.060259
v 0.200764 -9.682604 6.552258
v 0.787765 -9.775603 6.693259
v 0.787765 -9.672604 6.693259
v -1.184235 -9.252604 4.839259
v -0.964235 -9.293604 5.592259
v -1.184235 -9.150603 4.839259
v -1.184235 -9.252604 4.839259
v -0.964235 -9.396604 5.592259
v -0.964235 -9.293604 5.592259
v -0.964235 -9.396604 5.592259
v -0.461235 -9.437604 6.221259
v -0.964235 -9.293604 5.592259
v -0.964235 -9.396604 5.592259
v -0.461235 -9.539603 6.221259
v -0.461235 -9.437604 6.221259
v -0.461235 -9.539603 6.221259
v 0.200764 -9.682604 6.552258
v 0.200764 -9.580604 6.552258
v -0.461235 -9.539603 6.221259
v 0.200764 -9.580604 6.552258
v -0.461235 -9.437604 6.221259
v 1.499764 -9.943604 6.999259
v 1.611764 -10.030603 7.233259
v 1.611764 -9.927604 7.233259
v 0.200764 -9.682604 6.552258
v 0.787765 -9.672604 6.693259
v 0.200764 -9.580604 6.552258
v 0.787765 -9.775603 6.693259
v 1.218765 -9.760604 6.793259
v 0.787765 -9.672604 6.693259
v 0.787765 -9.775603 6.693259
v 1.218765 -9.862604 6.793259
v 1.218765 -9.760604 6.793259
v 1.218765 -9.862604 6.793259
v 1.499764 -9.840604 6.999259
v 1.218765 -9.760604 6.793259
v 1.218765 -9.862604 6.793259
v 1.499764 -9.943604 6.999259
v 1.499764 -9.840604 6.999259
v 1.499764 -9.943604 6.999259
v 1.611764 -9.927604 7.233259
v 1.499764 -9.840604 6.999259
v 1.239764 -10.328604 8.384258
v 0.915765 -10.266603 9.070258
v 1.239764 -10.225604 8.384258
v 1.611764 -10.030603 7.233259
v 1.621764 -10.029604 7.521258
v 1.611764 -9.927604 7.233259
v 1.611764 -10.030603 7.233259
v 1.621764 -10.132604 7.521258
v 1.621764 -10.029604 7.521258
v 1.621764 -10.132604 7.521258
v 1.554765 -10.231604 7.832259
v 1.554765 -10.128604 7.832257
v 1.621764 -10.132604 7.521258
v 1.554765 -10.128604 7.832257
v 1.621764 -10.029604 7.521258
v 1.554765 -10.231604 7.832259
v 1.239764 -10.225604 8.384258
v 1.554765 -10.128604 7.832257
v 1.554765 -10.231604 7.832259
v 1.239764 -10.328604 8.384258
v 1.239764 -10.225604 8.384258
v 1.162765 -10.437604 10.849257
v 1.874764 -10.587604 11.623258
v 1.874764 -10.485603 11.623258
v 1.239764 -10.328604 8.384258
v 0.915765 -10.369603 9.070258
v 0.915765 -10.266603 9.070258
v 0.915765 -10.369603 9.070258
v 0.870765 -10.302604 9.960258
v 0.915765 -10.266603 9.070258
v 0.915765 -10.369603 9.070258
v 0.870765 -10.404604 9.960258
v 0.870765 -10.302604 9.960258
v 0.870765 -10.404604 9.960258
v 1.162765 -10.334603 10.849257
v 0.870765 -10.302604 9.960258
v 0.870765 -10.404604 9.960258
v 1.162765 -10.437604 10.849257
v 1.162765 -10.334603 10.849257
v 1.162765 -10.437604 10.849257
v 1.874764 -10.485603 11.623258
v 1.162765 -10.334603 10.849257
v 8.334764 -4.030603 7.795259
v 8.335766 -4.037604 7.632258
v 8.335766 -3.934604 7.632258
v 1.874764 -10.587604 11.623258
v 2.838765 -10.737603 11.900258
v 2.838765 -10.635604 11.900258
v 1.874764 -10.587604 11.623258
v 2.838765 -10.635604 11.900258
v 1.874764 -10.485603 11.623258
v 2.838765 -10.737603 11.900258
v 3.857764 -10.778604 11.928257
v 2.838765 -10.635604 11.900258
v 0.881764 -16.881603 4.532259
v 0.881764 -8.234604 4.839259
v 0.881764 -8.234604 4.532258
v 0.349765 -16.881603 4.839260
v 0.349765 -16.881603 4.532259
v 0.349765 -8.234604 4.532259
v 0.349765 -16.881603 4.839260
v 0.349765 -8.234604 4.532259
v 0.349765 -8.234604 4.839259
v 0.349765 -16.881603 4.532259
v 0.615764 -8.234604 4.378259
v 0.349765 -8.234604 4.532259
v 0.349765 -16.881603 4.532259
v 0.615764 -16.881603 4.378259
v 0.615764 -8.234604 4.378259
v 0.615764 -16.881603 4.378259
v 0.881764 -16.881603 4.532259
v 0.881764 -8.234604 4.532258
v 0.615764 -16.881603 4.378259
v 0.881764 -8.234604 4.532258
v 0.615764 -8.234604 4.378259
v 0.401765 -16.881601 7.700260
v 0.401765 -16.881601 7.393259
v 0.401765 -9.713604 7.393259
v 0.881764 -16.881603 4.532259
v 0.881764 -16.881603 4.839259
v 0.881764 -8.234604 4.839259
v 0.881764 -16.881603 4.839259
v 0.615764 -8.234604 4.993259
v 0.881764 -8.234604 4.839259
v 0.881764 -16.881603 4.839259
v 0.615764 -16.881603 4.993259
v 0.615764 -8.234604 4.993259
v 0.615764 -16.881603 4.993259
v 0.349765 -8.234604 4.839259
v 0.615764 -8.234604 4.993259
v 0.615764 -16.881603 4.993259
v 0.349765 -16.881603 4.839260
v 0.349765 -8.234604 4.839259
v 0.401765 -16.881601 7.700260
v 0.401765 -9.713604 7.393259
v 0.401765 -9.713604 7.700260
v 0.933765 -16.881601 7.700260
v 0.667764 -16.881601 7.854259
v 0.667764 -9.713604 7.854258
v 0.401765 -16.881601 7.393259
v 0.667764 -16.881601 7.239259
v 0.667764 -9.713604 7.239259
v 0.401765 -16.881601 7.393259
v 0.667764 -9.713604 7.239259
v 0.401765 -9.713604 7.393259
v 0.667764 -16.881601 7.239259
v 0.933765 -9.713604 7.393259
v 0.667764 -9.713604 7.239259
v 0.667764 -16.881601 7.239259
v 0.933765 -16.881601 7.393259
v 0.933765 -9.713604 7.393259
v 0.933765 -16.881601 7.393259
v 0.933765 -16.881601 7.700260
v 0.933765 -9.713604 7.393259
v 0.933765 -9.713604 7.393259
v 0.933765 -16.881601 7.700260
v 0.933765 -9.713604 7.700259
v 2.384764 -16.881601 9.647259
v 2.650764 -16.881601 9.493258
v 2.650764 -9.904604 9.493258
v 0.933765 -16.881601 7.700260
v 0.667764 -9.713604 7.854258
v 0.933765 -9.713604 7.700259
v 0.667764 -16.881601 7.854259
v 0.401765 -16.881601 7.700260
v 0.401765 -9.713604 7.700260
v 0.667764 -16.881601 7.854259
v 0.401765 -9.713604 7.700260
v 0.667764 -9.713604 7.854258
v 2.384764 -16.881601 9.954258
v 2.384764 -16.881601 9.647259
v 2.384764 -9.904604 9.647258
v 2.384764 -16.881601 9.954258
v 2.384764 -9.904604 9.647258
v 2.384764 -9.904604 9.954257
v 2.384764 -16.881601 9.647259
v 2.650764 -9.904604 9.493258
v 2.384764 -9.904604 9.647258
v 2.650764 -16.881601 10.107259
v 2.384764 -16.881601 9.954258
v 2.384764 -9.904604 9.954257
v 2.650764 -16.881601 9.493258
v 2.916764 -9.904604 9.647258
v 2.650764 -9.904604 9.493258
v 2.650764 -16.881601 9.493258
v 2.916764 -16.881601 9.647259
v 2.916764 -9.904604 9.647258
v 2.916764 -16.881601 9.647259
v 2.916764 -16.881601 9.954258
v 2.916764 -9.904604 9.954257
v 2.916764 -16.881601 9.647259
v 2.916764 -9.904604 9.954257
v 2.916764 -9.904604 9.647258
v 2.916764 -16.881601 9.954258
v 2.650764 -9.904604 10.107257
v 2.916764 -9.904604 9.954257
v 2.916764 -16.881601 9.954258
v 2.650764 -16.881601 10.107259
v 2.650764 -9.904604 10.107257
v 2.650764 -16.881601 10.107259
v 2.384764 -9.904604 9.954257
v 2.650764 -9.904604 10.107257
v 3.916764 -8.290604 2.784260
v 3.916764 -9.190605 2.784259
v 3.916764 -9.190605 2.732259
v 3.916764 -9.190605 2.784259
v 3.967765 -8.290604 2.784260
v 3.967765 -9.190605 2.784259
v 3.916764 -9.190605 2.784259
v 3.916764 -8.290604 2.784260
v 3.967765 -8.290604 2.784260
v 3.916764 -8.290604 2.784260
v 3.967765 -8.268604 2.805259
v 3.967765 -8.290604 2.784260
v 3.967765 -9.190605 2.784259
v 3.967765 -8.290604 2.784260
v 3.967765 -8.268604 2.732260
v 3.967765 -8.290604 2.784260
v 3.967765 -8.268604 2.805259
v 3.967765 -8.217604 2.784260
v 3.967765 -8.290604 2.784260
v 3.967765 -8.217604 2.784260
v 3.967765 -8.268604 2.732260
v 3.916764 -8.268604 2.805259
v 3.916764 -8.290604 2.784260
v 3.916764 -8.268604 2.732260
v 3.916764 -8.290604 2.784260
v 3.916764 -9.190605 2.732259
v 3.916764 -8.268604 2.732260
v 3.916764 -8.290604 2.784260
v 3.916764 -8.268604 2.805259
v 3.967765 -8.268604 2.805259
v 3.967765 -9.190605 2.784259
v 3.967765 -8.268604 2.732260
v 3.967765 -9.190605 2.732259
v 3.967765 -8.268604 3.582258
v 3.967765 -8.268604 2.805259
v 3.916764 -8.268604 2.805259
v 3.967765 -8.268604 2.805259
v 3.967765 -8.217604 3.603260
v 3.967765 -8.217604 2.784260
v 3.967765 -8.268604 2.805259
v 3.967765 -8.268604 3.582258
v 3.967765 -8.217604 3.603260
v 3.967765 -9.190605 2.732259
v 3.916764 -8.268604 2.732260
v 3.916764 -9.190605 2.732259
v 3.967765 -9.190605 2.732259
v 3.967765 -8.268604 2.732260
v 3.916764 -8.268604 2.732260
v 3.916764 -8.268604 3.654259
v 3.967765 -8.217604 3.603260
v 3.967765 -8.268604 3.654259
v 3.916764 -8.268604 3.582258
v 3.916764 -8.268604 2.805259
v 3.916764 -8.217604 2.784260
v 3.916764 -8.268604 2.805259
v 3.916764 -8.268604 2.732260
v 3.916764 -8.217604 2.784260
v 3.967765 -8.268604 3.582258
v 3.916764 -8.268604 2.805259
v 3.916764 -8.268604 3.582258
v 3.967765 -8.290604 3.603260
v 3.967765 -8.268604 3.582258
v 3.916764 -8.268604 3.582258
v 3.967765 -8.268604 3.582258
v 3.967765 -8.268604 3.654259
v 3.967765 -8.217604 3.603260
v 3.967765 -8.268604 3.582258
v 3.967765 -8.290604 3.603260
v 3.967765 -8.268604 3.654259
v 3.916764 -8.268604 3.582258
v 3.916764 -8.217604 2.784260
v 3.916764 -8.217604 3.603260
v 3.967765 -8.290604 3.603260
v 3.916764 -8.268604 3.582258
v 3.916764 -8.290604 3.603260
v 3.916764 -8.290604 3.603260
v 3.916764 -8.268604 3.582258
v 3.916764 -8.217604 3.603260
v 3.967765 -9.190605 3.603259
v 3.967765 -8.290604 3.603260
v 3.916764 -8.290604 3.603260
v 3.967765 -8.290604 3.603260
v 3.967765 -9.190605 3.654259
v 3.967765 -8.268604 3.654259
v 3.967765 -8.290604 3.603260
v 3.967765 -9.190605 3.603259
v 3.967765 -9.190605 3.654259
v 3.967765 -9.190605 3.603259
v 3.916764 -8.290604 3.603260
v 3.916764 -9.190605 3.603259
v 3.916764 -9.190605 3.603259
v 3.916764 -8.290604 3.603260
v 3.916764 -8.268604 3.654259
v 3.916764 -8.290604 3.603260
v 3.916764 -8.217604 3.603260
v 3.916764 -8.268604 3.654259
v 3.916764 -8.268604 3.654259
v 3.916764 -8.217604 3.603260
v 3.967765 -8.217604 3.603260
v 3.916764 -9.190605 3.603259
v 3.916764 -8.268604 3.654259
v 3.916764 -9.190605 3.654259
v 3.967765 -8.268604 2.732260
v 3.916764 -8.217604 2.784260
v 3.916764 -8.268604 2.732260
v 3.967765 -8.268604 2.732260
v 3.967765 -8.217604 2.784260
v 3.916764 -8.217604 2.784260
v 3.916764 -8.217604 3.603260
v 3.916764 -8.217604 2.784260
v 3.967765 -8.217604 2.784260
v 3.916764 -8.217604 3.603260
v 3.967765 -8.217604 2.784260
v 3.967765 -8.217604 3.603260
v 3.916764 -9.190605 3.654259
v 3.916764 -8.268604 3.654259
v 3.967765 -8.268604 3.654259
v 3.916764 -9.190605 3.654259
v 3.967765 -8.268604 3.654259
v 3.967765 -9.190605 3.654259
v 5.666765 -7.938604 2.784259
v 5.666765 -8.838604 2.784259
v 5.666765 -8.838604 2.732259
v 5.718765 -8.838604 2.732259
v 5.718765 -7.917604 2.732259
v 5.666765 -7.917604 2.732259
v 5.666765 -8.838604 2.784259
v 5.718765 -7.938604 2.784259
v 5.718765 -8.838604 2.784259
v 5.718765 -8.838604 2.784259
v 5.718765 -7.938604 2.784259
v 5.718765 -7.917604 2.732259
v 5.718765 -7.938604 2.784259
v 5.718765 -7.865604 2.784259
v 5.718765 -7.917604 2.732259
v 5.718765 -7.938604 2.784259
v 5.718765 -7.917604 2.805259
v 5.718765 -7.865604 2.784259
v 5.666765 -7.938604 2.784259
v 5.718765 -7.917604 2.805259
v 5.718765 -7.938604 2.784259
v 5.666765 -8.838604 2.784259
v 5.666765 -7.938604 2.784259
v 5.718765 -7.938604 2.784259
v 5.666765 -7.917604 2.805259
v 5.666765 -7.938604 2.784259
v 5.666765 -7.917604 2.732259
v 5.666765 -7.938604 2.784259
v 5.666765 -8.838604 2.732259
v 5.666765 -7.917604 2.732259
v 5.666765 -7.938604 2.784259
v 5.666765 -7.917604 2.805259
v 5.718765 -7.917604 2.805259
v 5.718765 -8.838604 2.784259
v 5.718765 -7.917604 2.732259
v 5.718765 -8.838604 2.732259
v 5.718765 -7.917604 2.805259
v 5.718765 -7.917604 3.582258
v 5.718765 -7.865604 3.603259
v 5.718765 -7.917604 2.805259
v 5.718765 -7.865604 3.603259
v 5.718765 -7.865604 2.784259
v 5.718765 -7.917604 3.582258
v 5.718765 -7.917604 2.805259
v 5.666765 -7.917604 2.805259
v 5.718765 -8.838604 2.732259
v 5.666765 -7.917604 2.732259
v 5.666765 -8.838604 2.732259
v 5.666765 -7.917604 3.654258
v 5.718765 -7.865604 3.603259
v 5.718765 -7.917604 3.654258
v 5.666765 -7.917604 3.582258
v 5.666765 -7.917604 2.805259
v 5.666765 -7.865604 2.784259
v 5.666765 -7.917604 2.805259
v 5.666765 -7.917604 2.732259
v 5.666765 -7.865604 2.784259
v 5.718765 -7.917604 3.582258
v 5.666765 -7.917604 2.805259
v 5.666765 -7.917604 3.582258
v 5.718765 -7.917604 3.582258
v 5.718765 -7.938604 3.603259
v 5.718765 -7.917604 3.654258
v 5.718765 -7.917604 3.582258
v 5.718765 -7.917604 3.654258
v 5.718765 -7.865604 3.603259
v 5.718765 -7.938604 3.603259
v 5.718765 -7.917604 3.582258
v 5.666765 -7.917604 3.582258
v 5.666765 -7.938604 3.603259
v 5.666765 -7.917604 3.582258
v 5.666765 -7.865604 3.603259
v 5.666765 -7.917604 3.582258
v 5.666765 -7.865604 2.784259
v 5.666765 -7.865604 3.603259
v 5.718765 -7.938604 3.603259
v 5.666765 -7.917604 3.582258
v 5.666765 -7.938604 3.603259
v 5.718765 -7.938604 3.603259
v 5.718765 -8.838604 3.654259
v 5.718765 -7.917604 3.654258
v 5.718765 -7.938604 3.603259
v 5.718765 -8.838604 3.603259
v 5.718765 -8.838604 3.654259
v 5.718765 -8.838604 3.603259
v 5.718765 -7.938604 3.603259
v 5.666765 -7.938604 3.603259
v 5.666765 -8.838604 3.603259
v 5.666765 -7.938604 3.603259
v 5.666765 -7.917604 3.654258
v 5.666765 -7.938604 3.603259
v 5.666765 -7.865604 3.603259
v 5.666765 -7.917604 3.654258
v 5.718765 -8.838604 3.603259
v 5.666765 -7.938604 3.603259
v 5.666765 -8.838604 3.603259
v 5.666765 -7.917604 3.654258
v 5.666765 -7.865604 3.603259
v 5.718765 -7.865604 3.603259
v 5.666765 -8.838604 3.603259
v 5.666765 -7.917604 3.654258
v 5.666765 -8.838604 3.654259
v 5.718765 -7.917604 2.732259
v 5.666765 -7.865604 2.784259
v 5.666765 -7.917604 2.732259
v 5.718765 -7.917604 2.732259
v 5.718765 -7.865604 2.784259
v 5.666765 -7.865604 2.784259
v 5.666765 -7.865604 3.603259
v 5.666765 -7.865604 2.784259
v 5.718765 -7.865604 2.784259
v 5.666765 -7.865604 3.603259
v 5.718765 -7.865604 2.784259
v 5.718765 -7.865604 3.603259
v 5.666765 -8.838604 3.654259
v 5.666765 -7.917604 3.654258
v 5.718765 -7.917604 3.654258
v 5.666765 -8.838604 3.654259
v 5.718765 -7.917604 3.654258
v 5.718765 -8.838604 3.654259
v 7.299765 -7.682604 2.784259
v 7.299765 -8.582603 2.784258
v 7.299765 -8.582603 2.732258
v 7.350765 -8.582603 2.732258
v 7.350765 -7.661604 2.732259
v 7.299765 -7.661604 2.732259
v 7.299765 -8.582603 2.784258
v 7.350765 -7.682604 2.784259
v 7.350765 -8.582603 2.784258
v 7.299765 -8.582603 2.784258
v 7.299765 -7.682604 2.784259
v 7.350765 -7.682604 2.784259
v 7.299765 -7.682604 2.784259
v 7.350765 -7.661604 2.805259
v 7.350765 -7.682604 2.784259
v 7.350765 -7.682604 2.784259
v 7.350765 -7.610604 2.784259
v 7.350765 -7.661604 2.732259
v 7.350765 -7.682604 2.784259
v 7.350765 -7.661604 2.805259
v 7.350765 -7.610604 2.784259
v 7.350765 -8.582603 2.784258
v 7.350765 -7.682604 2.784259
v 7.350765 -7.661604 2.732259
v 7.299765 -7.661604 2.805259
v 7.299765 -7.682604 2.784259
v 7.299765 -7.661604 2.732259
v 7.299765 -7.682604 2.784259
v 7.299765 -8.582603 2.732258
v 7.299765 -7.661604 2.732259
v 7.299765 -7.682604 2.784259
v 7.299765 -7.661604 2.805259
v 7.350765 -7.661604 2.805259
v 7.350765 -8.582603 2.784258
v 7.350765 -7.661604 2.732259
v 7.350765 -8.582603 2.732258
v 7.350765 -7.661604 3.582258
v 7.350765 -7.661604 2.805259
v 7.299765 -7.661604 2.805259
v 7.350765 -7.661604 2.805259
v 7.350765 -7.610604 3.603259
v 7.350765 -7.610604 2.784259
v 7.350765 -7.661604 2.805259
v 7.350765 -7.661604 3.582258
v 7.350765 -7.610604 3.603259
v 7.350765 -8.582603 2.732258
v 7.299765 -7.661604 2.732259
v 7.299765 -8.582603 2.732258
v 7.299765 -7.661604 3.654258
v 7.350765 -7.610604 3.603259
v 7.350765 -7.661604 3.654258
v 7.350765 -7.661604 3.582258
v 7.299765 -7.661604 2.805259
v 7.299765 -7.661604 3.582258
v 7.299765 -7.661604 3.582258
v 7.299765 -7.661604 2.805259
v 7.299765 -7.610604 2.784259
v 7.299765 -7.661604 2.805259
v 7.299765 -7.661604 2.732259
v 7.299765 -7.610604 2.784259
v 7.350765 -7.682604 3.603259
v 7.350765 -7.661604 3.582258
v 7.299765 -7.661604 3.582258
v 7.350765 -7.661604 3.582258
v 7.350765 -7.661604 3.654258
v 7.350765 -7.610604 3.603259
v 7.350765 -7.661604 3.582258
v 7.350765 -7.682604 3.603259
v 7.350765 -7.661604 3.654258
v 7.350765 -7.682604 3.603259
v 7.299765 -7.661604 3.582258
v 7.299765 -7.682604 3.603259
v 7.299765 -7.682604 3.603259
v 7.299765 -7.661604 3.582258
v 7.299765 -7.610604 3.603259
v 7.299765 -7.661604 3.582258
v 7.299765 -7.610604 2.784259
v 7.299765 -7.610604 3.603259
v 7.350765 -8.582603 3.603258
v 7.350765 -7.682604 3.603259
v 7.299765 -7.682604 3.603259
v 7.350765 -7.682604 3.603259
v 7.350765 -8.582603 3.654258
v 7.350765 -7.661604 3.654258
v 7.350765 -7.682604 3.603259
v 7.350765 -8.582603 3.603258
v 7.350765 -8.582603 3.654258
v 7.350765 -8.582603 3.603258
v 7.299765 -7.682604 3.603259
v 7.299765 -8.582603 3.603258
v 7.299765 -7.682604 3.603259
v 7.299765 -7.610604 3.603259
v 7.299765 -7.661604 3.654258
v 7.299765 -8.582603 3.603258
v 7.299765 -7.682604 3.603259
v 7.299765 -7.661604 3.654258
v 7.299765 -7.661604 3.654258
v 7.299765 -7.610604 3.603259
v 7.350765 -7.610604 3.603259
v 12.262766 -11.905603 10.085258
v 12.262766 -8.874603 12.747256
v 12.262766 -8.874603 10.085257
v 7.299765 -8.582603 3.603258
v 7.299765 -7.661604 3.654258
v 7.299765 -8.582603 3.654258
v 7.350765 -7.661604 2.732259
v 7.299765 -7.610604 2.784259
v 7.299765 -7.661604 2.732259
v 7.350765 -7.661604 2.732259
v 7.350765 -7.610604 2.784259
v 7.299765 -7.610604 2.784259
v 7.299765 -7.610604 3.603259
v 7.299765 -7.610604 2.784259
v 7.350765 -7.610604 2.784259
v 7.299765 -7.610604 3.603259
v 7.350765 -7.610604 2.784259
v 7.350765 -7.610604 3.603259
v 7.299765 -8.582603 3.654258
v 7.299765 -7.661604 3.654258
v 7.350765 -7.661604 3.654258
v 7.299765 -8.582603 3.654258
v 7.350765 -7.661604 3.654258
v 7.350765 -8.582603 3.654258
v 12.262766 -11.905603 10.085258
v 12.262766 -11.905603 12.747257
v 12.262766 -8.874603 12.747256
v 12.262766 -11.905603 12.747257
v 3.857764 -8.874603 12.747258
v 12.262766 -8.874603 12.747256
v 12.262766 -11.905603 12.747257
v 3.857764 -11.905603 12.747258
v 3.857764 -8.874603 12.747258
v 3.857764 -11.905603 10.085258
v 12.262766 -8.874603 10.085257
v 3.857764 -8.874603 10.085258
v 3.857764 -11.905603 10.085258
v 12.262766 -11.905603 10.085258
v 12.262766 -8.874603 10.085257
v 3.857764 -9.857604 10.904258
v 3.857764 -11.905603 10.085258
v 3.857764 -8.874603 10.085258
v 3.857764 -9.857604 10.904258
v 3.857764 -11.905603 10.904258
v 3.857764 -11.905603 10.085258
v 3.857764 -9.857604 10.904258
v 3.857764 -8.874603 10.085258
v 3.857764 -8.874603 12.747258
v 3.857764 -9.857604 10.904258
v 3.857764 -8.874603 12.747258
v 3.857764 -9.857604 11.928257
v 9.702765 -10.410604 11.928257
v 9.753764 -11.434604 11.979257
v 9.753764 -10.307604 11.979257
v 3.857764 -9.857604 11.928257
v 3.857764 -8.874603 12.747258
v 3.857764 -11.905603 12.747258
v 3.857764 -9.857604 11.928257
v 3.857764 -11.905603 12.747258
v 3.857764 -11.905603 11.928258
v 12.262766 -8.874603 12.747256
v 3.857764 -8.874603 10.085258
v 12.262766 -8.874603 10.085257
v 12.262766 -8.874603 12.747256
v 3.857764 -8.874603 12.747258
v 3.857764 -8.874603 10.085258
v 9.702765 -10.410604 11.928257
v 9.702765 -11.434604 11.928257
v 9.753764 -11.434604 11.979257
v 9.753764 -10.307604 11.979257
v 9.702765 -10.410604 10.904258
v 9.702765 -10.410604 11.928257
v 3.857764 -10.881604 11.928257
v 9.702765 -11.434604 11.928257
v 9.702765 -10.410604 11.928257
v 9.753764 -10.307604 11.979257
v 9.753764 -10.307604 10.853257
v 9.702765 -10.410604 10.904258
v 9.753764 -10.307604 10.853257
v 9.702765 -11.434604 10.904258
v 9.702765 -10.410604 10.904258
v 9.753764 -10.307604 10.853257
v 9.753764 -11.434604 10.853257
v 9.702765 -11.434604 10.904258
v 9.702765 -11.434604 10.904258
v 3.857764 -9.857604 10.904258
v 9.702765 -10.410604 10.904258
v 9.702765 -11.434604 10.904258
v 3.857764 -10.881604 10.904258
v 3.857764 -9.857604 10.904258
v 3.857764 -10.881604 11.928257
v 9.702765 -10.410604 11.928257
v 3.857764 -9.857604 11.928257
v 6.694765 -3.345604 11.593257
v 7.561765 -2.976604 11.016257
v 6.694765 -2.833604 11.593257
v -0.507237 -0.703605 1.987259
v -0.507237 -0.191605 1.833260
v -0.507237 -0.703605 1.833260
v -0.507237 -0.703605 1.987259
v -0.507237 -0.191605 1.987259
v -0.507237 -0.191605 1.833260
v 8.073766 -3.662604 10.154257
v 8.333766 -3.836604 9.116258
v 8.333766 -3.324605 9.116258
v 8.073766 -3.662604 10.154257
v 8.333766 -3.324605 9.116258
v 8.073766 -3.150604 10.154257
v 7.561765 -3.488604 11.016257
v 8.073766 -3.150604 10.154257
v 7.561765 -2.976604 11.016257
v 7.561765 -3.488604 11.016257
v 8.073766 -3.662604 10.154257
v 8.073766 -3.150604 10.154257
v 1.643764 -2.690604 11.706257
v 2.528764 -2.823604 11.769258
v 2.528764 -2.311604 11.769258
v 6.694765 -3.345604 11.593257
v 7.561765 -3.488604 11.016257
v 7.561765 -2.976604 11.016257
v 5.640765 -3.232604 11.769258
v 6.694765 -2.833604 11.593257
v 5.640765 -2.720604 11.769258
v 5.640765 -3.232604 11.769258
v 6.694765 -3.345604 11.593257
v 6.694765 -2.833604 11.593257
v 2.528764 -2.823604 11.769258
v 5.640765 -2.720604 11.769258
v 2.528764 -2.311604 11.769258
v 2.528764 -2.823604 11.769258
v 5.640765 -3.232604 11.769258
v 5.640765 -2.720604 11.769258
v 1.643764 -2.690604 11.706257
v 2.528764 -2.311604 11.769258
v 1.643764 -2.178604 11.706258
v -0.451235 -2.311604 9.372257
v -0.268235 -1.870604 10.095258
v -0.451235 -1.799604 9.372257
v 0.788765 -2.556604 11.382257
v 1.643764 -2.178604 11.706258
v 0.788765 -2.044604 11.382257
v 0.788765 -2.556604 11.382257
v 1.643764 -2.690604 11.706257
v 1.643764 -2.178604 11.706258
v 0.147764 -2.454604 10.812257
v 0.788765 -2.556604 11.382257
v 0.788765 -2.044604 11.382257
v 0.147764 -2.454604 10.812257
v 0.788765 -2.044604 11.382257
v 0.147764 -1.942604 10.812257
v -0.268235 -2.382604 10.095257
v 0.147764 -1.942604 10.812257
v -0.268235 -1.870604 10.095258
v -0.268235 -2.382604 10.095257
v 0.147764 -2.454604 10.812257
v 0.147764 -1.942604 10.812257
v 0.516764 -0.703605 1.833260
v 0.516764 -0.191605 1.833260
v 0.516764 -0.191605 1.987259
v -0.451235 -2.311604 9.372257
v -0.268235 -2.382604 10.095257
v -0.268235 -1.870604 10.095258
v -0.507235 -2.239604 8.662257
v -0.451235 -1.799604 9.372257
v -0.507235 -1.727605 8.662257
v -0.507235 -2.239604 8.662257
v -0.451235 -2.311604 9.372257
v -0.451235 -1.799604 9.372257
v -0.507237 -0.703605 1.987259
v -0.507235 -1.727605 8.662257
v -0.507237 -0.191605 1.987259
v -0.507237 -0.703605 1.987259
v -0.507235 -2.239604 8.662257
v -0.507235 -1.727605 8.662257
v 0.516764 -0.703605 1.833260
v 0.516764 -0.191605 1.987259
v 0.516764 -0.703605 1.987259
v 6.799765 -3.550604 10.292256
v 6.309765 -2.894604 10.619257
v 6.799765 -3.038604 10.292256
v 0.516764 -2.239604 8.622257
v 0.516764 -0.191605 1.987259
v 0.516764 -1.727605 8.622257
v 0.516764 -2.239604 8.622257
v 0.516764 -0.703605 1.987259
v 0.516764 -0.191605 1.987259
v 7.309765 -3.836604 8.989257
v 7.116765 -3.693604 9.760257
v 7.116765 -3.181604 9.760258
v 7.309765 -3.836604 8.989257
v 7.116765 -3.181604 9.760258
v 7.309765 -3.324605 8.989257
v 7.116765 -3.693604 9.760257
v 6.799765 -3.550604 10.292256
v 6.799765 -3.038604 10.292256
v 7.116765 -3.693604 9.760257
v 6.799765 -3.038604 10.292256
v 7.116765 -3.181604 9.760258
v 2.564764 -2.853604 10.745257
v 1.866765 -2.751604 10.695257
v 1.866765 -2.239604 10.695258
v 6.799765 -3.550604 10.292256
v 6.309765 -3.406604 10.619257
v 6.309765 -2.894604 10.619257
v 6.309765 -3.406604 10.619257
v 5.556765 -2.751604 10.745257
v 6.309765 -2.894604 10.619257
v 6.309765 -3.406604 10.619257
v 5.556765 -3.263604 10.745257
v 5.556765 -2.751604 10.745257
v 5.556765 -3.263604 10.745257
v 2.564764 -2.853604 10.745257
v 2.564764 -2.341604 10.745257
v 5.556765 -3.263604 10.745257
v 2.564764 -2.341604 10.745257
v 5.556765 -2.751604 10.745257
v 2.564764 -2.853604 10.745257
v 1.866765 -2.239604 10.695258
v 2.564764 -2.341604 10.745257
v 0.688765 -2.444604 9.705257
v 0.562764 -1.829604 9.205257
v 0.688765 -1.932604 9.705257
v 1.866765 -2.751604 10.695257
v 1.327765 -2.137604 10.491258
v 1.866765 -2.239604 10.695258
v 1.866765 -2.751604 10.695257
v 1.327765 -2.649604 10.491258
v 1.327765 -2.137604 10.491258
v 1.327765 -2.649604 10.491258
v 0.950764 -2.546604 10.156257
v 0.950764 -2.034604 10.156258
v 1.327765 -2.649604 10.491258
v 0.950764 -2.034604 10.156258
v 1.327765 -2.137604 10.491258
v 0.950764 -2.546604 10.156257
v 0.688765 -1.932604 9.705257
v 0.950764 -2.034604 10.156258
v 0.950764 -2.546604 10.156257
v 0.688765 -2.444604 9.705257
v 0.688765 -1.932604 9.705257
v 6.694765 -4.246604 8.989257
v 7.309765 -3.324605 8.989257
v 6.694765 -2.710605 8.989258
v 0.688765 -2.444604 9.705257
v 0.562764 -2.341604 9.205257
v 0.562764 -1.829604 9.205257
v 0.562764 -2.341604 9.205257
v 0.516764 -1.727605 8.622257
v 0.562764 -1.829604 9.205257
v 0.562764 -2.341604 9.205257
v 0.516764 -2.239604 8.622257
v 0.516764 -1.727605 8.622257
v -0.507237 -0.191605 1.987259
v 0.516764 -0.191605 1.833260
v -0.507237 -0.191605 1.833260
v -0.507237 -0.191605 1.987259
v 0.516764 -0.191605 1.987259
v 0.516764 -0.191605 1.833260
v 6.694765 -4.246604 8.989257
v 7.309765 -4.246604 8.989257
v 7.309765 -3.324605 8.989257
v 8.947764 -2.710605 9.116258
v 7.309765 -3.324605 8.989257
v 8.333766 -3.324605 9.116258
v 8.947764 -2.710605 9.116258
v 6.694765 -2.710605 8.989258
v 7.309765 -3.324605 8.989257
v 8.947764 -4.246604 9.116258
v 8.947764 -2.710605 9.116258
v 8.333766 -3.324605 9.116258
v 8.947764 -4.246604 9.116258
v 8.333766 -3.324605 9.116258
v 8.333766 -4.246604 9.116258
v 9.753764 -11.434604 10.853257
v 9.753764 -11.434604 11.979257
v 9.702765 -11.434604 11.928257
v 9.753764 -11.434604 10.853257
v 9.702765 -11.434604 11.928257
v 9.702765 -11.434604 10.904258
v 2.384764 -9.904604 9.954257
v 2.916764 -9.904604 9.647258
v 2.916764 -9.904604 9.954257
v 0.349765 -8.234604 4.839259
v 0.349765 -8.234604 4.532259
v 0.615764 -8.234604 4.378259
v 0.349765 -8.234604 4.839259
v 0.881764 -8.234604 4.532258
v 0.881764 -8.234604 4.839259
v 0.349765 -8.234604 4.839259
v 0.881764 -8.234604 4.839259
v 0.615764 -8.234604 4.993259
v 0.349765 -8.234604 4.839259
v 0.615764 -8.234604 4.378259
v 0.881764 -8.234604 4.532258
v 0.401765 -9.713604 7.700260
v 0.401765 -9.713604 7.393259
v 0.667764 -9.713604 7.239259
v 0.401765 -9.713604 7.700260
v 0.667764 -9.713604 7.239259
v 0.933765 -9.713604 7.393259
v 0.401765 -9.713604 7.700260
v 0.933765 -9.713604 7.393259
v 0.933765 -9.713604 7.700259
v 0.401765 -9.713604 7.700260
v 0.933765 -9.713604 7.700259
v 0.667764 -9.713604 7.854258
v 2.384764 -9.904604 9.954257
v 2.916764 -9.904604 9.954257
v 2.650764 -9.904604 10.107257
v 2.384764 -9.904604 9.954257
v 2.650764 -9.904604 9.493258
v 2.916764 -9.904604 9.647258
v 2.384764 -9.904604 9.954257
v 2.384764 -9.904604 9.647258
v 2.650764 -9.904604 9.493258
v 6.309765 -2.894604 10.619257
v 5.640765 -2.720604 11.769258
v 6.694765 -2.833604 11.593257
v 3.857764 -9.857604 11.928257
v 9.702765 -10.410604 11.928257
v 9.702765 -10.410604 10.904258
v 3.857764 -9.857604 11.928257
v 9.702765 -10.410604 10.904258
v 3.857764 -9.857604 10.904258
v 7.309765 -3.324605 8.989257
v 8.073766 -3.150604 10.154257
v 8.333766 -3.324605 9.116258
v 7.309765 -3.324605 8.989257
v 7.116765 -3.181604 9.760258
v 8.073766 -3.150604 10.154257
v 7.116765 -3.181604 9.760258
v 7.561765 -2.976604 11.016257
v 8.073766 -3.150604 10.154257
v 7.116765 -3.181604 9.760258
v 6.799765 -3.038604 10.292256
v 7.561765 -2.976604 11.016257
v 6.799765 -3.038604 10.292256
v 6.694765 -2.833604 11.593257
v 7.561765 -2.976604 11.016257
v 6.799765 -3.038604 10.292256
v 6.309765 -2.894604 10.619257
v 6.694765 -2.833604 11.593257
v 0.950764 -2.034604 10.156258
v 0.688765 -1.932604 9.705257
v -0.268235 -1.870604 10.095258
v 6.309765 -2.894604 10.619257
v 5.556765 -2.751604 10.745257
v 5.640765 -2.720604 11.769258
v 5.556765 -2.751604 10.745257
v 2.528764 -2.311604 11.769258
v 5.640765 -2.720604 11.769258
v 5.556765 -2.751604 10.745257
v 2.564764 -2.341604 10.745257
v 2.528764 -2.311604 11.769258
v 2.528764 -2.311604 11.769258
v 1.866765 -2.239604 10.695258
v 1.643764 -2.178604 11.706258
v 2.564764 -2.341604 10.745257
v 1.866765 -2.239604 10.695258
v 2.528764 -2.311604 11.769258
v 1.866765 -2.239604 10.695258
v 0.788765 -2.044604 11.382257
v 1.643764 -2.178604 11.706258
v 1.866765 -2.239604 10.695258
v 1.327765 -2.137604 10.491258
v 0.788765 -2.044604 11.382257
v 1.327765 -2.137604 10.491258
v 0.147764 -1.942604 10.812257
v 0.788765 -2.044604 11.382257
v 1.327765 -2.137604 10.491258
v 0.950764 -2.034604 10.156258
v 0.147764 -1.942604 10.812257
v 0.950764 -2.034604 10.156258
v -0.268235 -1.870604 10.095258
v 0.147764 -1.942604 10.812257
v 0.688765 -1.932604 9.705257
v -0.451235 -1.799604 9.372257
v -0.268235 -1.870604 10.095258
v 0.688765 -1.932604 9.705257
v 0.562764 -1.829604 9.205257
v -0.451235 -1.799604 9.372257
v 0.562764 -1.829604 9.205257
v -0.507235 -1.727605 8.662257
v -0.451235 -1.799604 9.372257
v 0.562764 -1.829604 9.205257
v 0.516764 -1.727605 8.622257
v -0.507235 -1.727605 8.662257
v 0.516764 -1.727605 8.622257
v -0.507237 -0.191605 1.987259
v -0.507235 -1.727605 8.662257
v 0.516764 -1.727605 8.622257
v 0.516764 -0.191605 1.987259
v -0.507237 -0.191605 1.987259
vn -0.0942 -0.9956 -0.0000
vn -0.1573 -0.9872 0.0249
vn -0.1054 -0.9938 0.0347
vn 0.1270 0.9919 -0.0000
vn 0.1612 0.9866 -0.0268
vn 0.1601 0.9864 -0.0360
vn -0.1277 -0.9913 0.0332
vn -0.1399 -0.9902 -0.0000
vn -0.1105 -0.9937 -0.0208
vn 0.1526 0.9875 -0.0391
vn -0.1460 -0.9889 -0.0275
vn -0.2096 -0.9778 -0.0004
vn 0.2086 0.9780 -0.0023
vn 0.2057 0.9786 0.0042
vn -0.0212 -0.9922 -0.1225
vn 0.2080 0.9781 0.0056
vn -0.1326 -0.9872 -0.0889
vn 0.1487 0.9838 0.0997
vn 0.2079 0.9781 0.0054
vn -0.1901 -0.9814 0.0260
vn -0.1294 -0.9911 -0.0317
vn -0.1358 -0.9873 -0.0821
vn 0.0929 0.9806 0.1724
vn 0.0604 0.9919 0.1122
vn 0.1369 0.9866 0.0888
vn -0.1318 -0.9902 -0.0456
vn 0.0456 0.9955 0.0834
vn 0.0434 0.9908 0.1283
vn 0.0243 0.9898 0.1403
vn 0.0553 -0.9883 -0.1421
vn 0.0423 0.9895 0.1381
vn 0.0458 0.9956 0.0812
vn -0.0275 0.9956 0.0895
vn 0.0455 -0.9879 -0.1480
vn 0.0181 -0.9856 -0.1679
vn 0.0133 -0.9922 -0.1237
vn -0.0598 0.9790 0.1949
vn -0.0742 0.9676 0.2415
vn 0.1195 -0.9806 -0.1553
vn 0.0986 -0.9893 -0.1078
vn -0.1349 0.9695 0.2047
vn -0.1263 0.9703 0.2065
vn -0.1353 0.9710 0.1974
vn 0.1281 -0.9683 -0.2146
vn -0.0910 0.9680 0.2338
vn -0.1284 0.9571 0.2600
vn 0.1006 -0.9609 -0.2581
vn -0.1265 0.9616 0.2435
vn 0.0982 -0.9555 -0.2782
vn 0.0103 -0.9535 -0.3013
vn -0.0094 0.9613 0.2752
vn 0.0177 -0.9844 -0.1748
vn 0.1373 -0.9786 -0.1535
vn 0.1166 -0.9668 -0.2273
vn 0.1882 0.9740 0.1262
vn -0.0509 -0.9649 -0.2576
vn -0.1040 -0.9386 -0.3288
vn -0.0775 -0.9664 -0.2450
vn -0.0005 0.9809 0.1945
vn 0.0754 0.9905 0.1146
vn 0.0452 -0.9891 -0.1403
vn 0.1378 0.9780 0.1568
vn -0.1316 -0.9765 -0.1705
vn -0.1982 -0.9459 -0.2568
vn 0.0856 0.9888 0.1226
vn -0.1023 -0.9941 -0.0351
vn -0.0307 -0.9959 -0.0850
vn 0.1734 0.9830 0.0595
vn 0.1709 0.9786 0.1146
vn -0.1465 -0.9879 -0.0502
vn 0.1461 0.9878 0.0532
vn -0.1492 -0.9875 -0.0512
vn -0.1440 -0.9882 -0.0524
vn -0.1919 -0.9776 -0.0867
vn -0.1850 -0.9804 -0.0674
vn 0.1761 0.9742 0.1409
vn -0.1794 -0.9816 -0.0652
vn -0.1801 -0.9806 -0.0777
vn -0.1842 -0.9796 -0.0804
vn -0.1808 -0.9804 -0.0783
vn 0.1777 0.9803 0.0858
vn -0.1827 -0.9790 -0.0904
vn -0.1578 -0.9794 -0.1262
vn -0.1968 -0.9716 -0.1313
vn -0.2006 -0.9715 -0.1266
vn 0.0838 0.9832 0.1623
vn 0.1985 0.9717 0.1278
vn -0.1991 -0.9717 -0.1271
vn 0.1988 0.9643 0.1751
vn 0.1998 0.9699 0.1394
vn 0.1313 0.9769 0.1689
vn 0.1095 0.9679 0.2261
vn -0.0179 -0.9764 -0.2151
vn 0.0184 0.9751 0.2210
vn -0.1146 -0.9683 -0.2220
vn 0.0963 -0.9953 -0.0118
vn 0.1211 0.9728 0.1976
vn -0.0370 -0.9891 -0.1427
vn -0.1383 -0.9788 -0.1509
vn -0.0246 0.9798 0.1985
vn 0.0975 -0.9596 -0.2638
vn 0.0651 -0.9822 -0.1761
vn -0.0133 0.9820 0.1882
vn 0.0686 -0.9932 -0.0944
vn -0.0291 -0.9883 -0.1500
vn -0.1331 0.9837 0.1210
vn 0.1738 -0.9710 -0.1644
vn 0.1313 -0.9835 -0.1243
vn -0.0778 0.9920 0.0998
vn -0.0353 0.9960 0.0817
vn 0.0347 0.9859 -0.1637
vn -0.1475 0.9889 0.0180
vn 0.1919 -0.9786 -0.0747
vn -0.1451 0.9878 0.0565
vn -0.1182 0.9929 0.0144
vn -0.1338 0.9910 0.0023
vn 0.0207 0.9857 -0.1672
vn -0.0399 -0.9842 0.1725
vn 0.0492 0.9796 -0.1947
vn 0.0395 0.9838 -0.1751
vn -0.0847 -0.9812 0.1735
vn -0.0199 -0.9868 0.1604
vn 0.1084 0.9743 -0.1973
vn -0.0902 -0.9798 0.1786
vn -0.0625 -0.9866 0.1506
vn -0.1343 -0.9843 0.1142
vn -0.1934 -0.9714 0.1379
vn -0.1208 -0.9866 0.1101
vn 0.1335 0.9902 -0.0417
vn -0.0900 -0.9912 0.0971
vn -0.1793 -0.9828 0.0437
vn -0.1543 -0.9868 -0.0497
vn -0.1330 -0.9903 0.0401
vn 0.1302 0.9906 -0.0415
vn -0.1331 -0.9908 0.0243
vn 0.1357 0.9904 -0.0243
vn 0.1483 0.9887 -0.0238
vn -0.1502 -0.9884 0.0236
vn 0.1485 0.9885 -0.0271
vn 0.1464 0.9888 -0.0272
vn -0.1755 -0.9843 0.0205
vn -0.1635 -0.9863 0.0236
vn 0.1680 0.9858 -0.0003
vn 0.1833 0.9830 0.0073
vn -0.1881 -0.9821 -0.0103
vn -0.1611 -0.9869 0.0046
vn -0.1861 -0.9783 -0.0913
vn 0.1585 0.9857 0.0565
vn -0.1006 -0.9907 -0.0912
vn -0.1326 -0.9909 -0.0226
vn 0.1251 0.9809 0.1491
vn 0.1105 0.9875 0.1122
vn -0.0936 -0.9929 -0.0738
vn -0.0503 -0.9905 -0.1282
vn 0.0598 0.9806 0.1869
vn -0.0453 -0.9942 -0.0972
vn -0.0052 -0.9911 -0.1330
vn 0.0507 0.9903 0.1292
vn 0.0067 0.9851 0.1718
vn -0.0088 -0.9745 -0.2242
vn -0.0000 -0.9742 -0.2255
vn -0.0052 1.0000 -0.0000
vn 0.0052 -1.0000 -0.0000
vn 0.1596 -0.9872 -0.0000
vn 0.1227 -0.9924 -0.0000
vn -0.1227 0.9924 -0.0000
vn 0.4167 -0.9091 -0.0000
vn 0.1595 -0.9872 -0.0000
vn -0.3350 0.9422 -0.0000
vn 0.3350 -0.9422 -0.0000
vn -0.2958 0.9552 -0.0000
vn -0.4167 0.9091 -0.0000
vn -0.0042 1.0000 -0.0000
vn -0.4391 0.8984 -0.0000
vn 0.6753 -0.7375 -0.0000
vn 0.0993 -0.9951 -0.0000
vn -0.0993 0.9951 -0.0000
vn 0.2402 -0.9707 -0.0000
vn 0.2668 -0.9418 0.2047
vn 0.2895 -0.9202 0.2636
vn 0.3632 -0.9261 0.1024
vn -0.6163 0.7304 -0.2945
vn -0.7049 0.5770 -0.4125
vn 0.4906 -0.5891 0.6420
vn 0.1041 -0.9921 -0.0705
vn 0.3389 -0.9376 0.0781
vn 0.1319 -0.9864 -0.0977
vn 0.1161 -0.9926 -0.0365
vn -0.1208 0.9925 0.0164
vn 0.1740 -0.9323 0.3170
vn 0.1430 -0.9886 -0.0478
vn -0.3853 -0.9199 -0.0732
vn -0.0093 -0.9448 0.3276
vn -0.3284 -0.9276 -0.1779
vn 0.3126 0.9356 0.1643
vn 0.1134 0.9921 -0.0534
vn -0.1075 -0.9843 0.1403
vn 0.0742 0.9938 -0.0827
vn 0.5908 0.6537 0.4728
vn -0.2409 -0.9432 -0.2287
vn -0.1474 -0.9856 0.0826
vn -0.1348 -0.9909 -0.0011
vn 0.2705 0.9249 0.2672
vn 0.4165 0.7207 0.5541
vn -0.4524 -0.6600 -0.5998
vn 0.0034 0.8497 -0.5273
vn -0.0162 -0.9518 0.3063
vn -0.0361 -0.8537 0.5194
vn -0.0034 -0.9033 0.4291
vn 0.0030 0.9048 -0.4258
vn -0.0029 -0.9688 0.2478
vn 0.0051 0.9646 -0.2637
vn -0.0040 -0.9996 0.0291
vn 0.0011 0.9996 -0.0272
vn 0.0012 0.9991 -0.0429
vn 0.0022 0.9988 -0.0490
vn -0.0026 -0.9894 0.1453
vn -0.0196 -0.9872 0.1581
vn 0.0196 0.9872 -0.1581
vn 0.1231 -0.9924 -0.0021
vn -0.1245 0.9922 -0.0000
vn 0.0532 0.9776 -0.2036
vn -0.1595 0.9872 -0.0000
vn 0.0054 -1.0000 -0.0000
vn 0.0087 0.9998 0.0159
vn 0.0498 -0.9987 -0.0068
vn 0.0570 -0.9982 -0.0158
vn 0.0942 0.9956 -0.0000
vn 0.0135 0.9664 -0.2567
vn 0.0435 0.9866 -0.1573
vn 0.1429 0.9897 -0.0017
vn 0.1914 0.7371 0.6481
vn -0.1380 -0.9377 -0.3190
vn -0.1521 -0.9208 -0.3591
vn 0.1184 0.9918 0.0492
vn -0.1384 -0.9891 -0.0493
vn -0.0959 -0.9915 -0.0882
vn 0.0176 0.9209 0.3893
vn -0.0182 -0.9322 -0.3615
vn -0.1775 -0.7732 -0.6088
vn -0.0560 0.7861 0.6156
vn 0.2724 -0.9183 -0.2874
vn 0.0654 -0.7719 -0.6324
vn 0.1268 0.9869 0.1000
vn -0.0850 0.9313 0.3542
vn 0.0574 0.9904 0.1260
vn 0.1188 -0.9150 -0.3856
vn 0.2452 -0.7834 -0.5711
vn 0.2669 -0.7613 -0.5909
vn -0.0759 -0.9866 -0.1447
vn 0.0005 0.9907 0.1364
vn -0.2341 0.9320 0.2766
vn -0.4967 0.7675 0.4051
vn 0.4775 -0.7824 -0.3999
vn -0.0075 -0.9880 -0.1545
vn -0.3323 0.9320 0.1446
vn 0.3578 -0.9232 -0.1399
vn -0.6049 0.7819 0.1505
vn -0.6136 0.7754 0.1489
vn -0.0481 0.9912 0.1235
vn 0.0480 -0.9894 -0.1367
vn 0.0810 -0.9916 -0.1004
vn -0.3606 0.9305 0.0642
vn -0.7012 0.7117 -0.0423
vn -0.6206 0.7842 -0.0003
vn 0.3868 -0.9206 -0.0532
vn 0.0923 -0.9874 -0.1282
vn -0.1182 0.9929 0.0145
vn -0.0000 -0.0000 1.0000
vn -0.0000 -0.0000 -1.0000
vn 1.0000 -0.0000 -0.0000
vn -0.8581 -0.0000 -0.5135
vn 0.4986 -0.0000 0.8668
vn -0.4986 -0.0000 -0.8668
vn 0.4972 -0.0000 0.8676
vn -0.1697 -0.0000 -0.9855
vn 0.9698 -0.0000 0.2441
vn -0.9698 -0.0000 -0.2441
vn 0.0098 -0.0000 -1.0000
vn -0.0098 -0.0000 1.0000
vn -0.6567 -0.0000 0.7542
vn -0.0782 -0.0000 0.9969
vn -0.1723 -0.0000 -0.9850
vn 0.1723 -0.0000 0.9850
vn -0.8654 -0.0000 0.5010
vn -1.0000 -0.0000 -0.0000
vn -0.9961 -0.0000 0.0879
vn 0.0927 0.9957 -0.0000
vn -0.0000 1.0000 -0.0000
vn -0.0000 -1.0000 -0.0000
vn -0.7071 -0.0000 -0.7071
vn -0.7170 -0.0000 0.6971
vn 0.7170 -0.0000 -0.6971
vn 0.7071 -0.0000 0.7071
vn 0.6971 -0.0000 -0.7170
vn -0.6971 -0.0000 -0.7170
vn 0.7071 -0.0000 -0.7071
vn -0.7071 -0.0000 0.7071
vn -0.6971 -0.0000 0.7170
vn -0.7170 -0.0000 -0.6971
vn 0.7170 -0.0000 0.6971
vn 0.6971 -0.0000 0.7170
vn 0.3987 -0.0000 0.9171
vn -0.3987 -0.0000 -0.9171
vn 0.9243 -0.0000 -0.3818
vn -0.9243 -0.0000 0.3817
vn 0.9243 -0.0000 -0.3817
vn 0.7649 -0.0000 0.6442
vn -0.6542 -0.0000 0.7563
vn -0.6542 -0.0000 0.7564
vn -0.7649 -0.0000 -0.6441
vn 0.7649 -0.0000 0.6441
vn 0.6542 -0.0000 -0.7564
vn -0.9950 -0.0000 -0.0995
vn -0.9948 -0.0000 -0.1015
vn 0.9948 -0.0000 0.1015
vn -0.0995 -0.0000 0.9950
vn 0.1191 -0.0000 -0.9929
vn 0.2564 -0.0000 0.9666
vn 0.9950 -0.0000 0.0995
vn -0.2564 -0.0000 -0.9666
vn -0.9701 -0.0000 0.2425
vn 0.9701 -0.0000 -0.2425
vn -0.9652 -0.0000 0.2614
vn -0.2614 -0.0000 -0.9652
vn 0.2614 -0.0000 0.9652
vn 0.9652 -0.0000 -0.2614
vn 0.5049 -0.0000 -0.8632
vn 0.3799 -0.0000 -0.9250
vn 0.6207 -0.0000 0.7841
vn 0.9999 -0.0000 0.0164
vn -0.9967 -0.0000 0.0817
vn 0.0275 -0.0000 -0.9996
vn -1.0000 -0.0000 -0.0013
vn 1.0000 -0.0000 0.0013
vn -1.0000 -0.0000 -0.0061
vn 1.0000 -0.0000 0.0008
vn 1.0000 -0.0000 0.0061
vn -1.0000 -0.0000 -0.0008
vn 0.0276 -0.0000 -0.9996
vn -0.4702 -0.0000 -0.8826
vn 0.0311 -0.0000 0.9995
vn -0.0311 -0.0000 -0.9995
vn 0.9940 -0.0000 -0.1093
vn -0.8202 -0.0000 -0.5721
vn 0.8202 -0.0000 0.5721
vn 0.9828 -0.0000 0.1845
vn -0.9828 -0.0000 -0.1845
vn -0.9940 -0.0000 0.1093
vn 0.2134 -0.0000 0.9770
vn -0.8453 -0.0000 0.5343
vn 0.8453 -0.0000 -0.5343
vn 0.5139 -0.0000 -0.8578
vn 0.2228 -0.0000 -0.9749
vn -0.2228 -0.0000 0.9749
vn 0.9365 -0.0000 0.3506
vn -0.2134 -0.0000 -0.9770
vn 0.5509 -0.0000 0.8346
vn 0.7685 -0.0000 0.6399
vn -0.7685 -0.0000 -0.6399
vn 0.9945 -0.0000 0.1048
vn -0.1090 -0.0000 -0.9940
vn -1.0000 -0.0000 -0.0012
vn 0.1090 -0.0000 0.9940
vn 0.9907 -0.0000 -0.1361
vn -0.4919 -0.0000 -0.8707
vn 0.4919 -0.0000 0.8707
vn 0.7628 -0.0000 0.6466
vn -0.7628 -0.0000 -0.6466
vn 0.9823 -0.0000 0.1873
vn -0.9823 -0.0000 -0.1873
vn 0.2642 -0.0000 -0.9645
vn -0.9907 -0.0000 0.1361
vn 0.8522 -0.0000 -0.5232
vn -0.8522 -0.0000 0.5232
vn 0.5276 -0.0000 -0.8495
vn -0.5276 -0.0000 0.8495
vn -0.9678 -0.0000 -0.2518
vn 0.1881 -0.0000 0.9822
vn -0.1881 -0.0000 -0.9822
vn 0.6199 -0.0000 0.7846
vn -0.6199 -0.0000 -0.7846
vn -0.7791 -0.0000 -0.6268
vn 0.9984 -0.0000 0.0557
vn -1.0000 0.0010 0.0010
vn -1.0000 -0.0000 0.0097
vn -0.2267 -0.0000 -0.9740
vn -0.0057 -0.0000 -1.0000
vn -0.0566 -0.0000 -0.9984
vn -0.9988 -0.0000 -0.0480
vn 0.2267 -0.0000 0.9740
vn -0.6510 -0.0000 -0.7591
vn -0.8841 -0.0000 -0.4672
vn 0.8841 -0.0000 0.4672
vn -0.2276 -0.0000 0.9738
vn -0.9713 -0.0000 0.2378
vn 0.9713 -0.0000 -0.2378
vn -0.7183 -0.0000 0.6957
vn 0.7183 -0.0000 -0.6957
vn -0.4822 -0.0000 0.8760
vn 0.4822 -0.0000 -0.8760
vn -0.8783 -0.0000 0.4782
vn 0.3690 -0.0000 -0.9294
vn -0.6838 -0.0000 0.7296
vn 0.8808 -0.0000 0.4734
vn -0.9933 -0.0000 0.1158
vn -0.9832 -0.0000 -0.1826
vn 0.9832 -0.0000 0.1826
vn 0.8648 -0.0000 0.5021
vn -0.8648 -0.0000 -0.5021
vn 0.6609 -0.0000 -0.7505
vn 0.9909 -0.0000 0.1344
vn -0.9293 -0.0000 0.3694
vn 0.9293 -0.0000 -0.3694
vn -0.6609 -0.0000 0.7505
vn -0.2804 -0.0000 0.9599
vn 0.2268 -0.0000 -0.9740
vn -0.0270 -0.0000 0.9996
vn -0.0294 -0.0000 0.9996
vn -0.9989 -0.0000 -0.0479
vn -0.7360 -0.0000 0.6770
vn 0.7360 -0.0000 -0.6770
vn -0.9498 -0.0000 0.3128
vn 0.9498 -0.0000 -0.3128
vn 0.9998 -0.0000 -0.0196
vn -0.9069 -0.0000 -0.4213
vn 0.9069 -0.0000 0.4213
vn 0.8699 -0.0000 0.4933
vn -0.9766 -0.0000 -0.2151
vn -0.2131 -0.0000 0.9770
vn -0.9998 -0.0000 0.0196
vn -0.9024 -0.0000 0.4310
vn -0.5821 -0.0000 0.8131
vn 0.9600 -0.0000 -0.2800
vn -0.2328 -0.0000 0.9725
vn 0.4493 -0.0000 -0.8934
vn -0.7806 -0.0000 0.6250
vn 0.5097 -0.0000 0.8604
vn -0.9600 -0.0000 0.2800
vn 0.9923 -0.0000 0.1242
vn -0.8322 -0.0000 -0.5544
vn -0.1094 -0.9938 -0.0195
vn -0.2104 -0.0000 -0.9776
vn 0.2104 -0.0000 0.9776
vn -0.0333 -0.0000 -0.9994
vn -0.0250 -0.9898 -0.1401
vn 0.1121 0.9937 0.0011
vn -0.1490 -0.9839 -0.0987
vn -0.1784 -0.9834 -0.0318
vn 0.0917 0.9805 0.1738
vn -0.1705 -0.9789 -0.1130
vn 0.0689 0.9890 0.1306
vn -0.0788 0.9745 0.2102
vn -0.0242 -0.9904 -0.1360
vn 0.0123 -0.9920 -0.1254
vn -0.0469 0.9871 0.1531
vn -0.0172 0.9844 0.1753
vn -0.0871 0.9687 0.2324
vn -0.0743 0.9673 0.2427
vn -0.0063 0.9770 0.2130
vn -0.0068 0.9726 0.2322
vn 0.0670 0.9750 0.2118
vn -0.0217 -0.9974 -0.0685
vn 0.0409 0.9977 0.0535
vn -0.0392 -0.9979 -0.0512
vn 0.1752 0.9742 0.1424
vn 0.0512 0.9981 0.0337
vn -0.0510 -0.9981 -0.0336
vn -0.0544 -0.9983 -0.0191
vn -0.1476 -0.9877 -0.0517
vn -0.1470 -0.9877 -0.0531
vn -0.2301 -0.9696 -0.0830
vn 0.0910 -0.9658 -0.2426
vn -0.2087 -0.9632 -0.1695
vn -0.1147 -0.9683 -0.2220
vn -0.0169 -0.9764 -0.2154
vn 0.1115 0.9700 0.2159
vn -0.0240 -0.9517 -0.3062
vn 0.0989 -0.9595 -0.2637
vn -0.1351 0.9907 0.0161
vn -0.1738 0.9710 0.1644
vn 0.1945 -0.9780 -0.0750
vn -0.1570 0.9764 0.1485
vn 0.1523 -0.9882 -0.0181
vn -0.1501 0.9870 0.0579
vn 0.1338 -0.9910 -0.0013
vn -0.2254 -0.0000 -0.9743
vn 0.1254 -0.9921 -0.0012
vn 0.1253 -0.9921 -0.0000
vn 0.0057 -0.0000 1.0000
vn 0.0572 -0.0000 0.9984
vn -0.9983 -0.0000 -0.0589
vn 0.2254 -0.0000 0.9743
vn -0.6428 -0.0000 -0.7660
vn 0.8777 -0.0000 0.4792
vn -0.8777 -0.0000 -0.4792
vn 0.2272 -0.0000 -0.9738
vn 0.9704 -0.0000 -0.2413
vn 0.7258 -0.0000 -0.6879
vn -0.7258 -0.0000 0.6879
vn -0.4831 -0.0000 0.8755
vn 0.4831 -0.0000 -0.8755
vn -0.8784 -0.0000 0.4780
vn -0.3648 -0.0000 0.9311
vn 0.3648 -0.0000 -0.9311
vn 0.6842 -0.0000 -0.7293
vn 0.8784 -0.0000 -0.4780
vn -0.8858 -0.0000 -0.4641
vn 0.9933 -0.0000 -0.1157
vn 0.9832 -0.0000 0.1828
vn -0.8660 -0.0000 -0.5001
vn 0.8659 -0.0000 0.5001
vn -0.6691 -0.0000 0.7432
vn -0.9919 -0.0000 -0.1270
vn 0.9919 -0.0000 0.1270
vn -0.9303 -0.0000 0.3667
vn 0.6691 -0.0000 -0.7432
vn -0.0000 -0.9033 0.4291
vn -0.2364 -0.0000 0.9716
vn 0.2364 -0.0000 -0.9716
vn -0.0000 0.8543 -0.5198
vn 1.0000 -0.0000 0.0012
vn -0.0000 0.9033 -0.4291
vn -0.0000 0.9646 -0.2638
vn 1.0000 -0.0000 0.0078
vn -0.0000 -0.9996 0.0272
vn -0.0000 0.9996 -0.0272
vn -0.0000 0.9988 -0.0490
vn -0.0000 0.9874 -0.1581
vn -0.0000 -0.9874 0.1581
vn -1.0000 -0.0000 -0.0017
vn 1.0000 -0.0000 0.0017
vn -0.0000 -0.8498 0.5271
vn -1.0000 -0.0000 -0.0015
vn 1.0000 -0.0000 0.0015
vn -0.0000 0.9048 -0.4258
vn -0.0000 -0.9048 0.4258
vn -0.0000 -0.9670 0.2549
vn -0.0000 0.9670 -0.2549
vn -0.0000 -0.9996 0.0291
vn -0.0000 0.9996 -0.0291
vn -0.0000 0.9991 -0.0429
vn -0.0000 0.9895 -0.1446
vn -0.0000 -0.9895 0.1446
vn -0.0166 -0.9994 -0.0305
vn 0.1380 0.9901 0.0246
vn 0.1384 0.9901 0.0215
vn 0.1237 0.9889 0.0829
vn 0.1464 0.9889 0.0261
vn 0.1214 0.9893 0.0814
vn 0.0670 0.9901 0.1230
vn 0.0452 -0.9880 -0.1478
vn 0.0058 0.9994 0.0328
vn 0.0038 -0.9992 -0.0390
vn 0.0073 0.9991 0.0408
vn -0.0155 0.9986 0.0508
vn 0.0056 -0.9984 -0.0570
vn 0.0542 -0.9886 -0.1408
vn -0.1860 -0.9746 -0.1247
vn -0.0089 0.9534 0.3016
vn -0.1197 0.9430 0.3106
vn -0.1018 -0.9388 -0.3290
vn 0.0109 -0.9283 -0.3716
vn -0.1993 -0.9458 -0.2563
vn -0.1085 -0.9302 -0.3508
vn -0.1786 -0.9816 -0.0670
vn 0.1567 0.9669 0.2015
vn 0.1850 0.9806 0.0655
vn -0.1835 -0.9753 -0.1231
vn 0.1428 0.9885 0.0506
vn 0.1417 0.9885 0.0531
vn -0.1452 -0.9826 -0.1162
vn -0.0180 0.9987 0.0479
vn -0.0783 -0.9853 -0.1516
vn -0.1408 -0.9836 -0.1126
vn -0.0838 -0.9832 -0.1622
vn 0.0136 0.9847 0.1738
vn -0.0093 -0.9929 -0.1184
vn 0.0398 -0.9936 -0.1061
vn -0.1170 0.9931 0.0011
vn 0.0349 -0.9988 -0.0335
vn 0.0464 -0.9988 -0.0185
vn 0.0384 -0.9986 -0.0368
vn 0.0500 -0.9987 -0.0059
vn -0.0488 0.9986 0.0195
vn -0.1182 0.9929 0.0140
vn 0.2100 -0.0000 0.9777
vn 0.1239 -0.9923 -0.0012
vn -0.1239 0.9923 0.0012
vn -0.0312 -0.0000 -0.9995
vn 0.0312 -0.0000 0.9995
vn 0.9923 -0.0000 0.1236
vn 0.5083 -0.0000 0.8612
vn 0.8321 -0.0000 0.5547
vn -0.2336 -0.0000 0.9723
vn -0.9599 -0.0000 0.2804
vn 0.9599 -0.0000 -0.2804
vn 0.7810 -0.0000 -0.6245
vn -0.7810 -0.0000 0.6245
vn -0.4472 -0.0000 0.8944
vn 0.9020 -0.0000 -0.4317
vn 0.2260 -0.0000 -0.9741
vn 0.5912 -0.0000 -0.8065
vn -0.5912 -0.0000 0.8065
vn -0.9020 -0.0000 0.4317
vn -0.9042 -0.0000 -0.4271
vn 0.9994 -0.0000 -0.0347
vn -0.9994 -0.0000 0.0347
vn 0.9776 -0.0000 0.2106
vn -0.8685 -0.0000 -0.4956
vn 0.9042 -0.0000 0.4271
vn -0.9987 -0.0000 -0.0505
vn 0.9987 -0.0000 0.0505
vn 0.9501 -0.0000 -0.3121
vn -0.9501 -0.0000 0.3121
vn -0.2762 -0.0000 0.9611
vn 0.2762 -0.0000 -0.9611
vn -0.0275 -0.0000 0.9996
vn -0.5010 -0.0000 -0.8654
vn -0.5010 -0.0000 0.8654
vn 0.5010 -0.0000 -0.8654
vn 0.5010 -0.0000 0.8654
vn 0.4986 -0.0000 -0.8668
vn -0.4986 -0.0000 0.8668
vn -0.0000 0.6905 -0.7234
vn -0.0000 -0.6905 0.7234
vn -0.0000 0.7071 0.7071
vn -0.0000 -0.6905 -0.7233
vn -0.0000 0.6905 0.7233
vn -0.0000 -0.7071 -0.7071
vn -0.0000 0.7139 -0.7002
vn -0.0000 -0.7071 0.7071
vn -0.0000 0.7071 -0.7071
vn -0.0000 -0.7002 -0.7139
vn -0.0000 0.7002 0.7139
vn -0.0000 -0.7139 0.7002
vn 0.8962 -0.4437 -0.0000
vn 0.5540 -0.0000 0.8325
vn 0.9700 -0.0000 0.2430
vn -0.8598 -0.0000 -0.5107
vn 0.8598 -0.0000 0.5107
vn 0.0710 -0.0000 -0.9975
vn -0.5540 -0.0000 -0.8325
vn -0.1647 -0.0000 -0.9863
vn 0.1647 -0.0000 0.9863
vn 0.9694 -0.0000 -0.2454
vn 0.3544 -0.0000 -0.9351
vn -0.3544 -0.0000 0.9351
vn 0.6645 -0.0000 -0.7473
vn -0.6645 -0.0000 0.7473
vn 0.8650 -0.0000 -0.5018
vn -0.8650 -0.0000 0.5018
vn -0.9969 -0.0000 0.0786
vn 0.9969 -0.0000 -0.0786
vn -0.5551 -0.0000 -0.8318
vn 0.9701 -0.0000 0.2428
vn -0.9701 -0.0000 -0.2428
vn -0.8591 -0.0000 -0.5119
vn -0.0715 -0.0000 0.9974
vn 0.5551 -0.0000 0.8318
vn -0.1650 -0.0000 -0.9863
vn 0.0714 -0.0000 -0.9974
vn 0.9697 -0.0000 -0.2444
vn 0.3540 -0.0000 -0.9353
vn -0.6642 -0.0000 0.7475
vn -0.8647 -0.0000 0.5023
vn -0.9697 -0.0000 0.2444
vn 0.9969 -0.0000 -0.0787
vn 0.1222 -0.1222 -0.9850
vn 0.0562 0.0563 -0.9968
vn 0.0900 0.9911 -0.0976
vn 0.0392 0.9842 -0.1727
vn 0.0401 0.9838 -0.1748
vn -0.1083 -0.9743 0.1974
vn 0.0626 0.9866 -0.1504
vn -0.1938 -0.9714 0.1374
vn 0.1245 0.9809 0.1495
vn -0.1792 -0.9828 0.0445
vn 0.1302 0.9907 -0.0407
vn 0.1357 0.9905 -0.0242
vn -0.1504 -0.9883 0.0265
vn -0.1462 -0.9890 0.0238
vn -0.1635 -0.9863 0.0235
vn 0.1830 0.9831 0.0081
vn 0.1617 0.9868 -0.0052
vn -0.1864 -0.9782 -0.0910
vn -0.1322 -0.9910 -0.0228
vn 0.0943 0.9928 0.0736
vn 0.0454 0.9942 0.0972
vn -0.0000 0.9742 0.2255
vt 0.748861 0.047061
vt 0.737077 0.218813
vt 0.737077 0.045038
vt 0.880172 0.521835
vt 0.880172 0.549803
vt 0.866725 0.542495
vt 0.541670 0.761987
vt 0.552990 0.739654
vt 0.552990 0.772287
vt 0.769820 0.253161
vt 0.769820 0.280877
vt 0.787792 0.280399
vt 0.883821 0.575872
vt 0.872417 0.603033
vt 0.883821 0.606523
vt 0.908484 0.440656
vt 0.899472 0.432949
vt 0.899472 0.463601
vt 0.586216 0.861808
vt 0.575962 0.887558
vt 0.575962 0.855718
vt 0.872419 0.250862
vt 0.883408 0.280745
vt 0.871452 0.280745
vt 0.090959 0.398394
vt 0.090959 0.569664
vt 0.072980 0.398450
vt 0.956679 0.690864
vt 0.953786 0.715090
vt 0.953786 0.690052
vt 0.691863 0.917029
vt 0.699852 0.899336
vt 0.691863 0.889060
vt 0.181885 0.945946
vt 0.181885 0.965821
vt 0.178959 0.965137
vt 0.891844 0.378138
vt 0.899142 0.402618
vt 0.886126 0.402618
vt 0.882068 0.845500
vt 0.870350 0.874119
vt 0.882068 0.875940
vt 0.466085 0.829378
vt 0.456681 0.822252
vt 0.456681 0.852692
vt 0.297375 0.836419
vt 0.302824 0.854306
vt 0.297375 0.856812
vt 0.294098 0.924125
vt 0.302368 0.906849
vt 0.294098 0.898581
vt 0.665143 0.929064
vt 0.668083 0.947974
vt 0.662096 0.947974
vt 0.643087 0.936031
vt 0.638264 0.932484
vt 0.638264 0.952358
vt 0.491242 0.890495
vt 0.491242 0.914185
vt 0.502770 0.912219
vt 0.890554 0.845500
vt 0.897863 0.872522
vt 0.886064 0.872522
vt 0.345514 0.889275
vt 0.335552 0.910768
vt 0.335552 0.882775
vt 0.919269 0.635413
vt 0.919269 0.610820
vt 0.927684 0.616952
vt 0.722806 0.936600
vt 0.718006 0.933029
vt 0.718006 0.952166
vt 0.462779 0.857150
vt 0.456886 0.876564
vt 0.462779 0.877593
vt 0.703886 0.901102
vt 0.703886 0.924028
vt 0.714011 0.921597
vt 0.083761 0.879788
vt 0.090005 0.905261
vt 0.078109 0.905261
vt 0.448373 0.890399
vt 0.437910 0.884572
vt 0.437910 0.910799
vt 0.901061 0.426825
vt 0.904303 0.406691
vt 0.890237 0.406691
vt 0.193866 0.935158
vt 0.188589 0.932308
vt 0.188589 0.952751
vt 0.136643 0.950144
vt 0.136643 0.969457
vt 0.133791 0.951014
vt 0.480869 0.897743
vt 0.467131 0.913166
vt 0.480869 0.916186
vt 0.727539 0.895892
vt 0.727539 0.918114
vt 0.738828 0.914117
vt 0.250761 0.882375
vt 0.235802 0.882375
vt 0.244384 0.902021
vt 0.415108 0.922702
vt 0.415108 0.904259
vt 0.427319 0.909629
vt 0.431315 0.904259
vt 0.433907 0.920636
vt 0.431315 0.922147
vt 0.790775 0.951685
vt 0.790444 0.970191
vt 0.787774 0.951685
vt 0.913835 0.879936
vt 0.904112 0.891303
vt 0.913835 0.906254
vt 0.917835 0.216772
vt 0.917835 0.240254
vt 0.927076 0.230634
vt 0.928487 0.151924
vt 0.928487 0.175406
vt 0.919635 0.159924
vt 0.910328 0.673167
vt 0.910328 0.646849
vt 0.919475 0.663860
vt 0.147969 0.930203
vt 0.158597 0.922632
vt 0.147969 0.912491
vt 0.565533 0.913079
vt 0.556986 0.921337
vt 0.565533 0.933285
vt 0.403099 0.904462
vt 0.391381 0.920923
vt 0.403099 0.923172
vt 0.894822 0.932688
vt 0.894822 0.950400
vt 0.889250 0.940550
vt 0.839902 0.963412
vt 0.839902 0.975398
vt 0.842703 0.974377
vt 0.126998 0.930407
vt 0.126998 0.946148
vt 0.135376 0.941385
vt 0.102248 0.917259
vt 0.102248 0.937204
vt 0.094275 0.925928
vt 0.662083 0.907205
vt 0.650328 0.923318
vt 0.662083 0.925068
vt 0.241818 0.933805
vt 0.241818 0.949545
vt 0.235802 0.940849
vt 0.580630 0.687009
vt 0.580630 0.698995
vt 0.575990 0.690813
vt 0.888319 0.316676
vt 0.888319 0.328350
vt 0.893732 0.325760
vt 0.932483 0.200819
vt 0.940524 0.192046
vt 0.940524 0.210881
vt 0.630119 0.926350
vt 0.641702 0.911497
vt 0.641702 0.928488
vt 0.851013 0.425194
vt 0.860102 0.414100
vt 0.860102 0.426980
vt 0.024618 0.981515
vt 0.021782 0.982472
vt 0.024618 0.992350
vt 0.458155 0.953448
vt 0.452369 0.945557
vt 0.458155 0.939106
vt 0.465777 0.743296
vt 0.465777 0.754970
vt 0.461529 0.747554
vt 0.482400 0.542775
vt 0.482400 0.552560
vt 0.476453 0.551661
vt 0.059210 0.947415
vt 0.067190 0.944036
vt 0.059210 0.931242
vt 0.122544 0.839527
vt 0.113930 0.847865
vt 0.122544 0.860241
vt 0.913995 0.549738
vt 0.924700 0.565251
vt 0.913995 0.570452
vt 0.737197 0.922110
vt 0.727539 0.930562
vt 0.737197 0.938282
vt 0.834226 0.418003
vt 0.840212 0.428821
vt 0.834226 0.428839
vt 0.798926 0.418213
vt 0.798926 0.428906
vt 0.794714 0.422467
vt 0.188590 0.928312
vt 0.200564 0.923695
vt 0.188590 0.911382
vt 0.790657 0.898575
vt 0.775853 0.913582
vt 0.775853 0.896406
vt 0.916018 0.406691
vt 0.920288 0.426308
vt 0.908299 0.426308
vt 0.607358 0.232765
vt 0.607358 0.246830
vt 0.621077 0.242687
vt 0.352056 0.963065
vt 0.349510 0.975821
vt 0.352056 0.977395
vt 0.374263 0.913082
vt 0.362177 0.920278
vt 0.362177 0.899985
vt 0.650652 0.236706
vt 0.634095 0.232875
vt 0.634095 0.250696
vt 0.557621 0.226127
vt 0.569432 0.238617
vt 0.557621 0.247802
vt 0.763601 0.907053
vt 0.763601 0.927346
vt 0.753197 0.912990
vt 0.794899 0.935818
vt 0.794899 0.912531
vt 0.802509 0.925457
vt 0.523478 0.429964
vt 0.540376 0.445988
vt 0.523478 0.447791
vt 0.281192 0.964277
vt 0.278429 0.963117
vt 0.278429 0.975973
vt 0.915272 0.610820
vt 0.915272 0.634399
vt 0.904283 0.629630
vt 0.929371 0.089203
vt 0.920568 0.104704
vt 0.920568 0.081126
vt 0.211968 0.911366
vt 0.215984 0.892978
vt 0.226968 0.911366
vt 0.178398 0.886842
vt 0.178398 0.911008
vt 0.166944 0.907613
vt 0.387348 0.907672
vt 0.378258 0.899985
vt 0.378258 0.924152
vt 0.480109 0.941600
vt 0.480109 0.920182
vt 0.486466 0.929097
vt 0.534898 0.963000
vt 0.534898 0.977519
vt 0.532008 0.976726
vt 0.574525 0.938284
vt 0.574525 0.918664
vt 0.582608 0.927058
vt 0.813947 0.926732
vt 0.824032 0.911374
vt 0.824032 0.930995
vt 0.882764 0.462368
vt 0.882764 0.476201
vt 0.888605 0.474859
vt 0.574525 0.891554
vt 0.574525 0.914668
vt 0.586216 0.912424
vt 0.927341 0.293281
vt 0.918499 0.309386
vt 0.918499 0.285464
vt 0.088661 0.928765
vt 0.088661 0.909257
vt 0.078109 0.923820
vt 0.903640 0.332576
vt 0.903640 0.355629
vt 0.915222 0.353359
vt 0.244502 0.914070
vt 0.235802 0.906017
vt 0.235802 0.929809
vt 0.936353 0.422963
vt 0.943534 0.411970
vt 0.936353 0.403455
vt 0.064136 0.954815
vt 0.059210 0.965199
vt 0.059210 0.951410
vt 0.325332 0.940178
vt 0.319607 0.951995
vt 0.325332 0.953751
vt 0.431532 0.953975
vt 0.426897 0.964694
vt 0.426897 0.950176
vt 0.920283 0.487039
vt 0.910390 0.504594
vt 0.910390 0.480270
vt 0.893497 0.910470
vt 0.889250 0.928692
vt 0.900389 0.928692
vt 0.925580 0.853396
vt 0.916632 0.869828
vt 0.916632 0.845500
vt 0.568417 0.884754
vt 0.568417 0.909083
vt 0.556986 0.905940
vt 0.426897 0.946180
vt 0.433731 0.933940
vt 0.426897 0.926698
vt 0.686781 0.960737
vt 0.682340 0.970297
vt 0.682340 0.956723
vt 0.040525 0.939388
vt 0.040525 0.953753
vt 0.034754 0.952163
vt 0.541502 0.912650
vt 0.532008 0.928607
vt 0.541502 0.931609
vt 0.925497 0.583412
vt 0.916187 0.599477
vt 0.916187 0.575872
vt 0.289845 0.890507
vt 0.289845 0.914111
vt 0.278429 0.910637
vt 0.349510 0.920548
vt 0.349510 0.939506
vt 0.357505 0.927135
vt 0.666573 0.955959
vt 0.662096 0.966336
vt 0.662096 0.951970
vt 0.909501 0.314026
vt 0.909501 0.328378
vt 0.903568 0.327508
vt 0.924883 0.927655
vt 0.928189 0.907778
vt 0.917831 0.907778
vt 0.913985 0.776171
vt 0.902737 0.796370
vt 0.913985 0.800495
vt 0.855696 0.139102
vt 0.868179 0.147928
vt 0.868179 0.115081
vt 0.685378 0.921762
vt 0.673584 0.904277
vt 0.672598 0.921762
vt 0.541461 0.964513
vt 0.538894 0.977353
vt 0.538894 0.963000
vt 0.974458 0.751969
vt 0.974458 0.734457
vt 0.971617 0.735356
vt 0.699854 0.689927
vt 0.690909 0.712806
vt 0.699854 0.721934
vt 0.847930 0.795091
vt 0.832922 0.776171
vt 0.832922 0.808178
vt 0.862859 0.872344
vt 0.866354 0.845500
vt 0.851381 0.845500
vt 0.884323 0.314659
vt 0.872614 0.305369
vt 0.884323 0.285464
vt 0.883897 0.227173
vt 0.870421 0.220708
vt 0.870421 0.246387
vt 0.182051 0.855625
vt 0.182051 0.826432
vt 0.166944 0.828778
vt 0.870305 0.796493
vt 0.882044 0.776171
vt 0.882044 0.806977
vt 0.833874 0.253555
vt 0.833874 0.220708
vt 0.848162 0.225920
vt 0.913839 0.242451
vt 0.913839 0.216772
vt 0.903615 0.231593
vt 0.505032 0.867281
vt 0.491242 0.886499
vt 0.491242 0.861600
vt 0.843291 0.764089
vt 0.834510 0.734457
vt 0.850248 0.734457
vt 0.867050 0.453496
vt 0.878768 0.432949
vt 0.878768 0.463855
vt 0.918971 0.026898
vt 0.908889 0.015937
vt 0.918971 0.001998
vt 0.672598 0.848288
vt 0.687178 0.872010
vt 0.672598 0.875046
vt 0.391381 0.867022
vt 0.403970 0.875279
vt 0.403970 0.843410
vt 0.801568 0.817929
vt 0.810540 0.848509
vt 0.794899 0.848509
vt 0.887266 0.108971
vt 0.875292 0.100036
vt 0.887266 0.081126
vt 0.901336 0.162525
vt 0.890178 0.179026
vt 0.890178 0.151924
vt 0.494489 0.722485
vt 0.509380 0.634240
vt 0.509380 0.723694
vt 0.571994 0.608506
vt 0.556986 0.698511
vt 0.571994 0.699707
vt 0.649734 0.636856
vt 0.635034 0.725133
vt 0.635034 0.633932
vt 0.614310 0.641885
vt 0.614310 0.731339
vt 0.628946 0.644830
vt 0.168048 0.859621
vt 0.166944 0.882846
vt 0.181874 0.882846
vt 0.060901 0.875710
vt 0.060901 0.846201
vt 0.074114 0.853279
vt 0.872220 0.754406
vt 0.884163 0.763966
vt 0.884163 0.734457
vt 0.900640 0.212776
vt 0.900640 0.185747
vt 0.889429 0.202947
vt 0.750046 0.259643
vt 0.764780 0.279192
vt 0.750046 0.281468
vt 0.856095 0.254176
vt 0.867456 0.280745
vt 0.852158 0.280745
vt 0.886182 0.162295
vt 0.874643 0.151924
vt 0.874643 0.180821
vt 0.001998 0.895065
vt 0.001998 0.919545
vt 0.012125 0.905958
vt 0.650328 0.883289
vt 0.664969 0.900591
vt 0.650328 0.903209
vt 0.847109 0.849064
vt 0.847109 0.876167
vt 0.832922 0.869886
vt 0.126998 0.903746
vt 0.136654 0.915109
vt 0.126998 0.926411
vt 0.753197 0.903057
vt 0.768109 0.903057
vt 0.756204 0.883498
vt 0.904893 0.012391
vt 0.893679 0.028696
vt 0.893679 0.001998
vt 0.882130 0.378138
vt 0.882130 0.404837
vt 0.868278 0.398129
vt 0.019253 0.903074
vt 0.019253 0.925972
vt 0.029191 0.914239
vt 0.307597 0.912155
vt 0.322417 0.910210
vt 0.307597 0.893626
vt 0.225259 0.864033
vt 0.225259 0.888983
vt 0.211968 0.881425
vt 0.625475 0.894400
vt 0.614310 0.909188
vt 0.614310 0.884238
vt 0.590583 0.903523
vt 0.590583 0.925765
vt 0.600782 0.914491
vt 0.430154 0.899016
vt 0.415108 0.900263
vt 0.415108 0.879356
vt 0.034754 0.907716
vt 0.034754 0.882960
vt 0.046278 0.892544
vt 0.826159 0.907378
vt 0.826159 0.884084
vt 0.813947 0.898709
vt 0.905502 0.081126
vt 0.905502 0.104421
vt 0.916572 0.091231
vt 0.275646 0.251855
vt 0.275646 0.450015
vt 0.260758 0.448279
vt 0.309237 0.256483
vt 0.279642 0.450015
vt 0.279642 0.251855
vt 0.804703 0.683946
vt 0.804703 0.646849
vt 0.786429 0.668477
vt 0.590583 0.802757
vt 0.590583 0.765661
vt 0.608856 0.781130
vt 0.955642 0.907778
vt 0.958507 0.931547
vt 0.955642 0.931914
vt 0.945007 0.026526
vt 0.939936 0.003128
vt 0.945007 0.001998
vt 0.939833 0.635348
vt 0.944905 0.634219
vt 0.939833 0.610820
vt 0.259364 0.880747
vt 0.269894 0.902249
vt 0.259364 0.907662
vt 0.958428 0.250862
vt 0.958428 0.274998
vt 0.955563 0.251228
vt 0.868618 0.285464
vt 0.854638 0.295846
vt 0.868618 0.315282
vt 0.854244 0.734457
vt 0.868224 0.753893
vt 0.854244 0.764275
vt 0.054695 0.882960
vt 0.050274 0.883851
vt 0.054695 0.907382
vt 0.942579 0.875495
vt 0.942579 0.899917
vt 0.947000 0.899026
vt 0.199119 0.880471
vt 0.188589 0.885884
vt 0.199119 0.907386
vt 0.772866 0.690052
vt 0.753197 0.718450
vt 0.772866 0.732100
vt 0.060901 0.726992
vt 0.060901 0.769040
vt 0.080571 0.740642
vt 0.650010 0.432949
vt 0.650010 0.629936
vt 0.635033 0.629330
vt 0.940065 0.845500
vt 0.940065 0.870096
vt 0.945089 0.868908
vt 0.945099 0.043709
vt 0.940075 0.044897
vt 0.945099 0.068306
vt 0.936187 0.250862
vt 0.936187 0.276008
vt 0.929694 0.252963
vt 0.470143 0.710148
vt 0.490493 0.722762
vt 0.470143 0.755944
vt 0.382527 0.710423
vt 0.362177 0.743605
vt 0.382527 0.756219
vt 0.929576 0.845500
vt 0.936069 0.868544
vt 0.929576 0.870646
vt 0.958865 0.043709
vt 0.958865 0.067848
vt 0.956063 0.044070
vt 0.955892 0.610820
vt 0.958694 0.634598
vt 0.955892 0.634959
vt 0.951040 0.151924
vt 0.951040 0.177813
vt 0.947287 0.153287
vt 0.950847 0.811545
vt 0.950847 0.837850
vt 0.947110 0.837163
vt 0.948968 0.076118
vt 0.948968 0.103140
vt 0.945070 0.102274
vt 0.952067 0.043709
vt 0.949095 0.044696
vt 0.952067 0.071554
vt 0.749147 0.837715
vt 0.745857 0.860011
vt 0.749147 0.861193
vt 0.959450 0.370544
vt 0.959450 0.394921
vt 0.956832 0.372840
vt 0.834143 0.216712
vt 0.815405 0.199765
vt 0.834143 0.187626
vt 0.944209 0.370544
vt 0.944209 0.396988
vt 0.939660 0.372137
vt 0.872175 0.145825
vt 0.872175 0.115081
vt 0.883649 0.126672
vt 0.596390 0.220304
vt 0.596390 0.245115
vt 0.573428 0.240747
vt 0.445236 0.247405
vt 0.468151 0.223142
vt 0.443992 0.223142
vt 0.949085 0.870860
vt 0.949085 0.845500
vt 0.952644 0.869532
vt 0.855557 0.077082
vt 0.855557 0.043709
vt 0.867812 0.057179
vt 0.607644 0.872031
vt 0.607644 0.843402
vt 0.610040 0.843820
vt 0.869761 0.841504
vt 0.873224 0.811545
vt 0.881895 0.841504
vt 0.686781 0.952150
vt 0.684419 0.952727
vt 0.684419 0.925757
vt 0.949003 0.028496
vt 0.952333 0.002625
vt 0.949003 0.001998
vt 0.815405 0.150870
vt 0.815405 0.183630
vt 0.832328 0.170720
vt 0.859154 0.646849
vt 0.859154 0.679610
vt 0.845701 0.667382
vt 0.063210 0.801254
vt 0.085448 0.773036
vt 0.060901 0.773036
vt 0.956640 0.870859
vt 0.958735 0.843971
vt 0.956640 0.843580
vt 0.947287 0.209071
vt 0.947287 0.181809
vt 0.950635 0.208547
vt 0.871296 0.081126
vt 0.871296 0.110124
vt 0.857514 0.097347
vt 0.628158 0.825728
vt 0.632177 0.851205
vt 0.614310 0.851205
vt 0.178959 0.941951
vt 0.183519 0.916564
vt 0.178959 0.915004
vt 0.948900 0.638905
vt 0.951896 0.611808
vt 0.948900 0.610820
vt 0.054604 0.847858
vt 0.054604 0.819619
vt 0.056721 0.847624
vt 0.662525 0.342908
vt 0.634095 0.254692
vt 0.634095 0.352345
vt 0.887645 0.146270
vt 0.887645 0.115081
vt 0.897291 0.117868
vt 0.105292 0.267400
vt 0.085572 0.363041
vt 0.075134 0.267400
vt 0.806505 0.942487
vt 0.806505 0.912531
vt 0.809946 0.912550
vt 0.944846 0.508396
vt 0.948238 0.508024
vt 0.944846 0.478261
vt 0.939182 0.606054
vt 0.939182 0.575872
vt 0.942886 0.605598
vt 0.939387 0.806128
vt 0.943069 0.776171
vt 0.939369 0.776171
vt 0.437910 0.739300
vt 0.437910 0.685110
vt 0.462832 0.701732
vt 0.085824 0.722996
vt 0.085824 0.668805
vt 0.060901 0.706377
vt 0.604778 0.933479
vt 0.609535 0.933479
vt 0.609453 0.903523
vt 0.957900 0.151924
vt 0.957900 0.176060
vt 0.955036 0.152291
vt 0.331413 0.906273
vt 0.331413 0.875956
vt 0.326714 0.876688
vt 0.279642 0.747217
vt 0.279642 0.698505
vt 0.303249 0.716946
vt 0.815821 0.808434
vt 0.828926 0.776171
vt 0.828926 0.815674
vt 0.542195 0.724946
vt 0.552990 0.735658
vt 0.552990 0.686946
vt 0.696016 0.037985
vt 0.672270 0.001998
vt 0.696419 0.001998
vt 0.769803 0.298988
vt 0.750046 0.285464
vt 0.750046 0.328580
vt 0.731287 0.004743
vt 0.759085 0.030945
vt 0.759085 0.001998
vt 0.154938 0.934199
vt 0.154938 0.958336
vt 0.157802 0.957969
vt 0.812795 0.736096
vt 0.812795 0.772175
vt 0.794899 0.756271
vt 0.794714 0.378138
vt 0.794714 0.414217
vt 0.812626 0.394048
vt 0.794400 0.371063
vt 0.794400 0.332576
vt 0.811167 0.353670
vt 0.307680 0.782579
vt 0.307597 0.752392
vt 0.331554 0.752392
vt 0.573428 0.045038
vt 0.573428 0.216308
vt 0.603363 0.216215
vt 0.001998 0.795137
vt 0.020356 0.771416
vt 0.001998 0.756936
vt 0.830826 0.575872
vt 0.814849 0.600010
vt 0.830826 0.611800
vt 0.090660 0.846201
vt 0.078109 0.858918
vt 0.090660 0.875793
vt 0.527335 0.918149
vt 0.524205 0.918541
vt 0.527335 0.948322
vt 0.935807 0.690081
vt 0.930987 0.718587
vt 0.930987 0.690052
vt 0.934107 0.115081
vt 0.934107 0.143616
vt 0.928286 0.141463
vt 0.838588 0.081126
vt 0.838588 0.110718
vt 0.853518 0.103644
vt 0.885433 0.185747
vt 0.885433 0.215607
vt 0.874195 0.197856
vt 0.663756 0.823343
vt 0.667455 0.850014
vt 0.650328 0.850014
vt 0.935107 0.811545
vt 0.929281 0.837833
vt 0.935107 0.839905
vt 0.932452 0.432949
vt 0.932452 0.462020
vt 0.926397 0.434312
vt 0.942264 0.285464
vt 0.942264 0.315409
vt 0.938281 0.314099
vt 0.942021 0.115081
vt 0.938103 0.116572
vt 0.942021 0.145377
vt 0.248498 0.906017
vt 0.254592 0.933514
vt 0.248498 0.933730
vt 0.932035 0.610820
vt 0.935837 0.641114
vt 0.931680 0.641114
vt 0.898230 0.043709
vt 0.886918 0.056567
vt 0.898230 0.071146
vt 0.935186 0.575872
vt 0.929493 0.578286
vt 0.935186 0.603553
vt 0.568243 0.826701
vt 0.556986 0.851722
vt 0.574935 0.851722
vt 0.933854 0.517224
vt 0.933854 0.545742
vt 0.927875 0.544252
vt 0.358181 0.572251
vt 0.358181 0.601823
vt 0.354241 0.573579
vt 0.771604 0.907053
vt 0.771604 0.937255
vt 0.767597 0.936352
vt 0.787164 0.864032
vt 0.787164 0.892410
vt 0.775853 0.877968
vt 0.549799 0.823573
vt 0.532008 0.845682
vt 0.549799 0.849255
vt 0.935664 0.370544
vt 0.930098 0.373185
vt 0.935664 0.398257
vt 0.942822 0.734457
vt 0.938819 0.763613
vt 0.942822 0.764291
vt 0.943292 0.151924
vt 0.943292 0.181354
vt 0.939478 0.153449
vt 0.644913 0.855201
vt 0.644913 0.884470
vt 0.633285 0.869133
vt 0.723383 0.901102
vt 0.718007 0.903978
vt 0.723383 0.929033
vt 0.746679 0.907053
vt 0.749201 0.934757
vt 0.743129 0.934757
vt 0.946638 0.216772
vt 0.942935 0.218435
vt 0.946638 0.246006
vt 0.940839 0.811545
vt 0.939103 0.840727
vt 0.943114 0.840727
vt 0.528012 0.833056
vt 0.511228 0.857035
vt 0.528012 0.858681
vt 0.898696 0.250862
vt 0.898696 0.278256
vt 0.887404 0.263387
vt 0.826616 0.615796
vt 0.833942 0.640535
vt 0.814849 0.640535
vt 0.936079 0.043709
vt 0.930360 0.045749
vt 0.936079 0.070908
vt 0.950019 0.575872
vt 0.946882 0.604046
vt 0.950019 0.604846
vt 0.944679 0.907777
vt 0.940875 0.909049
vt 0.944679 0.936674
vt 0.936879 0.907777
vt 0.936879 0.935663
vt 0.932185 0.934568
vt 0.111673 0.893322
vt 0.111673 0.864237
vt 0.122267 0.877437
vt 0.914503 0.285464
vt 0.903568 0.305119
vt 0.914503 0.310030
vt 0.362177 0.878026
vt 0.380141 0.878026
vt 0.380141 0.895989
vt 0.884168 0.521835
vt 0.896880 0.534565
vt 0.884168 0.547258
vt 0.895476 0.432949
vt 0.895476 0.458372
vt 0.882764 0.445642
vt 0.815405 0.279001
vt 0.815405 0.261008
vt 0.833369 0.261008
vt 0.884689 0.553799
vt 0.866725 0.553799
vt 0.866725 0.571792
vt 0.898741 0.776171
vt 0.898741 0.801573
vt 0.886040 0.788874
vt 0.885891 0.811545
vt 0.898592 0.824244
vt 0.885891 0.836947
vt 0.912480 0.476252
vt 0.921461 0.460922
vt 0.921461 0.476252
vt 0.716589 0.871701
vt 0.716589 0.897106
vt 0.703886 0.884404
vt 0.535204 0.228687
vt 0.553194 0.228687
vt 0.553194 0.246681
vt 0.791788 0.258896
vt 0.809778 0.276889
vt 0.791788 0.276889
vt 0.307597 0.864184
vt 0.320320 0.876907
vt 0.307597 0.889630
vt 0.107678 0.864237
vt 0.094954 0.876960
vt 0.107678 0.889683
vt 0.019253 0.945298
vt 0.019253 0.929967
vt 0.028234 0.929967
vt 0.415108 0.944662
vt 0.422901 0.926698
vt 0.415108 0.926698
vt 0.917831 0.931650
vt 0.924761 0.935164
vt 0.917831 0.948839
vt 0.877280 0.931472
vt 0.870350 0.945147
vt 0.877280 0.948661
vt 0.511228 0.936142
vt 0.520209 0.918149
vt 0.520209 0.936142
vt 0.491242 0.936175
vt 0.491242 0.918181
vt 0.500223 0.918181
vt 0.223983 0.915361
vt 0.231138 0.918465
vt 0.223983 0.934974
vt 0.552731 0.917071
vt 0.552731 0.936683
vt 0.545576 0.933580
vt 0.783778 0.917578
vt 0.775853 0.933699
vt 0.783778 0.937596
vt 0.391381 0.945131
vt 0.399174 0.945131
vt 0.399174 0.927168
vt 0.938584 0.879935
vt 0.938584 0.899917
vt 0.930717 0.896085
vt 0.931072 0.216772
vt 0.931072 0.236753
vt 0.938939 0.220604
vt 0.445944 0.934879
vt 0.445944 0.914795
vt 0.437910 0.918812
vt 0.467131 0.938146
vt 0.476113 0.920182
vt 0.476113 0.938146
vt 0.278429 0.918107
vt 0.278429 0.938125
vt 0.286354 0.922004
vt 0.940638 0.551775
vt 0.947442 0.551775
vt 0.947435 0.569768
vt 0.690897 0.938989
vt 0.699852 0.921025
vt 0.699852 0.938988
vt 0.315611 0.936223
vt 0.307597 0.920146
vt 0.315611 0.916151
vt 0.319607 0.916151
vt 0.319607 0.936182
vt 0.327553 0.920071
vt 0.936642 0.549738
vt 0.936642 0.569768
vt 0.928696 0.565848
vt 0.672655 0.943750
vt 0.672598 0.925757
vt 0.680423 0.925757
vt 0.111673 0.943283
vt 0.119441 0.925291
vt 0.119499 0.943283
vt 0.740251 0.866472
vt 0.727539 0.879206
vt 0.740251 0.891896
vt 0.753203 0.931342
vt 0.760001 0.949335
vt 0.753197 0.949335
vt 0.343587 0.934874
vt 0.335552 0.918776
vt 0.343587 0.914764
vt 0.637351 0.851198
vt 0.646332 0.833205
vt 0.646332 0.851198
vt 0.219987 0.915361
vt 0.219987 0.935465
vt 0.211968 0.931468
vt 0.166944 0.915004
vt 0.174963 0.919001
vt 0.166944 0.935108
vt 0.001998 0.865645
vt 0.014710 0.878335
vt 0.001998 0.891069
vt 0.868278 0.408833
vt 0.886241 0.408832
vt 0.886241 0.426825
vt 0.467132 0.875754
vt 0.485094 0.893747
vt 0.467131 0.893747
vt 0.552731 0.882567
vt 0.546866 0.883720
vt 0.552731 0.913075
vt 0.928945 0.031933
vt 0.928945 0.001998
vt 0.922967 0.031914
vt 0.435755 0.987530
vt 0.435000 0.981611
vt 0.435755 0.981515
vt 0.439751 0.987483
vt 0.439751 0.981515
vt 0.440511 0.985406
vt 0.982464 0.722583
vt 0.981703 0.722583
vt 0.981703 0.724660
vt 0.449889 0.981515
vt 0.449889 0.985479
vt 0.448766 0.983292
vt 0.982464 0.746500
vt 0.981703 0.748460
vt 0.981703 0.746500
vt 0.634628 0.983767
vt 0.636559 0.981514
vt 0.636559 0.982246
vt 0.640555 0.983767
vt 0.640555 0.981514
vt 0.642486 0.981514
vt 0.517099 0.981515
vt 0.517099 0.984481
vt 0.518565 0.982771
vt 0.982179 0.245202
vt 0.981703 0.245757
vt 0.982179 0.248169
vt 0.453884 0.981514
vt 0.455007 0.983292
vt 0.453884 0.985479
vt 0.444507 0.987530
vt 0.444507 0.981515
vt 0.444770 0.983575
vt 0.231012 0.993531
vt 0.231012 0.981515
vt 0.231742 0.993486
vt 0.982463 0.754416
vt 0.981703 0.752456
vt 0.981703 0.754416
vt 0.205447 0.993533
vt 0.205447 0.981515
vt 0.206206 0.993485
vt 0.226256 0.993509
vt 0.226256 0.981515
vt 0.227016 0.981515
vt 0.210202 0.993533
vt 0.210202 0.981514
vt 0.210961 0.993484
vt 0.215716 0.993533
vt 0.214957 0.981563
vt 0.215716 0.981515
vt 0.235738 0.993509
vt 0.235738 0.981514
vt 0.236470 0.981514
vt 0.604778 0.959943
vt 0.607791 0.937475
vt 0.607791 0.959943
vt 0.378112 0.981514
vt 0.376099 0.982527
vt 0.378112 0.986525
vt 0.098198 0.998002
vt 0.098198 0.981515
vt 0.098751 0.986021
vt 0.308430 0.981515
vt 0.309191 0.985990
vt 0.306178 0.985990
vt 0.451737 0.456064
vt 0.450976 0.462061
vt 0.450976 0.439594
vt 0.243287 0.987921
vt 0.243287 0.981515
vt 0.240466 0.986861
vt 0.292922 0.981515
vt 0.292922 0.987512
vt 0.295175 0.987512
vt 0.960520 0.216772
vt 0.957506 0.239237
vt 0.957506 0.216772
vt 0.614310 0.960846
vt 0.614310 0.938381
vt 0.617323 0.938381
vt 0.053502 0.875637
vt 0.056515 0.853167
vt 0.053502 0.853167
vt 0.251510 0.937725
vt 0.251512 0.960194
vt 0.248498 0.960194
vt 0.563945 0.959750
vt 0.566959 0.959750
vt 0.566959 0.937281
vt 0.056289 0.593271
vt 0.056903 0.571434
vt 0.056289 0.570820
vt 0.451590 0.466056
vt 0.450976 0.487908
vt 0.451590 0.488522
vt 0.466461 0.647642
vt 0.465865 0.648273
vt 0.466461 0.669502
vt 0.466479 0.621195
vt 0.465865 0.643033
vt 0.466479 0.643646
vt 0.090417 0.694648
vt 0.089820 0.695279
vt 0.090417 0.716494
vt 0.450976 0.518980
vt 0.450976 0.540840
vt 0.451573 0.540209
vt 0.451590 0.493133
vt 0.450976 0.492518
vt 0.450976 0.514984
vt 0.089820 0.690652
vt 0.090417 0.690020
vt 0.089820 0.668805
vt 0.051177 0.981515
vt 0.049131 0.981871
vt 0.051177 0.993680
vt 0.055173 0.981515
vt 0.055173 0.993680
vt 0.057219 0.993324
vt 0.061215 0.993658
vt 0.061215 0.981514
vt 0.063149 0.981829
vt 0.081548 0.993500
vt 0.079588 0.993500
vt 0.079596 0.981515
vt 0.087474 0.993500
vt 0.085544 0.981516
vt 0.087474 0.981515
vt 0.075592 0.993653
vt 0.075592 0.981515
vt 0.073685 0.993348
vt 0.838139 0.216712
vt 0.838139 0.186699
vt 0.853156 0.201715
vt 0.472146 0.244379
vt 0.472146 0.223142
vt 0.493370 0.223157
vt 0.982717 0.126470
vt 0.982717 0.129396
vt 0.981703 0.129402
vt 0.983171 0.521506
vt 0.981703 0.521528
vt 0.981703 0.520039
vt 0.981703 0.326576
vt 0.981703 0.324501
vt 0.982727 0.325553
vt 0.981703 0.367002
vt 0.982727 0.368053
vt 0.981703 0.369077
vt 0.981703 0.536492
vt 0.983170 0.537960
vt 0.981703 0.537982
vt 0.697507 0.981514
vt 0.697507 0.984633
vt 0.696510 0.984265
vt 0.711489 0.981514
vt 0.711489 0.984633
vt 0.712487 0.981882
vt 0.981703 0.332648
vt 0.981703 0.330572
vt 0.982727 0.331625
vt 0.882512 0.981515
vt 0.882512 0.984617
vt 0.881555 0.981852
vt 0.676522 0.981515
vt 0.677526 0.984263
vt 0.676522 0.984629
vt 0.682526 0.981515
vt 0.682526 0.984629
vt 0.681522 0.981881
vt 0.661514 0.981515
vt 0.662521 0.981884
vt 0.661514 0.984631
vt 0.672526 0.981514
vt 0.672526 0.984631
vt 0.671520 0.984261
vt 0.982727 0.356934
vt 0.981703 0.355911
vt 0.982727 0.354859
vt 0.957896 0.981515
vt 0.956845 0.984440
vt 0.957896 0.984440
vt 0.981703 0.640258
vt 0.983149 0.641706
vt 0.983150 0.640258
vt 0.981745 0.585698
vt 0.983171 0.587166
vt 0.981703 0.587166
vt 0.822452 0.981515
vt 0.821479 0.984274
vt 0.822452 0.984623
vt 0.826448 0.981515
vt 0.827421 0.981864
vt 0.826448 0.984623
vt 0.982717 0.140325
vt 0.982717 0.143251
vt 0.981703 0.143256
vt 0.872607 0.981515
vt 0.872607 0.984617
vt 0.871650 0.981852
vt 0.982727 0.373073
vt 0.982727 0.375149
vt 0.981703 0.374126
vt 0.962942 0.981515
vt 0.961891 0.981515
vt 0.961892 0.984440
vt 0.667524 0.981514
vt 0.666517 0.984261
vt 0.667524 0.984631
vt 0.656511 0.981515
vt 0.656511 0.984631
vt 0.657518 0.981884
vt 0.981703 0.581702
vt 0.981703 0.580234
vt 0.983170 0.580276
vt 0.981703 0.469933
vt 0.981703 0.467887
vt 0.982727 0.468910
vt 0.981703 0.360930
vt 0.982727 0.361982
vt 0.981703 0.363006
vt 0.766614 0.981514
vt 0.766614 0.984621
vt 0.767597 0.981865
vt 0.702500 0.981514
vt 0.701503 0.984265
vt 0.702500 0.984633
vt 0.706496 0.981514
vt 0.706496 0.984633
vt 0.707493 0.981882
vt 0.982717 0.133397
vt 0.981703 0.136329
vt 0.982717 0.136323
vt 0.877559 0.981514
vt 0.876603 0.981852
vt 0.877559 0.984616
vt 0.927577 0.981515
vt 0.926508 0.984440
vt 0.927577 0.984440
vt 0.932641 0.981515
vt 0.931573 0.984440
vt 0.931573 0.981515
vt 0.837359 0.981515
vt 0.836386 0.984274
vt 0.837359 0.984623
vt 0.966938 0.981515
vt 0.966938 0.984440
vt 0.967981 0.984440
vt 0.981704 0.625374
vt 0.981703 0.623926
vt 0.983150 0.623926
vt 0.981703 0.619929
vt 0.983150 0.618483
vt 0.983150 0.619930
vt 0.982727 0.473929
vt 0.982727 0.475975
vt 0.981703 0.474953
vt 0.981703 0.634814
vt 0.983150 0.634814
vt 0.983149 0.636262
vt 0.831417 0.981515
vt 0.832390 0.981864
vt 0.831417 0.984623
vt 0.981703 0.527012
vt 0.981703 0.525524
vt 0.983171 0.525545
vt 0.982717 0.147252
vt 0.982717 0.150178
vt 0.981703 0.150184
vt 0.887464 0.981515
vt 0.887464 0.984616
vt 0.886508 0.981852
vt 0.982742 0.029684
vt 0.981703 0.032610
vt 0.982742 0.032610
vt 0.982742 0.036606
vt 0.981703 0.039532
vt 0.981703 0.036606
vt 0.981703 0.008920
vt 0.982746 0.008920
vt 0.982746 0.011845
vt 0.981703 0.015841
vt 0.982746 0.018767
vt 0.981703 0.018767
vt 0.982736 0.091979
vt 0.981703 0.091979
vt 0.981703 0.094905
vt 0.981703 0.338720
vt 0.982727 0.337667
vt 0.981703 0.336644
vt 0.982727 0.379145
vt 0.982727 0.381220
vt 0.981703 0.380198
vt 0.983150 0.531008
vt 0.983172 0.532497
vt 0.981703 0.532497
vt 0.686522 0.981515
vt 0.687520 0.981883
vt 0.686522 0.984633
vt 0.692513 0.981514
vt 0.691516 0.984265
vt 0.692513 0.984633
vt 0.846326 0.981515
vt 0.846326 0.984617
vt 0.847300 0.984273
vt 0.981703 0.591162
vt 0.983171 0.591162
vt 0.983128 0.592630
vt 0.917448 0.981515
vt 0.917448 0.984440
vt 0.916379 0.984440
vt 0.922512 0.981515
vt 0.921444 0.981515
vt 0.921444 0.984440
vt 0.756657 0.981515
vt 0.757640 0.981865
vt 0.756657 0.984621
vt 0.762618 0.981514
vt 0.761636 0.984270
vt 0.762618 0.984621
vt 0.981703 0.344791
vt 0.981703 0.342715
vt 0.982727 0.343739
vt 0.982727 0.350863
vt 0.981703 0.349810
vt 0.982727 0.348787
vt 0.792483 0.981515
vt 0.791504 0.981862
vt 0.792483 0.984619
vt 0.981704 0.629370
vt 0.983150 0.630818
vt 0.981703 0.630818
vt 0.946741 0.981515
vt 0.947797 0.981515
vt 0.947797 0.984440
vt 0.951794 0.981515
vt 0.952849 0.984440
vt 0.951793 0.984440
vt 0.982736 0.064292
vt 0.981703 0.067218
vt 0.981703 0.064292
vt 0.982736 0.071214
vt 0.982736 0.074140
vt 0.981703 0.074140
vt 0.786529 0.981515
vt 0.787508 0.984272
vt 0.786529 0.984619
vt 0.538468 0.981515
vt 0.539689 0.982076
vt 0.538468 0.984735
vt 0.771593 0.981514
vt 0.772576 0.981865
vt 0.771593 0.984621
vt 0.777554 0.981514
vt 0.777554 0.984621
vt 0.776572 0.984270
vt 0.981703 0.271942
vt 0.982726 0.270906
vt 0.981703 0.269856
vt 0.982726 0.278024
vt 0.981703 0.276973
vt 0.982726 0.275938
vt 0.983157 0.607569
vt 0.981703 0.609009
vt 0.983157 0.609036
vt 0.983157 0.602132
vt 0.981703 0.602105
vt 0.981703 0.603573
vt 0.565751 0.981515
vt 0.565751 0.984730
vt 0.564537 0.984176
vt 0.544906 0.981515
vt 0.544906 0.984734
vt 0.543685 0.984173
vt 0.528021 0.981515
vt 0.528021 0.984734
vt 0.529248 0.984170
vt 0.534472 0.981514
vt 0.533244 0.982079
vt 0.534472 0.984734
vt 0.548902 0.981515
vt 0.548902 0.984731
vt 0.550119 0.984175
vt 0.555331 0.981514
vt 0.555331 0.984731
vt 0.554115 0.982070
vt 0.559327 0.981515
vt 0.560541 0.982068
vt 0.559327 0.984730
vt 0.647512 0.981515
vt 0.646482 0.981908
vt 0.647512 0.984646
vt 0.983113 0.647154
vt 0.981703 0.645702
vt 0.983133 0.645702
vt 0.982729 0.494091
vt 0.982729 0.492066
vt 0.981703 0.493094
vt 0.981703 0.479971
vt 0.982716 0.480981
vt 0.981703 0.482023
vt 0.982716 0.486018
vt 0.982716 0.488070
vt 0.981703 0.487060
vt 0.861488 0.981515
vt 0.862573 0.981515
vt 0.862573 0.984440
vt 0.866570 0.981515
vt 0.867654 0.984440
vt 0.866569 0.984440
vt 0.981703 0.554379
vt 0.983171 0.552912
vt 0.981703 0.552911
vt 0.817483 0.981515
vt 0.817483 0.984440
vt 0.816381 0.984446
vt 0.727587 0.981515
vt 0.727587 0.984440
vt 0.726461 0.984440
vt 0.732708 0.981515
vt 0.731583 0.981515
vt 0.731583 0.984440
vt 0.851296 0.981515
vt 0.852396 0.984440
vt 0.852396 0.981515
vt 0.856392 0.981515
vt 0.857492 0.984440
vt 0.856392 0.984440
vt 0.981703 0.548915
vt 0.983170 0.547447
vt 0.983171 0.548915
vt 0.982753 0.098901
vt 0.981703 0.101797
vt 0.982753 0.101797
vt 0.981703 0.563841
vt 0.983170 0.565309
vt 0.983170 0.563840
vt 0.981704 0.558375
vt 0.983170 0.559844
vt 0.981703 0.559844
vt 0.751665 0.981515
vt 0.751665 0.984605
vt 0.752661 0.981885
vt 0.747669 0.981514
vt 0.746673 0.984234
vt 0.747669 0.984605
vt 0.891460 0.981515
vt 0.891460 0.984590
vt 0.892433 0.984242
vt 0.897403 0.981515
vt 0.897403 0.984590
vt 0.896429 0.981862
vt 0.983172 0.543451
vt 0.981703 0.542005
vt 0.983172 0.541978
vt 0.982753 0.105793
vt 0.981704 0.108689
vt 0.981703 0.105793
vt 0.981703 0.112685
vt 0.981703 0.115582
vt 0.982747 0.115582
vt 0.981703 0.119578
vt 0.982747 0.122474
vt 0.982747 0.119578
vt 0.982723 0.387295
vt 0.982723 0.385216
vt 0.981703 0.386277
vt 0.981703 0.259792
vt 0.981703 0.257713
vt 0.982742 0.258754
vt 0.981703 0.413420
vt 0.981703 0.415480
vt 0.982730 0.414429
vt 0.470925 0.981514
vt 0.469615 0.984131
vt 0.470925 0.984786
vt 0.569749 0.981515
vt 0.571179 0.984440
vt 0.569747 0.984440
vt 0.575175 0.981515
vt 0.576607 0.984440
vt 0.576607 0.981515
vt 0.459003 0.981515
vt 0.459003 0.984787
vt 0.460313 0.984131
vt 0.465619 0.981514
vt 0.464309 0.982171
vt 0.465619 0.984787
vt 0.524025 0.981514
vt 0.522561 0.984440
vt 0.524025 0.984440
vt 0.481536 0.981514
vt 0.480227 0.982169
vt 0.481536 0.984786
vt 0.580603 0.981515
vt 0.580603 0.984440
vt 0.582029 0.984440
vt 0.474921 0.981515
vt 0.476231 0.982170
vt 0.474921 0.984786
vt 0.981703 0.263788
vt 0.982744 0.264843
vt 0.981703 0.265860
vt 0.982718 0.437635
vt 0.982718 0.439707
vt 0.981703 0.438666
vt 0.981725 0.598109
vt 0.981703 0.596626
vt 0.983149 0.596626
vt 0.981703 0.445759
vt 0.981703 0.443703
vt 0.982731 0.444732
vt 0.586025 0.981515
vt 0.587451 0.981515
vt 0.587451 0.984440
vt 0.981703 0.425530
vt 0.982731 0.426557
vt 0.981703 0.427587
vt 0.609058 0.981515
vt 0.607659 0.984440
vt 0.609058 0.984440
vt 0.513104 0.981514
vt 0.513104 0.984757
vt 0.511842 0.982118
vt 0.592855 0.981515
vt 0.592855 0.984440
vt 0.591447 0.984438
vt 0.486801 0.981514
vt 0.486801 0.984759
vt 0.485532 0.982123
vt 0.502584 0.981515
vt 0.501319 0.984152
vt 0.502584 0.984759
vt 0.506580 0.981515
vt 0.507846 0.982121
vt 0.506580 0.984759
vt 0.614452 0.981515
vt 0.613054 0.981515
vt 0.613054 0.984440
vt 0.982731 0.419476
vt 0.982731 0.421534
vt 0.981703 0.420506
vt 0.982731 0.433639
vt 0.981703 0.432610
vt 0.982731 0.431583
vt 0.981703 0.614487
vt 0.983156 0.613032
vt 0.983156 0.614487
vt 0.629235 0.981515
vt 0.630632 0.981515
vt 0.630632 0.984440
vt 0.623842 0.981515
vt 0.623842 0.984440
vt 0.625239 0.984440
vt 0.619847 0.981515
vt 0.619847 0.984440
vt 0.618448 0.984440
vt 0.982726 0.290140
vt 0.981703 0.289116
vt 0.982726 0.288064
vt 0.598259 0.981515
vt 0.596855 0.984440
vt 0.596851 0.981515
vt 0.603663 0.981515
vt 0.603663 0.984440
vt 0.602255 0.984438
vt 0.490797 0.981514
vt 0.492062 0.982121
vt 0.490797 0.984759
vt 0.497323 0.981514
vt 0.497323 0.984759
vt 0.496058 0.984152
vt 0.981703 0.449755
vt 0.982726 0.450779
vt 0.981703 0.451803
vt 0.983171 0.570773
vt 0.983171 0.569305
vt 0.981703 0.569345
vt 0.982720 0.043528
vt 0.981703 0.046453
vt 0.982737 0.046453
vt 0.981703 0.296213
vt 0.982726 0.295190
vt 0.981703 0.294136
vt 0.901399 0.981515
vt 0.901399 0.984605
vt 0.902359 0.981842
vt 0.907315 0.981515
vt 0.906355 0.984278
vt 0.907315 0.984605
vt 0.651508 0.981515
vt 0.652515 0.984261
vt 0.651508 0.984631
vt 0.912383 0.981515
vt 0.911311 0.984440
vt 0.911311 0.981515
vt 0.982737 0.050449
vt 0.981703 0.050449
vt 0.981719 0.053375
vt 0.981703 0.057371
vt 0.982737 0.057371
vt 0.982737 0.060296
vt 0.736704 0.981515
vt 0.736704 0.984623
vt 0.737693 0.981870
vt 0.742677 0.981514
vt 0.741689 0.984268
vt 0.742677 0.984623
vt 0.983171 0.576197
vt 0.981703 0.574769
vt 0.981703 0.576238
vt 0.982726 0.455799
vt 0.981703 0.456823
vt 0.982726 0.457847
vt 0.981703 0.302286
vt 0.981703 0.300209
vt 0.982726 0.301234
vt 0.982726 0.308359
vt 0.981703 0.307305
vt 0.982726 0.306282
vt 0.797459 0.981514
vt 0.796479 0.984271
vt 0.797459 0.984619
vt 0.842330 0.981515
vt 0.842330 0.984617
vt 0.841355 0.984273
vt 0.982746 0.022763
vt 0.981703 0.025689
vt 0.982746 0.025689
vt 0.782533 0.981514
vt 0.782533 0.984621
vt 0.781550 0.981865
vt 0.717476 0.981514
vt 0.716483 0.981873
vt 0.717476 0.984625
vt 0.937693 0.981515
vt 0.936637 0.984441
vt 0.937693 0.984440
vt 0.801455 0.981515
vt 0.801455 0.984619
vt 0.802434 0.981862
vt 0.973020 0.981515
vt 0.971977 0.984440
vt 0.971977 0.981515
vt 0.981703 0.282020
vt 0.982755 0.283044
vt 0.981703 0.284068
vt 0.982726 0.461843
vt 0.981703 0.462867
vt 0.982726 0.463891
vt 0.982726 0.314432
vt 0.982726 0.312355
vt 0.981703 0.313378
vt 0.981703 0.320505
vt 0.982726 0.319452
vt 0.981703 0.318428
vt 0.981703 0.085057
vt 0.982736 0.087983
vt 0.982736 0.085057
vt 0.981703 0.078136
vt 0.981703 0.081061
vt 0.982736 0.081061
vt 0.807409 0.981515
vt 0.806430 0.984271
vt 0.807409 0.984619
vt 0.982746 0.001998
vt 0.981703 0.004924
vt 0.982746 0.004924
vt 0.942745 0.981515
vt 0.942745 0.984440
vt 0.941689 0.984441
vt 0.722465 0.981515
vt 0.722465 0.984625
vt 0.721472 0.981873
vt 0.811405 0.981515
vt 0.812385 0.981862
vt 0.811405 0.984619
vt 0.982591 0.669311
vt 0.982591 0.671368
vt 0.981703 0.670858
vt 0.982591 0.675364
vt 0.982591 0.677421
vt 0.981703 0.676912
vt 0.981703 0.683475
vt 0.981703 0.681417
vt 0.982591 0.682965
vt 0.981703 0.710864
vt 0.982727 0.712648
vt 0.981703 0.712648
vt 0.982727 0.705083
vt 0.981703 0.706868
vt 0.981703 0.705083
vt 0.982558 0.740644
vt 0.981703 0.741940
vt 0.982558 0.742504
vt 0.981703 0.665315
vt 0.981703 0.663257
vt 0.982591 0.664805
vt 0.981703 0.653208
vt 0.981703 0.651150
vt 0.982591 0.652698
vt 0.981703 0.659261
vt 0.981703 0.657204
vt 0.982591 0.658752
vt 0.982727 0.701087
vt 0.981703 0.699303
vt 0.982727 0.699303
vt 0.981703 0.718587
vt 0.981703 0.716644
vt 0.982573 0.718047
vt 0.982558 0.734787
vt 0.981703 0.736084
vt 0.982558 0.736648
vt 0.981703 0.827449
vt 0.981703 0.825714
vt 0.982530 0.826845
vt 0.982727 0.693522
vt 0.981703 0.695307
vt 0.981703 0.693522
vt 0.981703 0.689526
vt 0.982591 0.689016
vt 0.981703 0.687470
vt 0.471009 0.611048
vt 0.540252 0.557178
vt 0.540252 0.630244
vt 0.513376 0.707306
vt 0.513376 0.634240
vt 0.532138 0.639441
vt 0.482400 0.538779
vt 0.455982 0.470685
vt 0.482400 0.451048
vt 0.590844 0.641885
vt 0.610314 0.641899
vt 0.590844 0.712295
vt 0.943240 0.672917
vt 0.947745 0.646849
vt 0.947745 0.672917
vt 0.943342 0.459017
vt 0.943342 0.432949
vt 0.947847 0.432949
vt 0.331413 0.871960
vt 0.326946 0.836317
vt 0.331413 0.835760
vt 0.744247 0.902394
vt 0.748723 0.866472
vt 0.748749 0.902394
vt 0.944623 0.277316
vt 0.940183 0.251629
vt 0.944623 0.250862
vt 0.940565 0.359030
vt 0.940565 0.332576
vt 0.945004 0.358263
vt 0.001998 0.687632
vt 0.001998 0.752940
vt 0.021640 0.726495
vt 0.415108 0.621195
vt 0.433914 0.690605
vt 0.415108 0.695702
vt 0.589907 0.356341
vt 0.628847 0.408769
vt 0.589907 0.428252
vt 0.584613 0.608506
vt 0.584613 0.683013
vt 0.575990 0.651188
vt 0.490493 0.673179
vt 0.471009 0.706153
vt 0.471009 0.634240
vt 0.772681 0.781128
vt 0.753197 0.814102
vt 0.772681 0.814101
vt 0.094954 0.738583
vt 0.121929 0.738583
vt 0.121929 0.693644
vt 0.507905 0.780103
vt 0.507905 0.727690
vt 0.494489 0.757752
vt 0.672600 0.401978
vt 0.691471 0.339076
vt 0.691471 0.428953
vt 0.532265 0.038821
vt 0.539426 0.001998
vt 0.506505 0.001998
vt 0.075134 0.367037
vt 0.075134 0.394012
vt 0.101202 0.394012
vt 0.066612 0.566824
vt 0.066612 0.501152
vt 0.056289 0.532412
vt 0.020973 0.867789
vt 0.020973 0.833030
vt 0.030530 0.839395
vt 0.279642 0.601835
vt 0.350051 0.529921
vt 0.350051 0.601835
vt 0.396133 0.617199
vt 0.466542 0.545285
vt 0.396133 0.545285
vt 0.489937 0.452530
vt 0.540252 0.501800
vt 0.489937 0.553182
vt 0.145269 0.491067
vt 0.145269 0.591719
vt 0.094955 0.542448
vt 0.866068 0.955549
vt 0.864364 0.940666
vt 0.866068 0.929310
vt 0.952964 0.102186
vt 0.955948 0.102186
vt 0.955948 0.076118
vt 0.607358 0.138902
vt 0.652297 0.138902
vt 0.652297 0.228769
vt 0.952846 0.141149
vt 0.955830 0.141149
vt 0.952846 0.115081
vt 0.253641 0.877127
vt 0.255345 0.862245
vt 0.253641 0.850889
vt 0.381025 0.672765
vt 0.392114 0.705708
vt 0.392114 0.669780
vt 0.590845 0.432949
vt 0.631038 0.513321
vt 0.590845 0.533421
vt 0.631038 0.537417
vt 0.631038 0.637889
vt 0.590845 0.557517
vt 0.652297 0.134906
vt 0.652297 0.045038
vt 0.607358 0.045038
vt 0.271313 0.501718
vt 0.271313 0.602203
vt 0.231120 0.582103
vt 0.589907 0.251861
vt 0.589907 0.352345
vt 0.630099 0.271960
vt 0.446980 0.439594
vt 0.446980 0.541289
vt 0.396133 0.490436
vt 0.351548 0.454011
vt 0.351548 0.525925
vt 0.279642 0.525925
vt 0.001998 0.501152
vt 0.052293 0.552553
vt 0.001998 0.601767
vt 0.227124 0.501718
vt 0.227124 0.602333
vt 0.176829 0.550932
vt 0.065527 0.394456
vt 0.001998 0.330977
vt 0.065527 0.267400
vt 0.451985 0.341738
vt 0.451986 0.251861
vt 0.362177 0.251861
vt 0.451917 0.345734
vt 0.451982 0.435598
vt 0.362177 0.435598
vt 0.172833 0.267400
vt 0.109288 0.330857
vt 0.172833 0.394398
vt 0.790758 0.917578
vt 0.787774 0.947268
vt 0.790758 0.947689
vt 0.536134 0.679408
vt 0.539147 0.679408
vt 0.537830 0.634240
vt 0.669533 0.299892
vt 0.666521 0.254805
vt 0.669533 0.254692
vt 0.249756 0.987267
vt 0.247283 0.983184
vt 0.249756 0.981515
vt 0.273301 0.987049
vt 0.275897 0.985520
vt 0.273301 0.981515
vt 0.141451 0.755477
vt 0.138789 0.716832
vt 0.144435 0.755477
vt 0.358168 0.819541
vt 0.358168 0.858601
vt 0.355186 0.858163
vt 0.466148 0.805306
vt 0.466148 0.759940
vt 0.463176 0.760217
vt 0.299109 0.831792
vt 0.299109 0.786425
vt 0.302080 0.831515
vt 0.253752 0.987267
vt 0.256226 0.985598
vt 0.253752 0.981514
vt 0.931672 0.939659
vt 0.936879 0.952093
vt 0.931672 0.954638
vt 0.066059 0.475006
vt 0.066059 0.438890
vt 0.068957 0.474295
vt 0.939346 0.469065
vt 0.936447 0.433660
vt 0.939346 0.432949
vt 0.953281 0.310474
vt 0.953281 0.285464
vt 0.956215 0.309786
vt 0.074092 0.956252
vt 0.071186 0.931923
vt 0.074092 0.931243
vt 0.808052 0.040991
vt 0.823032 0.040991
vt 0.819140 0.001998
vt 0.819787 0.646849
vt 0.808699 0.685842
vt 0.823678 0.685842
vt 0.827028 0.001998
vt 0.827028 0.039594
vt 0.840792 0.033684
vt 0.794899 0.942359
vt 0.800106 0.954794
vt 0.800106 0.939814
vt 0.918499 0.319731
vt 0.925431 0.328362
vt 0.925431 0.313382
vt 0.078109 0.932761
vt 0.085042 0.941392
vt 0.078109 0.947741
vt 0.974869 0.958445
vt 0.977707 0.972723
vt 0.974869 0.973425
vt 0.974764 0.251564
vt 0.977601 0.250862
vt 0.977601 0.265841
vt 0.415108 0.843193
vt 0.430088 0.843193
vt 0.429941 0.808646
vt 0.863054 0.432949
vt 0.849785 0.439900
vt 0.863054 0.464915
vt 0.269809 0.948009
vt 0.269809 0.962988
vt 0.274343 0.961584
vt 0.378258 0.950114
vt 0.378573 0.964423
vt 0.383005 0.950114
vt 0.855758 0.557938
vt 0.849516 0.571555
vt 0.862645 0.571555
vt 0.888685 0.556533
vt 0.888685 0.571792
vt 0.900401 0.562458
vt 0.775853 0.962588
vt 0.776396 0.977375
vt 0.778786 0.962588
vt 0.004929 0.962606
vt 0.001998 0.977296
vt 0.004929 0.977403
vt 0.154938 0.962331
vt 0.154938 0.977129
vt 0.157869 0.962439
vt 0.851012 0.378138
vt 0.851012 0.410104
vt 0.864282 0.403153
vt 0.909510 0.556533
vt 0.909510 0.571785
vt 0.904397 0.570612
vt 0.511228 0.940782
vt 0.516435 0.940138
vt 0.516435 0.955118
vt 0.094275 0.893679
vt 0.107678 0.906572
vt 0.094275 0.913263
vt 0.511228 0.909133
vt 0.525342 0.895556
vt 0.525342 0.914153
vt 0.012886 0.962606
vt 0.013429 0.977394
vt 0.010496 0.977394
vt 0.813947 0.880088
vt 0.822958 0.856662
vt 0.828926 0.880088
vt 0.857152 0.185747
vt 0.857152 0.216712
vt 0.870199 0.209352
vt 0.375224 0.843064
vt 0.375224 0.874030
vt 0.362177 0.850424
vt 0.852245 0.332576
vt 0.852245 0.365572
vt 0.838527 0.338593
vt 0.815208 0.819670
vt 0.828926 0.846649
vt 0.815208 0.852666
vt 0.249645 0.850889
vt 0.235802 0.856612
vt 0.249645 0.878379
vt 0.034754 0.878964
vt 0.034754 0.853167
vt 0.049506 0.855767
vt 0.787806 0.831013
vt 0.775853 0.860036
vt 0.790832 0.860036
vt 0.446921 0.857150
vt 0.452890 0.880576
vt 0.437910 0.880576
vt 0.291758 0.860808
vt 0.291758 0.886511
vt 0.278429 0.867644
vt 0.148118 0.885700
vt 0.162948 0.864708
vt 0.148118 0.862600
vt 0.727539 0.831689
vt 0.727539 0.862476
vt 0.741464 0.856955
vt 0.001998 0.861649
vt 0.013347 0.833030
vt 0.016977 0.861649
vt 0.094954 0.860241
vt 0.106908 0.831218
vt 0.109934 0.860241
vt 0.278429 0.856812
vt 0.291392 0.827368
vt 0.293379 0.856812
vt 0.335552 0.878779
vt 0.347635 0.853496
vt 0.350531 0.878779
vt 0.662411 0.854010
vt 0.650328 0.879293
vt 0.665308 0.879293
vt 0.188589 0.876475
vt 0.203472 0.852133
vt 0.188589 0.850430
vt 0.259364 0.876752
vt 0.274344 0.876752
vt 0.271383 0.850875
vt 0.505148 0.825593
vt 0.491242 0.831164
vt 0.505148 0.857604
vt 0.849843 0.610820
vt 0.852888 0.640535
vt 0.837938 0.640535
vt 0.470143 0.871758
vt 0.483016 0.844722
vt 0.485094 0.871758
vt 0.149265 0.826432
vt 0.149265 0.858604
vt 0.162948 0.852579
vt 0.497366 0.246767
vt 0.497366 0.223142
vt 0.512262 0.224415
vt 0.516258 0.246681
vt 0.529195 0.223142
vt 0.531208 0.246681
vt 0.672598 0.900281
vt 0.686934 0.879042
vt 0.687548 0.900281
vt 0.126998 0.899750
vt 0.141942 0.878935
vt 0.126998 0.878502
vt 0.868570 0.151924
vt 0.870647 0.178960
vt 0.855696 0.178960
vt 0.442177 0.938875
vt 0.437910 0.953234
vt 0.442177 0.957157
vt 0.853798 0.601460
vt 0.868421 0.575872
vt 0.868421 0.604569
vt 0.852158 0.220708
vt 0.866425 0.245614
vt 0.852158 0.250180
vt 0.001998 0.923541
vt 0.011829 0.927750
vt 0.001998 0.939052
vt 0.362177 0.924274
vt 0.362177 0.939254
vt 0.372358 0.935977
vt 0.828333 0.432949
vt 0.828333 0.476274
vt 0.814849 0.439474
vt 0.211968 0.782859
vt 0.225452 0.819660
vt 0.211968 0.826184
vt 0.816791 0.734457
vt 0.830514 0.766168
vt 0.816791 0.772175
vt 0.223983 0.938970
vt 0.223983 0.957252
vt 0.228250 0.942893
vt 0.952836 0.370544
vt 0.952836 0.392971
vt 0.948205 0.384789
vt 0.947530 0.403455
vt 0.952162 0.411636
vt 0.947530 0.425882
vt 0.976993 0.149085
vt 0.974325 0.163826
vt 0.976993 0.165022
vt 0.974422 0.367976
vt 0.974422 0.383912
vt 0.977089 0.369172
vt 0.832094 0.690052
vt 0.818372 0.696059
vt 0.832094 0.727770
vt 0.862729 0.521835
vt 0.862729 0.553942
vt 0.849516 0.528892
vt 0.775853 0.941592
vt 0.779849 0.944155
vt 0.775853 0.958592
vt 0.282425 0.942121
vt 0.278429 0.956558
vt 0.282425 0.959121
vt 0.053852 0.911712
vt 0.046301 0.924649
vt 0.053852 0.935392
vt 0.034754 0.911712
vt 0.034754 0.935392
vt 0.042305 0.922455
vt 0.974007 0.551667
vt 0.976768 0.552661
vt 0.974007 0.567384
vt 0.976876 0.001998
vt 0.976876 0.017715
vt 0.974115 0.016721
vt 0.973994 0.400308
vt 0.973994 0.416025
vt 0.976755 0.401302
vt 0.849592 0.480270
vt 0.849592 0.512377
vt 0.862805 0.505320
vt 0.049258 0.939388
vt 0.044521 0.953598
vt 0.049258 0.955856
vt 0.211968 0.939461
vt 0.211968 0.955929
vt 0.216705 0.941719
vt 0.903138 0.375103
vt 0.912679 0.391070
vt 0.903138 0.402618
vt 0.912949 0.734457
vt 0.912949 0.761971
vt 0.903408 0.746005
vt 0.976876 0.021711
vt 0.976876 0.037428
vt 0.974115 0.036434
vt 0.452369 0.884572
vt 0.452369 0.909913
vt 0.463088 0.899449
vt 0.874219 0.001998
vt 0.874219 0.032924
vt 0.861153 0.009324
vt 0.590583 0.843402
vt 0.603648 0.867002
vt 0.590583 0.874328
vt 0.869700 0.610820
vt 0.869700 0.642351
vt 0.856884 0.618576
vt 0.856241 0.332576
vt 0.869056 0.356350
vt 0.856241 0.364106
vt 0.695467 0.421166
vt 0.708263 0.428953
vt 0.708263 0.313410
vt 0.913650 0.690052
vt 0.913650 0.715393
vt 0.902931 0.700516
vt 0.805762 0.882448
vt 0.805762 0.908535
vt 0.794900 0.892763
vt 0.068579 0.904595
vt 0.059210 0.916283
vt 0.068579 0.927247
vt 0.870350 0.904824
vt 0.879719 0.915788
vt 0.870350 0.927476
vt 0.841815 0.910697
vt 0.841815 0.932657
vt 0.832922 0.922752
vt 0.924278 0.480270
vt 0.924278 0.502230
vt 0.933171 0.490175
vt 0.901859 0.845500
vt 0.912637 0.860540
vt 0.901859 0.870944
vt 0.913004 0.043709
vt 0.902226 0.054113
vt 0.913004 0.069154
vt 0.889104 0.610820
vt 0.900287 0.628030
vt 0.889104 0.637997
vt 0.532008 0.882567
vt 0.532008 0.908654
vt 0.542870 0.898339
vt 0.851381 0.901637
vt 0.861118 0.913931
vt 0.851381 0.925314
vt 0.925698 0.250862
vt 0.915962 0.262245
vt 0.925698 0.274539
vt 0.848162 0.257551
vt 0.848162 0.281458
vt 0.838278 0.268807
vt 0.913995 0.521835
vt 0.913995 0.545742
vt 0.923879 0.534486
vt 0.899644 0.332576
vt 0.899644 0.359752
vt 0.888461 0.342542
vt 0.889249 0.879935
vt 0.900116 0.896207
vt 0.889249 0.906474
vt 0.030530 0.871785
vt 0.019253 0.881644
vt 0.030530 0.899078
vt 0.887818 0.575872
vt 0.899095 0.593305
vt 0.887818 0.603165
vt 0.926992 0.690052
vt 0.917646 0.701721
vt 0.926992 0.713329
vt 0.917000 0.043709
vt 0.926364 0.055294
vt 0.917000 0.066986
vt 0.928389 0.332576
vt 0.928389 0.355574
vt 0.919217 0.344382
vt 0.918939 0.185747
vt 0.928111 0.196938
vt 0.918939 0.208745
vt 0.267437 0.911658
vt 0.267437 0.934512
vt 0.259364 0.924276
vt 0.843789 0.880162
vt 0.843789 0.906701
vt 0.832922 0.890430
vt 0.882171 0.690052
vt 0.871035 0.700071
vt 0.882171 0.721795
vt 0.871808 0.043709
vt 0.871808 0.075452
vt 0.882922 0.065452
vt 0.924284 0.403455
vt 0.932357 0.413690
vt 0.924284 0.426308
vt 0.166944 0.961643
vt 0.169958 0.961643
vt 0.169958 0.976622
vt 0.097230 0.961111
vt 0.097230 0.976391
vt 0.094275 0.975796
vt 0.690897 0.961960
vt 0.693881 0.961960
vt 0.693881 0.976940
vt 0.147957 0.961985
vt 0.150942 0.976964
vt 0.147957 0.976964
vt 0.814376 0.690052
vt 0.797630 0.707189
vt 0.814376 0.727727
vt 0.583489 0.751483
vt 0.580084 0.781247
vt 0.556986 0.751483
vt 0.946237 0.520852
vt 0.949251 0.517224
vt 0.949251 0.547183
vt 0.394587 0.985142
vt 0.394587 0.981514
vt 0.397600 0.981514
vt 0.335552 0.819541
vt 0.351190 0.846897
vt 0.335552 0.849500
vt 0.949802 0.738084
vt 0.946818 0.764416
vt 0.946818 0.734457
vt 0.417044 0.985142
vt 0.417044 0.981514
vt 0.414060 0.981515
vt 0.543422 0.037907
vt 0.543422 0.001998
vt 0.573144 0.005757
vt 0.581363 0.703703
vt 0.581363 0.747487
vt 0.556986 0.721120
vt 0.153346 0.792756
vt 0.169027 0.822436
vt 0.149265 0.822436
vt 0.532008 0.789897
vt 0.551769 0.789897
vt 0.547689 0.819577
vt 0.900876 0.521835
vt 0.909999 0.548865
vt 0.900876 0.551794
vt 0.034754 0.819619
vt 0.045687 0.849172
vt 0.050608 0.819619
vt 0.911095 0.811545
vt 0.911862 0.840271
vt 0.902588 0.840271
vt 0.902692 0.250862
vt 0.911966 0.250862
vt 0.903459 0.279588
vt 0.577614 0.787902
vt 0.586318 0.785243
vt 0.586318 0.815201
vt 0.912191 0.575872
vt 0.903091 0.604415
vt 0.912191 0.604525
vt 0.901286 0.115081
vt 0.910868 0.115224
vt 0.901286 0.143609
vt 0.391381 0.812148
vt 0.408039 0.809455
vt 0.408039 0.839414
vt 0.898496 0.081126
vt 0.901506 0.110198
vt 0.891262 0.110198
vt 0.889429 0.216772
vt 0.889429 0.245999
vt 0.899619 0.217826
vt 0.379220 0.843064
vt 0.386720 0.870196
vt 0.379220 0.873023
vt 0.578931 0.824590
vt 0.586431 0.851722
vt 0.586431 0.821763
vt 0.896390 0.646849
vt 0.906332 0.647460
vt 0.896390 0.675722
vt 0.904624 0.480270
vt 0.896434 0.509088
vt 0.906394 0.509088
vt 0.755364 0.818097
vt 0.769119 0.847978
vt 0.753197 0.847978
vt 0.474925 0.811151
vt 0.487017 0.840726
vt 0.470143 0.840726
vt 0.003858 0.799132
vt 0.001998 0.829034
vt 0.021366 0.829034
vt 0.815163 0.332576
vt 0.832671 0.362477
vt 0.834531 0.332576
vt 0.214451 0.830180
vt 0.226508 0.860037
vt 0.211968 0.860037
vt 0.307597 0.830332
vt 0.322137 0.830332
vt 0.319654 0.860188
vt 0.832922 0.812174
vt 0.847385 0.818832
vt 0.832922 0.845068
vt 0.709523 0.838282
vt 0.703886 0.867706
vt 0.718111 0.867706
vt 0.815405 0.115081
vt 0.832930 0.122576
vt 0.815405 0.146874
vt 0.710445 0.805054
vt 0.722947 0.834286
vt 0.703886 0.834286
vt 0.815405 0.045038
vt 0.833317 0.053115
vt 0.815405 0.077130
vt 0.815405 0.081126
vt 0.815405 0.111085
vt 0.834592 0.106851
vt 0.866310 0.776171
vt 0.851926 0.802451
vt 0.866310 0.805500
vt 0.851381 0.812174
vt 0.865765 0.815224
vt 0.851381 0.841504
vt 0.886173 0.001998
vt 0.878215 0.030881
vt 0.889683 0.030881
vt 0.853069 0.692728
vt 0.867039 0.720011
vt 0.867039 0.690052
vt 0.362177 0.809379
vt 0.375771 0.839069
vt 0.379779 0.809379
vt 0.606586 0.806753
vt 0.590583 0.832079
vt 0.606586 0.839406
vt 0.672598 0.814695
vt 0.688977 0.814695
vt 0.684332 0.844292
vt 0.203816 0.814596
vt 0.188590 0.840397
vt 0.203816 0.846434
vt 0.511228 0.862677
vt 0.522696 0.862677
vt 0.514738 0.891560
vt 0.750046 0.381850
vt 0.750046 0.427129
vt 0.769566 0.404402
vt 0.851099 0.150870
vt 0.836324 0.176933
vt 0.851099 0.181977
vt 0.836926 0.115081
vt 0.836926 0.146188
vt 0.851701 0.120125
vt 0.513376 0.755942
vt 0.537222 0.783209
vt 0.513376 0.785901
vt 0.763081 0.001998
vt 0.782803 0.015670
vt 0.763081 0.038222
vt 0.411112 0.716239
vt 0.391381 0.738783
vt 0.411112 0.761612
vt 0.590583 0.716291
vt 0.590583 0.761665
vt 0.610314 0.739120
vt 0.692218 0.735662
vt 0.672598 0.758303
vt 0.692218 0.776698
vt 0.769566 0.332576
vt 0.750046 0.355302
vt 0.769566 0.377854
vt 0.275646 0.454011
vt 0.258804 0.478789
vt 0.275646 0.495578
vt 0.773562 0.332576
vt 0.790404 0.349365
vt 0.773562 0.374142
vt 0.114577 0.742579
vt 0.094954 0.765217
vt 0.114577 0.783465
vt 0.437910 0.743296
vt 0.457533 0.761544
vt 0.437910 0.784182
vt 0.753197 0.736096
vt 0.753197 0.777132
vt 0.772817 0.754491
vt 0.302368 0.860808
vt 0.302368 0.894585
vt 0.295754 0.890028
vt 0.614310 0.784270
vt 0.614310 0.821732
vt 0.630942 0.796814
vt 0.573619 0.785243
vt 0.573619 0.822705
vt 0.556986 0.810161
vt 0.832060 0.521835
vt 0.845520 0.531780
vt 0.832060 0.558545
vt 0.845789 0.432949
vt 0.845789 0.469660
vt 0.832329 0.459715
vt 0.667994 0.356341
vt 0.660798 0.385423
vt 0.667994 0.390188
vt 0.660798 0.394184
vt 0.660798 0.428030
vt 0.667994 0.398948
vt 0.078929 0.805250
vt 0.078929 0.839921
vt 0.089284 0.811808
vt 0.349510 0.882775
vt 0.349510 0.916552
vt 0.356125 0.887332
vt 0.089863 0.726992
vt 0.084567 0.756480
vt 0.089863 0.760017
vt 0.381153 0.760215
vt 0.381153 0.793239
vt 0.386449 0.763752
vt 0.692973 0.851878
vt 0.692973 0.885064
vt 0.699852 0.855905
vt 0.699852 0.814696
vt 0.692973 0.843854
vt 0.699852 0.847882
vt 0.877156 0.480270
vt 0.866801 0.508383
vt 0.877156 0.514941
vt 0.776863 0.690052
vt 0.793634 0.706432
vt 0.776863 0.731257
vt 0.841706 0.646849
vt 0.827674 0.673320
vt 0.841706 0.683804
vt 0.060901 0.805250
vt 0.060901 0.842205
vt 0.074933 0.815734
vt 0.307597 0.786575
vt 0.322950 0.800610
vt 0.307597 0.826336
vt 0.110308 0.787461
vt 0.110308 0.827222
vt 0.094955 0.813187
vt 0.727539 0.788530
vt 0.727539 0.827693
vt 0.742175 0.801552
vt 0.528012 0.789897
vt 0.513376 0.816038
vt 0.528012 0.829060
vt 0.650328 0.781848
vt 0.666991 0.794449
vt 0.650328 0.819347
vt 0.720658 0.759853
vt 0.703886 0.784678
vt 0.720658 0.801058
vt 0.167067 0.748166
vt 0.167067 0.788760
vt 0.149265 0.772262
vt 0.727539 0.743939
vt 0.745341 0.760437
vt 0.727539 0.784534
vt 0.812691 0.285464
vt 0.795766 0.310185
vt 0.812691 0.323226
vt 0.794899 0.776171
vt 0.794899 0.813933
vt 0.811825 0.789213
vt 0.507905 0.784099
vt 0.507905 0.821597
vt 0.491242 0.808997
vt 0.953247 0.571643
vt 0.953247 0.547245
vt 0.956214 0.547679
vt 0.764462 0.646849
vt 0.764462 0.685795
vt 0.782433 0.661825
vt 0.791770 0.285464
vt 0.791770 0.324410
vt 0.773799 0.309435
vt 0.432284 0.764799
vt 0.415108 0.789346
vt 0.432284 0.804650
vt 0.391381 0.765608
vt 0.391381 0.805459
vt 0.408557 0.780913
vt 0.329259 0.698505
vt 0.329259 0.748396
vt 0.307597 0.719201
vt 0.727539 0.690052
vt 0.749201 0.719248
vt 0.727539 0.739943
vt 0.524205 0.970685
vt 0.524205 0.952318
vt 0.527147 0.952911
vt 0.954631 0.205957
vt 0.957582 0.205526
vt 0.954631 0.181809
vt 0.794899 0.975814
vt 0.794899 0.958789
vt 0.797743 0.959800
vt 0.071186 0.976512
vt 0.071186 0.960248
vt 0.074098 0.975790
vt 0.973663 0.627109
vt 0.976491 0.611851
vt 0.973663 0.610820
vt 0.101225 0.976629
vt 0.101225 0.961111
vt 0.104077 0.975641
vt 0.066059 0.497017
vt 0.068957 0.496203
vt 0.066059 0.479002
vt 0.710687 0.968485
vt 0.713521 0.969461
vt 0.713521 0.949990
vt 0.300871 0.968920
vt 0.300871 0.950087
vt 0.303559 0.967584
vt 0.970329 0.167918
vt 0.967384 0.149644
vt 0.970329 0.149085
vt 0.970873 0.975818
vt 0.970873 0.958445
vt 0.968060 0.959477
vt 0.973508 0.922342
vt 0.976062 0.920772
vt 0.973508 0.904968
vt 0.975475 0.828927
vt 0.975475 0.811545
vt 0.972637 0.812511
vt 0.630119 0.975953
vt 0.632892 0.974814
vt 0.630119 0.958571
vt 0.121538 0.966971
vt 0.121538 0.947279
vt 0.118586 0.947724
vt 0.968060 0.953545
vt 0.970904 0.954449
vt 0.970904 0.935910
vt 0.387091 0.895989
vt 0.387091 0.877125
vt 0.384137 0.877687
vt 0.970860 0.131836
vt 0.973677 0.115081
vt 0.973677 0.132891
vt 0.870350 0.970467
vt 0.873334 0.952692
vt 0.870350 0.952657
vt 0.027754 0.967927
vt 0.030592 0.949294
vt 0.030592 0.968851
vt 0.960211 0.328424
vt 0.963181 0.316925
vt 0.960211 0.316406
vt 0.809439 0.966324
vt 0.809439 0.946483
vt 0.806505 0.946988
vt 0.545575 0.960559
vt 0.548374 0.940679
vt 0.548374 0.961574
vt 0.494246 0.960973
vt 0.491243 0.940295
vt 0.494246 0.940170
vt 0.452369 0.974515
vt 0.453611 0.957444
vt 0.455374 0.974515
vt 0.974254 0.324268
vt 0.971245 0.307344
vt 0.974254 0.307153
vt 0.832922 0.975290
vt 0.832922 0.963413
vt 0.835681 0.974072
vt 0.042373 0.992255
vt 0.042373 0.981515
vt 0.045135 0.991087
vt 0.903640 0.370855
vt 0.903640 0.359625
vt 0.906426 0.369702
vt 0.969745 0.685917
vt 0.969745 0.674239
vt 0.972626 0.675063
vt 0.886167 0.730287
vt 0.886167 0.718794
vt 0.889118 0.719290
vt 0.917044 0.371011
vt 0.919683 0.369591
vt 0.917044 0.359625
vt 0.091470 0.991572
vt 0.091470 0.981515
vt 0.094202 0.990349
vt 0.035517 0.992055
vt 0.035517 0.981515
vt 0.038377 0.982414
vt 0.963122 0.551667
vt 0.960211 0.552270
vt 0.963122 0.571643
vt 0.893114 0.730095
vt 0.895940 0.719733
vt 0.893114 0.718794
vt 0.970978 0.110901
vt 0.970978 0.097806
vt 0.973814 0.098805
vt 0.955642 0.975569
vt 0.958503 0.974740
vt 0.955642 0.963145
vt 0.932691 0.958634
vt 0.934645 0.975375
vt 0.931672 0.975375
vt 0.514091 0.959113
vt 0.511228 0.960032
vt 0.514091 0.975886
vt 0.289398 0.942121
vt 0.289398 0.962034
vt 0.286421 0.961874
vt 0.816770 0.975747
vt 0.816770 0.958381
vt 0.813947 0.959347
vt 0.410077 0.904462
vt 0.407159 0.940013
vt 0.407095 0.904462
vt 0.143631 0.903746
vt 0.143631 0.939326
vt 0.140650 0.939292
vt 0.066059 0.434894
vt 0.066059 0.398452
vt 0.068979 0.434281
vt 0.934286 0.321906
vt 0.931337 0.286084
vt 0.934286 0.285464
vt 0.951545 0.960840
vt 0.948675 0.940944
vt 0.951545 0.940126
vt 0.307597 0.960933
vt 0.307597 0.940219
vt 0.310467 0.960115
vt 0.563945 0.975729
vt 0.566541 0.974257
vt 0.563945 0.963746
vt 0.319607 0.975114
vt 0.319607 0.957747
vt 0.322458 0.974138
vt 0.001998 0.992971
vt 0.004598 0.991507
vt 0.001998 0.981514
vt 0.913048 0.371081
vt 0.913048 0.359625
vt 0.910422 0.361103
vt 0.015188 0.992932
vt 0.015188 0.981515
vt 0.017786 0.991464
vt 0.011192 0.992932
vt 0.011192 0.981515
vt 0.008594 0.982983
vt 0.607374 0.975921
vt 0.607374 0.963939
vt 0.604778 0.965411
vt 0.974070 0.303157
vt 0.971245 0.286427
vt 0.974070 0.285464
vt 0.907691 0.975567
vt 0.905018 0.964594
vt 0.907691 0.963267
vt 0.204999 0.975619
vt 0.204998 0.963319
vt 0.207671 0.974292
vt 0.130036 0.991650
vt 0.130036 0.981514
vt 0.132473 0.989927
vt 0.126040 0.991650
vt 0.126040 0.981515
vt 0.123603 0.983237
vt 0.405591 0.975567
vt 0.408216 0.974148
vt 0.405591 0.963572
vt 0.900336 0.975697
vt 0.897711 0.965121
vt 0.900336 0.963701
vt 0.437910 0.976510
vt 0.440808 0.975683
vt 0.437910 0.961153
vt 0.970978 0.093811
vt 0.970978 0.076118
vt 0.973830 0.092839
vt 0.851381 0.968140
vt 0.854322 0.967481
vt 0.851381 0.948873
vt 0.418049 0.967925
vt 0.415108 0.949317
vt 0.418049 0.948658
vt 0.825015 0.977437
vt 0.822130 0.963722
vt 0.825015 0.962852
vt 0.362177 0.977397
vt 0.362177 0.962812
vt 0.365062 0.976526
vt 0.226881 0.976605
vt 0.223983 0.962075
vt 0.226881 0.961248
vt 0.884090 0.976223
vt 0.884090 0.960436
vt 0.881276 0.961514
vt 0.087682 0.970706
vt 0.084894 0.952880
vt 0.087682 0.951737
vt 0.078110 0.970706
vt 0.078110 0.951737
vt 0.080898 0.969562
vt 0.294098 0.969757
vt 0.294098 0.950087
vt 0.296875 0.968665
vt 0.706691 0.969660
vt 0.703886 0.951093
vt 0.706691 0.949990
vt 0.976505 0.059861
vt 0.976505 0.043709
vt 0.973833 0.045039
vt 0.973703 0.859731
vt 0.973703 0.843580
vt 0.976401 0.858388
vt 0.972494 0.473971
vt 0.972494 0.460339
vt 0.969817 0.461658
vt 0.197862 0.976377
vt 0.200677 0.975299
vt 0.197862 0.960590
vt 0.970011 0.570744
vt 0.970011 0.551667
vt 0.967118 0.552508
vt 0.967902 0.269939
vt 0.967902 0.250862
vt 0.970768 0.269106
vt 0.760637 0.971117
vt 0.763472 0.970184
vt 0.760637 0.953331
vt 0.892084 0.972182
vt 0.892084 0.954396
vt 0.889250 0.955329
vt 0.953281 0.328102
vt 0.953281 0.314470
vt 0.955958 0.326783
vt 0.382108 0.981515
vt 0.384351 0.984123
vt 0.382108 0.986090
vt 0.974489 0.707611
vt 0.974489 0.690052
vt 0.971677 0.691052
vt 0.971677 0.729166
vt 0.971677 0.711607
vt 0.974489 0.728166
vt 0.643352 0.732913
vt 0.643352 0.829209
vt 0.646332 0.829077
vt 0.028646 0.687632
vt 0.025636 0.687766
vt 0.028646 0.783928
vt 0.001998 0.398452
vt 0.062063 0.497156
vt 0.047083 0.497156
vt 0.390591 0.981515
vt 0.388347 0.983481
vt 0.390591 0.986090
vt 0.358168 0.877576
vt 0.358168 0.862596
vt 0.354657 0.864264
vt 0.048031 0.973164
vt 0.044521 0.974832
vt 0.044521 0.959852
vt 0.358114 0.981515
vt 0.355807 0.983406
vt 0.358114 0.986300
vt 0.336841 0.981514
vt 0.336841 0.986300
vt 0.339171 0.984389
vt 0.038499 0.972729
vt 0.034754 0.958773
vt 0.038499 0.957749
vt 0.463115 0.971400
vt 0.459370 0.972424
vt 0.459370 0.957444
vt 0.696848 0.725930
vt 0.699854 0.770916
vt 0.696848 0.771125
vt 0.141795 0.759473
vt 0.138789 0.759681
vt 0.141795 0.804667
vt 0.362177 0.805383
vt 0.375928 0.760215
vt 0.377157 0.805383
vt 0.484474 0.807155
vt 0.470143 0.764302
vt 0.484474 0.759940
vt 0.286408 0.981515
vt 0.286408 0.987148
vt 0.288926 0.985548
vt 0.269305 0.981514
vt 0.266761 0.983130
vt 0.269305 0.987148
vt 0.695666 0.957964
vt 0.690897 0.943219
vt 0.695666 0.942985
vt 0.629841 0.247511
vt 0.625073 0.247745
vt 0.625073 0.232765
vt 0.937849 0.478262
vt 0.937849 0.513228
vt 0.940850 0.512955
vt 0.941074 0.076118
vt 0.941074 0.111085
vt 0.938103 0.076388
vt 0.816687 0.320540
vt 0.831667 0.320540
vt 0.826050 0.285464
vt 0.829878 0.257012
vt 0.815405 0.224571
vt 0.829878 0.220708
vt 0.121554 0.835353
vt 0.118573 0.742715
vt 0.121554 0.742579
vt 0.636375 0.825688
vt 0.636375 0.732913
vt 0.639356 0.825551
vt 0.712259 0.308434
vt 0.724084 0.419758
vt 0.712259 0.428953
vt 0.223793 0.606329
vt 0.211968 0.615524
vt 0.223793 0.726848
vt 0.401596 0.986068
vt 0.403832 0.984093
vt 0.401596 0.981515
vt 0.410064 0.986068
vt 0.407828 0.983490
vt 0.410064 0.981515
vt 0.188589 0.973725
vt 0.188589 0.956747
vt 0.191661 0.959064
vt 0.974301 0.534203
vt 0.971229 0.531885
vt 0.974301 0.517224
vt 0.345491 0.986304
vt 0.343167 0.983386
vt 0.345491 0.981514
vt 0.349487 0.986304
vt 0.351811 0.984433
vt 0.349487 0.981514
vt 0.917831 0.969249
vt 0.917831 0.952835
vt 0.921275 0.954671
vt 0.756641 0.969744
vt 0.753197 0.967909
vt 0.756641 0.953331
vt 0.746171 0.833719
vt 0.746171 0.788530
vt 0.749147 0.833514
vt 0.329923 0.831764
vt 0.329923 0.786575
vt 0.326946 0.786780
vt 0.776813 0.784115
vt 0.776813 0.736096
vt 0.790904 0.779032
vt 0.226059 0.778863
vt 0.226059 0.730844
vt 0.211968 0.735927
vt 0.260222 0.987149
vt 0.262765 0.985534
vt 0.260222 0.981514
vt 0.282412 0.987149
vt 0.282412 0.981514
vt 0.279893 0.983114
vt 0.094275 0.957115
vt 0.094275 0.941200
vt 0.098764 0.942824
vt 0.107248 0.957115
vt 0.102760 0.955491
vt 0.107248 0.941200
vt 0.386777 0.839068
vt 0.386777 0.800549
vt 0.383775 0.800797
vt 0.204999 0.931497
vt 0.204999 0.892978
vt 0.207972 0.931252
vt 0.362110 0.985288
vt 0.364129 0.981515
vt 0.365123 0.985288
vt 0.814849 0.571876
vt 0.814849 0.528071
vt 0.828064 0.564824
vt 0.828065 0.524075
vt 0.828065 0.480270
vt 0.814849 0.487323
vt 0.332845 0.987342
vt 0.331047 0.983896
vt 0.332845 0.981514
vt 0.325254 0.987342
vt 0.325254 0.981515
vt 0.327051 0.984960
vt 0.315224 0.987000
vt 0.313187 0.983695
vt 0.315224 0.981514
vt 0.319220 0.987000
vt 0.319220 0.981514
vt 0.321258 0.984819
vt 0.500019 0.219146
vt 0.503003 0.219146
vt 0.443992 0.124011
vt 0.371138 0.981514
vt 0.369119 0.985288
vt 0.372103 0.985288
vt 0.428020 0.984996
vt 0.429366 0.981515
vt 0.431004 0.984996
vt 0.422386 0.981515
vt 0.424024 0.984996
vt 0.421040 0.984996
vt 0.141304 0.712836
vt 0.138789 0.597321
vt 0.141304 0.595715
vt 0.355666 0.568255
vt 0.358181 0.566648
vt 0.355666 0.451133
vt 0.730640 0.308434
vt 0.728080 0.418812
vt 0.730640 0.420401
vt 0.950634 0.216772
vt 0.953510 0.244011
vt 0.950634 0.244858
vt 0.949790 0.690477
vt 0.946821 0.690052
vt 0.946821 0.720011
vt 0.949285 0.285464
vt 0.946260 0.314992
vt 0.949285 0.315363
vt 0.507077 0.919073
vt 0.504219 0.918181
vt 0.504219 0.948866
vt 0.947065 0.776171
vt 0.947065 0.806100
vt 0.950000 0.805482
vt 0.946017 0.115081
vt 0.946017 0.146846
vt 0.948850 0.145878
vt 0.274343 0.912381
vt 0.271433 0.911658
vt 0.271433 0.944013
vt 0.126998 0.950144
vt 0.129795 0.968596
vt 0.126998 0.969673
vt 0.951647 0.908201
vt 0.948675 0.907777
vt 0.948675 0.936130
vt 0.953990 0.875645
vt 0.950996 0.902405
vt 0.950996 0.875495
vt 0.600386 0.220304
vt 0.600386 0.247231
vt 0.603220 0.246243
vt 0.534901 0.935605
vt 0.532008 0.936388
vt 0.534901 0.959004
vt 0.538897 0.935605
vt 0.541578 0.957664
vt 0.538897 0.959005
vt 0.967834 0.875495
vt 0.967834 0.895024
vt 0.964957 0.876375
vt 0.031521 0.982228
vt 0.028614 0.992084
vt 0.028614 0.981514
vt 0.112598 0.981515
vt 0.109613 0.981515
vt 0.110955 0.990775
vt 0.139134 0.981515
vt 0.136469 0.989477
vt 0.139134 0.990872
vt 0.173764 0.981515
vt 0.171567 0.989774
vt 0.170793 0.981515
vt 0.180482 0.981515
vt 0.180482 0.989810
vt 0.177759 0.988586
vt 0.187432 0.982049
vt 0.184478 0.989155
vt 0.184478 0.981515
vt 0.222260 0.981515
vt 0.222260 0.989155
vt 0.219712 0.987628
vt 0.342508 0.938870
vt 0.345418 0.960459
vt 0.342508 0.961182
vt 0.069690 0.981514
vt 0.067145 0.990491
vt 0.069690 0.992084
vt 0.895423 0.463319
vt 0.892601 0.462368
vt 0.892601 0.476018
vt 0.668591 0.907205
vt 0.668591 0.920855
vt 0.666079 0.919226
vt 0.237006 0.953541
vt 0.235802 0.971180
vt 0.238780 0.971180
vt 0.507218 0.952861
vt 0.504219 0.952861
vt 0.506338 0.970520
vt 0.624253 0.938989
vt 0.621319 0.961107
vt 0.621319 0.938381
vt 0.953798 0.734457
vt 0.953798 0.759380
vt 0.956619 0.758364
vt 0.884215 0.932058
vt 0.881276 0.956440
vt 0.881276 0.931472
vt 0.954842 0.811545
vt 0.957665 0.835098
vt 0.954842 0.836103
vt 0.822130 0.934991
vt 0.824979 0.957927
vt 0.822130 0.958856
vt 0.956926 0.776783
vt 0.953996 0.776171
vt 0.953996 0.800468
vt 0.204999 0.935493
vt 0.207836 0.958371
vt 0.204999 0.959323
vt 0.956930 0.576572
vt 0.954015 0.600223
vt 0.954015 0.575872
vt 0.905018 0.959271
vt 0.908029 0.959271
vt 0.907366 0.936465
vt 0.723510 0.872354
vt 0.720584 0.897105
vt 0.720584 0.871701
vt 0.200816 0.932774
vt 0.197862 0.956594
vt 0.197862 0.932308
vt 0.959143 0.026001
vt 0.956329 0.003030
vt 0.959143 0.001998
vt 0.147969 0.957989
vt 0.148641 0.934199
vt 0.150942 0.957989
vt 0.959022 0.427253
vt 0.959022 0.403455
vt 0.956157 0.404312
vt 0.960205 0.355502
vt 0.960205 0.332576
vt 0.957298 0.333199
vt 0.957986 0.898086
vt 0.960961 0.897850
vt 0.957986 0.875495
vt 0.935483 0.188050
vt 0.932483 0.152187
vt 0.935483 0.151924
vt 0.932940 0.038124
vt 0.935940 0.037861
vt 0.932940 0.001998
vt 0.939244 0.646849
vt 0.939244 0.683193
vt 0.936283 0.682826
vt 0.027128 0.823991
vt 0.025636 0.787924
vt 0.030142 0.823991
vt 0.743129 0.961263
vt 0.743421 0.938753
vt 0.746113 0.961263
vt 0.559949 0.937281
vt 0.556986 0.959598
vt 0.559949 0.959952
vt 0.840177 0.936653
vt 0.839902 0.959416
vt 0.842886 0.959416
vt 0.261149 0.938507
vt 0.259364 0.961027
vt 0.262349 0.961027
vt 0.140650 0.963020
vt 0.143634 0.963020
vt 0.142434 0.943322
vt 0.373632 0.963028
vt 0.373632 0.943250
vt 0.370660 0.943519
vt 0.576234 0.942280
vt 0.574525 0.962163
vt 0.577509 0.962163
vt 0.467131 0.962025
vt 0.470115 0.962025
vt 0.468839 0.942142
vt 0.832922 0.959417
vt 0.835906 0.959381
vt 0.832922 0.936653
vt 0.638555 0.956354
vt 0.641277 0.973539
vt 0.638264 0.973539
vt 0.631284 0.954575
vt 0.630119 0.932484
vt 0.634268 0.954575
vt 0.338512 0.938870
vt 0.335552 0.960793
vt 0.338512 0.961353
vt 0.168062 0.957647
vt 0.171075 0.957647
vt 0.166944 0.939104
vt 0.653242 0.951030
vt 0.653242 0.970021
vt 0.650328 0.969377
vt 0.114590 0.947279
vt 0.114590 0.967121
vt 0.111673 0.966491
vt 0.815150 0.954385
vt 0.813946 0.934991
vt 0.818134 0.954385
vt 0.191914 0.981515
vt 0.191428 0.988392
vt 0.194441 0.988392
vt 0.720955 0.956624
vt 0.718006 0.973556
vt 0.718006 0.956162
vt 0.920598 0.717928
vt 0.917646 0.717325
vt 0.917646 0.730203
vt 0.926396 0.673065
vt 0.923470 0.685347
vt 0.926396 0.685937
vt 0.163813 0.989752
vt 0.166797 0.989752
vt 0.164454 0.981514
vt 0.157445 0.981514
vt 0.159817 0.989752
vt 0.156803 0.989752
vt 0.198437 0.988392
vt 0.198923 0.981514
vt 0.201451 0.988392
vt 0.940875 0.960726
vt 0.940875 0.940670
vt 0.943877 0.960461
vt 0.152808 0.982520
vt 0.149967 0.981514
vt 0.149967 0.990455
vt 0.145971 0.981514
vt 0.145971 0.990455
vt 0.143130 0.989450
vt 0.119502 0.990594
vt 0.119607 0.981515
vt 0.116594 0.981515
vt 0.105617 0.982434
vt 0.102747 0.981514
vt 0.102747 0.991048
vt 0.214934 0.960459
vt 0.211968 0.976245
vt 0.211968 0.959925
vt 0.971740 0.755965
vt 0.974631 0.772026
vt 0.971617 0.772026
vt 0.958576 0.935910
vt 0.955642 0.958600
vt 0.958576 0.959149
vt 0.769357 0.941251
vt 0.767597 0.961230
vt 0.770611 0.961230
vt 0.954854 0.433072
vt 0.951843 0.458996
vt 0.951843 0.432949
vt 0.955198 0.517224
vt 0.953247 0.543249
vt 0.956231 0.543249
vt 0.952234 0.504435
vt 0.955209 0.504197
vt 0.952234 0.478261
vt 0.953836 0.646849
vt 0.954755 0.672939
vt 0.951741 0.672939
vt 0.950289 0.355419
vt 0.949000 0.332576
vt 0.953302 0.355419
vt 0.302182 0.981515
vt 0.299171 0.986158
vt 0.302182 0.986288
vt 0.951567 0.250862
vt 0.951567 0.279427
vt 0.948619 0.278968
vt 0.939257 0.545450
vt 0.942241 0.545450
vt 0.937849 0.517224
vt 0.933585 0.362391
vt 0.932385 0.332576
vt 0.936569 0.362391
vt 0.696555 0.298020
vt 0.696555 0.045038
vt 0.687573 0.045039
vt 0.683578 0.298184
vt 0.674602 0.297865
vt 0.683578 0.045038
vt 0.709532 0.298024
vt 0.700551 0.045038
vt 0.709532 0.045038
vt 0.725315 0.298145
vt 0.733081 0.045279
vt 0.725315 0.045038
vt 0.735305 0.686056
vt 0.735305 0.432949
vt 0.727539 0.685816
vt 0.721319 0.298142
vt 0.713528 0.297904
vt 0.721319 0.045038
vt 0.723485 0.685935
vt 0.723543 0.432949
vt 0.715749 0.432949
vt 0.761838 0.254753
vt 0.752857 0.254753
vt 0.752857 0.045038
vt 0.699890 0.685931
vt 0.690923 0.432949
vt 0.690909 0.685931
vt 0.149265 0.744170
vt 0.149265 0.491067
vt 0.156957 0.491301
vt 0.168645 0.744170
vt 0.168645 0.491067
vt 0.160953 0.743936
vt 0.711753 0.685935
vt 0.703886 0.432949
vt 0.711753 0.432949
vt 0.552990 0.682950
vt 0.545124 0.429964
vt 0.545124 0.682950
vt 0.774229 0.642664
vt 0.765248 0.432949
vt 0.774229 0.432949
vt 0.054210 0.815477
vt 0.046514 0.605763
vt 0.046514 0.815478
vt 0.042518 0.815623
vt 0.034754 0.815334
vt 0.042518 0.605763
vt 0.803645 0.254899
vt 0.803645 0.045038
vt 0.811409 0.045328
vt 0.134745 0.805429
vt 0.126998 0.595715
vt 0.134793 0.595715
vt 0.810853 0.642664
vt 0.803107 0.432949
vt 0.803059 0.642664
vt 0.761252 0.642660
vt 0.752271 0.642661
vt 0.761252 0.432949
vt 0.748275 0.432949
vt 0.748275 0.642853
vt 0.739301 0.433334
vt 0.274316 0.810475
vt 0.266552 0.810177
vt 0.274316 0.606198
vt 0.343247 0.815545
vt 0.335552 0.605831
vt 0.343247 0.605831
vt 0.799063 0.642811
vt 0.799063 0.432949
vt 0.791202 0.642516
vt 0.791788 0.254900
vt 0.799649 0.045333
vt 0.791788 0.045038
vt 0.787792 0.249165
vt 0.778811 0.045038
vt 0.778811 0.249165
vt 0.787206 0.637076
vt 0.778225 0.432949
vt 0.787206 0.432949
vt 0.176829 0.810605
vt 0.176829 0.606329
vt 0.184594 0.606626
vt 0.355109 0.809957
vt 0.347243 0.809957
vt 0.347243 0.605831
vt 0.242982 0.810472
vt 0.242982 0.606198
vt 0.250771 0.606494
vt 0.262556 0.810472
vt 0.254767 0.810176
vt 0.262556 0.606198
vt 0.774815 0.249162
vt 0.765834 0.249162
vt 0.765845 0.045038
vt 0.737077 0.427129
vt 0.737077 0.222808
vt 0.746050 0.223203
vt 0.188589 0.810600
vt 0.196280 0.606619
vt 0.188589 0.606329
vt 0.207972 0.810456
vt 0.200276 0.810456
vt 0.200278 0.606329
vt 0.238986 0.810325
vt 0.238986 0.606198
vt 0.231120 0.606198
vt 0.499763 0.940170
vt 0.499763 0.966502
vt 0.498241 0.966502
vt 0.966192 0.716426
vt 0.967681 0.716341
vt 0.966192 0.690052
vt 0.967904 0.602245
vt 0.966415 0.575956
vt 0.967904 0.575872
vt 0.981703 0.833081
vt 0.981703 0.831445
vt 0.982290 0.831709
vt 0.963906 0.277879
vt 0.963906 0.250862
vt 0.962424 0.251590
vt 0.982317 0.785045
vt 0.981703 0.784402
vt 0.982317 0.782909
vt 0.981703 0.168254
vt 0.982535 0.166288
vt 0.983355 0.168254
vt 0.981703 0.728656
vt 0.981703 0.730791
vt 0.982346 0.729270
vt 0.960371 0.433593
vt 0.958850 0.432949
vt 0.958850 0.459924
vt 0.982290 0.838712
vt 0.982290 0.837077
vt 0.981703 0.838448
vt 0.898817 0.959705
vt 0.898817 0.932688
vt 0.900336 0.959620
vt 0.974045 0.181809
vt 0.974045 0.204542
vt 0.972554 0.204542
vt 0.969998 0.400922
vt 0.968506 0.400308
vt 0.968506 0.424268
vt 0.971267 0.456343
vt 0.969817 0.433657
vt 0.971267 0.432949
vt 0.960926 0.602847
vt 0.962418 0.602847
vt 0.962418 0.575872
vt 0.960922 0.803146
vt 0.960922 0.776171
vt 0.962414 0.776171
vt 0.981703 0.235076
vt 0.982787 0.234051
vt 0.981703 0.232941
vt 0.971689 0.501654
vt 0.970239 0.478970
vt 0.971689 0.478261
vt 0.981703 0.186591
vt 0.983195 0.185976
vt 0.981703 0.184455
vt 0.973321 0.875495
vt 0.971830 0.898228
vt 0.971830 0.875495
vt 0.982293 0.849957
vt 0.982293 0.848331
vt 0.981703 0.849701
vt 0.983195 0.202684
vt 0.981703 0.203298
vt 0.983195 0.204791
vt 0.981703 0.758412
vt 0.982346 0.759026
vt 0.981703 0.760518
vt 0.970426 0.368590
vt 0.968934 0.391935
vt 0.968934 0.367976
vt 0.981703 0.844335
vt 0.981703 0.842708
vt 0.982293 0.842964
vt 0.982317 0.766650
vt 0.981703 0.766006
vt 0.982317 0.764514
vt 0.966410 0.802502
vt 0.966410 0.776171
vt 0.967902 0.776171
vt 0.963070 0.182453
vt 0.961578 0.181809
vt 0.961578 0.208784
vt 0.729031 0.942278
vt 0.729031 0.968609
vt 0.727539 0.968609
vt 0.474111 0.968473
vt 0.475603 0.968473
vt 0.475603 0.942142
vt 0.965821 0.459966
vt 0.964367 0.433674
vt 0.965821 0.432949
vt 0.981703 0.216850
vt 0.983328 0.216850
vt 0.982549 0.214889
vt 0.981703 0.398389
vt 0.981703 0.396838
vt 0.983195 0.396862
vt 0.961661 0.838520
vt 0.963153 0.811545
vt 0.963153 0.838520
vt 0.983190 0.499579
vt 0.983194 0.498087
vt 0.981703 0.498087
vt 0.983194 0.516043
vt 0.981707 0.514551
vt 0.981703 0.516043
vt 0.969667 0.634810
vt 0.968178 0.610914
vt 0.969667 0.610820
vt 0.585360 0.712295
vt 0.585360 0.688306
vt 0.586849 0.712202
vt 0.961896 0.176060
vt 0.961896 0.149085
vt 0.963388 0.149085
vt 0.912025 0.963440
vt 0.913517 0.936465
vt 0.913517 0.963440
vt 0.330849 0.940178
vt 0.329328 0.966509
vt 0.330849 0.966509
vt 0.959205 0.505207
vt 0.960726 0.478261
vt 0.959205 0.478261
vt 0.965461 0.102449
vt 0.966982 0.102449
vt 0.966982 0.076118
vt 0.965685 0.359564
vt 0.964201 0.333275
vt 0.965685 0.332576
vt 0.981703 0.162292
vt 0.982503 0.160311
vt 0.983344 0.162292
vt 0.982317 0.772782
vt 0.982317 0.770646
vt 0.981703 0.772168
vt 0.981703 0.855604
vt 0.982269 0.854193
vt 0.981703 0.853953
vt 0.965728 0.311796
vt 0.967249 0.285464
vt 0.965728 0.285464
vt 0.981703 0.789041
vt 0.982317 0.789655
vt 0.981703 0.791177
vt 0.961748 0.517839
vt 0.960227 0.544170
vt 0.960227 0.517224
vt 0.982269 0.861252
vt 0.981703 0.861012
vt 0.982269 0.859600
vt 0.958750 0.673838
vt 0.958750 0.646849
vt 0.960269 0.673752
vt 0.537612 0.706800
vt 0.536134 0.684116
vt 0.537612 0.683404
vt 0.183916 0.887456
vt 0.182394 0.910802
vt 0.182394 0.886842
vt 0.401403 0.949127
vt 0.401403 0.971860
vt 0.399882 0.971860
vt 0.959826 0.142027
vt 0.961347 0.115081
vt 0.961347 0.142027
vt 0.981703 0.228945
vt 0.981703 0.226790
vt 0.982798 0.227890
vt 0.971224 0.670243
vt 0.969746 0.647561
vt 0.971224 0.646849
vt 0.981703 0.156315
vt 0.983224 0.155701
vt 0.981703 0.154180
vt 0.600604 0.949323
vt 0.599084 0.972056
vt 0.599084 0.949323
vt 0.981703 0.819611
vt 0.982317 0.820226
vt 0.981703 0.821718
vt 0.983224 0.172250
vt 0.981703 0.172865
vt 0.983224 0.174357
vt 0.982272 0.872528
vt 0.981703 0.872297
vt 0.982272 0.870886
vt 0.982317 0.778913
vt 0.981703 0.778299
vt 0.982317 0.776778
vt 0.969512 0.905582
vt 0.967991 0.904968
vt 0.967991 0.928927
vt 0.981703 0.866890
vt 0.982272 0.865479
vt 0.981703 0.865248
vt 0.964182 0.611435
vt 0.962690 0.637766
vt 0.962690 0.610820
vt 0.965744 0.517224
vt 0.967233 0.543513
vt 0.965744 0.543597
vt 0.054772 0.965763
vt 0.053253 0.939475
vt 0.054772 0.939388
vt 0.447629 0.965862
vt 0.446173 0.939571
vt 0.447629 0.938875
vt 0.981703 0.198688
vt 0.982516 0.196713
vt 0.983316 0.198688
vt 0.964722 0.504593
vt 0.966243 0.478261
vt 0.966243 0.504593
vt 0.981703 0.253718
vt 0.983224 0.252190
vt 0.981703 0.252165
vt 0.962861 0.070655
vt 0.964353 0.043709
vt 0.964353 0.070655
vt 0.981703 0.402385
vt 0.983224 0.403903
vt 0.981703 0.403907
vt 0.983224 0.409420
vt 0.981703 0.407903
vt 0.981703 0.409424
vt 0.552501 0.877242
vt 0.552501 0.853251
vt 0.550983 0.853349
vt 0.229255 0.888024
vt 0.230773 0.887926
vt 0.229255 0.864033
vt 0.960615 0.761402
vt 0.962136 0.734457
vt 0.960615 0.734457
vt 0.960675 0.716998
vt 0.962196 0.716998
vt 0.962196 0.690052
vt 0.966864 0.115081
vt 0.966864 0.141412
vt 0.965343 0.141412
vt 0.962503 0.931914
vt 0.962503 0.904968
vt 0.963995 0.904968
vt 0.733027 0.968609
vt 0.734519 0.942278
vt 0.734519 0.968609
vt 0.967149 0.837876
vt 0.967149 0.811545
vt 0.968641 0.811545
vt 0.981703 0.883769
vt 0.982267 0.882388
vt 0.981703 0.882145
vt 0.981703 0.180459
vt 0.981703 0.178353
vt 0.983224 0.179845
vt 0.982317 0.803411
vt 0.982317 0.801304
vt 0.981703 0.802796
vt 0.965750 0.673837
vt 0.964265 0.647548
vt 0.965750 0.646849
vt 0.981703 0.795173
vt 0.982317 0.795787
vt 0.981703 0.797308
vt 0.961732 0.286079
vt 0.960211 0.312410
vt 0.960211 0.285464
vt 0.982267 0.878148
vt 0.982267 0.876524
vt 0.981703 0.877905
vt 0.959944 0.103064
vt 0.961465 0.076118
vt 0.961465 0.103063
vt 0.973391 0.575872
vt 0.973391 0.598605
vt 0.971900 0.598605
vt 0.970119 0.002612
vt 0.968627 0.025958
vt 0.968627 0.001998
vt 0.971417 0.240165
vt 0.969967 0.217480
vt 0.971417 0.216772
vt 0.962572 0.962855
vt 0.964064 0.962855
vt 0.964064 0.935910
vt 0.981703 0.241206
vt 0.981703 0.239071
vt 0.982787 0.240181
vt 0.973389 0.776171
vt 0.971898 0.798904
vt 0.971898 0.776171
vt 0.859768 0.972265
vt 0.858318 0.949581
vt 0.859768 0.948873
vt 0.983198 0.191193
vt 0.981703 0.190586
vt 0.981703 0.192717
vt 0.982271 0.894991
vt 0.981703 0.894756
vt 0.982271 0.893376
vt 0.983195 0.208786
vt 0.981703 0.209401
vt 0.983195 0.210893
vt 0.981703 0.813509
vt 0.982317 0.814123
vt 0.981703 0.815615
vt 0.981703 0.889380
vt 0.982270 0.888000
vt 0.981703 0.887765
vt 0.982317 0.809513
vt 0.981703 0.808899
vt 0.982317 0.807406
vt 0.971174 0.333190
vt 0.969682 0.356535
vt 0.969682 0.332576
vt 0.967066 0.208141
vt 0.968558 0.181809
vt 0.967066 0.181809
vt 0.964222 0.844194
vt 0.962730 0.870525
vt 0.962730 0.843580
vt 0.966132 0.734457
vt 0.966132 0.760830
vt 0.967621 0.760745
vt 0.581505 0.968611
vt 0.582997 0.968611
vt 0.582997 0.942280
vt 0.981703 0.222794
vt 0.982505 0.220846
vt 0.983316 0.222794
vt 0.965971 0.243759
vt 0.964516 0.217467
vt 0.965971 0.216772
vt 0.981703 0.392842
vt 0.983194 0.391315
vt 0.981703 0.391290
vt 0.172833 0.487071
vt 0.172833 0.398394
vt 0.094954 0.398398
vt 0.963019 0.427253
vt 0.964510 0.400308
vt 0.964510 0.427253
vt 0.981703 0.503575
vt 0.983194 0.505063
vt 0.981703 0.505067
vt 0.983194 0.510555
vt 0.981707 0.509063
vt 0.981703 0.510555
vt 0.969707 0.867569
vt 0.968218 0.843674
vt 0.969707 0.843580
vt 0.968349 0.067699
vt 0.969837 0.067605
vt 0.968349 0.043709
vt 0.963139 0.028944
vt 0.963139 0.001998
vt 0.964631 0.001998
vt 0.963446 0.394922
vt 0.964938 0.394922
vt 0.964938 0.367976
vt 0.502509 0.120015
vt 0.443992 0.068626
vt 0.502509 0.001998
vt 0.265507 0.001998
vt 0.176829 0.247859
vt 0.176829 0.001998
vt 0.269503 0.247859
vt 0.269503 0.001998
vt 0.358181 0.001998
vt 0.001998 0.263404
vt 0.085418 0.233321
vt 0.001998 0.001998
vt 0.172833 0.263404
vt 0.172833 0.001998
vt 0.089414 0.032081
vt 0.303601 0.634591
vt 0.279642 0.605831
vt 0.279642 0.694509
vt 0.656802 0.356341
vt 0.632843 0.416260
vt 0.656802 0.416260
vt 0.030758 0.659678
vt 0.001998 0.605763
vt 0.001998 0.683636
vt 0.415108 0.760803
vt 0.415108 0.699698
vt 0.429207 0.734373
vt 0.071029 0.270421
vt 0.069523 0.267400
vt 0.069523 0.300372
vt 0.307597 0.634591
vt 0.331556 0.694509
vt 0.331556 0.605831
vt 0.437910 0.621195
vt 0.461869 0.681114
vt 0.437910 0.681114
vt 0.176829 0.497722
vt 0.254470 0.251855
vt 0.254648 0.497722
vt 0.362355 0.247865
vt 0.362177 0.001998
vt 0.439996 0.001998
vt 0.090785 0.771296
vt 0.089444 0.801254
vt 0.090951 0.801254
vt 0.410830 0.843410
vt 0.407966 0.845198
vt 0.410830 0.875019
vt 0.375958 0.439594
vt 0.392137 0.610601
vt 0.362177 0.610601
vt 0.939803 0.722994
vt 0.942825 0.691530
vt 0.939803 0.690052
vt 0.172404 0.748166
vt 0.171063 0.751251
vt 0.172404 0.781179
vt 0.071001 0.341280
vt 0.071001 0.374252
vt 0.069523 0.374261
vt 0.556986 0.428953
vt 0.585911 0.421148
vt 0.556986 0.251861
vt 0.569432 0.222131
vt 0.569432 0.045038
vt 0.540507 0.052844
vt 0.556986 0.604510
vt 0.556986 0.432949
vt 0.586848 0.602104
vt 0.532008 0.878571
vt 0.542810 0.853251
vt 0.546987 0.878571
vt 0.391381 0.964107
vt 0.395886 0.949127
vt 0.395886 0.964107
vt 0.676912 0.963389
vt 0.672598 0.949044
vt 0.676912 0.947746
vt 0.851561 0.077082
vt 0.837313 0.049661
vt 0.851561 0.045038
vt 0.452685 0.824719
vt 0.437910 0.853154
vt 0.437910 0.822252
vt 0.863150 0.674146
vt 0.877112 0.668719
vt 0.863150 0.646849
vt 0.809588 0.852505
vt 0.809588 0.878452
vt 0.794899 0.875513
vt 0.428879 0.875360
vt 0.428879 0.847189
vt 0.415108 0.853085
vt 0.766975 0.879502
vt 0.766975 0.851974
vt 0.753197 0.857852
vt 0.834822 0.606695
vt 0.849802 0.606695
vt 0.846498 0.575872
vt 0.847338 0.285464
vt 0.850642 0.316287
vt 0.835663 0.316287
vt 0.396133 0.712243
vt 0.399146 0.621195
vt 0.411112 0.712243
vt 0.377029 0.614596
vt 0.377029 0.706427
vt 0.362177 0.704475
vt 0.126998 0.874506
vt 0.141978 0.874506
vt 0.138086 0.848609
vt 0.590583 0.899528
vt 0.605562 0.899528
vt 0.603514 0.878324
vt 0.556986 0.880758
vt 0.571966 0.880758
vt 0.568042 0.855718
vt 0.625365 0.855201
vt 0.629289 0.880242
vt 0.614310 0.880242
vt 0.644913 0.888466
vt 0.630119 0.905148
vt 0.644913 0.907501
vt 0.147969 0.908495
vt 0.159957 0.889696
vt 0.162948 0.908495
vt 0.406291 0.880716
vt 0.391381 0.879275
vt 0.391381 0.900466
vt 0.898935 0.714798
vt 0.886167 0.697885
vt 0.898935 0.690052
vt 0.019253 0.964274
vt 0.023758 0.949294
vt 0.019253 0.949294
vt 0.866291 0.876340
vt 0.851381 0.896201
vt 0.866291 0.897641
vt 0.885253 0.881440
vt 0.870350 0.900828
vt 0.870350 0.879935
vt 0.074114 0.879706
vt 0.059210 0.899094
vt 0.074114 0.900599
vt 0.343202 0.447137
vt 0.313233 0.251855
vt 0.358181 0.447137
vt 0.668604 0.432949
vt 0.668604 0.633337
vt 0.654006 0.629977
vt 0.590583 0.964303
vt 0.595088 0.949323
vt 0.595088 0.964303
vt 0.917831 0.903782
vt 0.917831 0.879936
vt 0.926721 0.891725
vt 0.672600 0.636086
vt 0.686913 0.631667
vt 0.672600 0.432949
vt 0.670606 0.248175
vt 0.656293 0.049457
vt 0.670606 0.045038
vt 0.884465 0.362111
vt 0.884465 0.332576
vt 0.873053 0.342278
vt 0.873696 0.640355
vt 0.873696 0.610820
vt 0.885108 0.630653
vt 0.924290 0.139671
vt 0.914864 0.126722
vt 0.924290 0.115081
vt 0.915858 0.836135
vt 0.915858 0.811545
vt 0.925285 0.824494
vt 0.899412 0.761673
vt 0.899412 0.734457
vt 0.888159 0.744344
vt 0.926871 0.800017
vt 0.926871 0.776171
vt 0.917981 0.788227
vt 0.881152 0.509414
vt 0.881152 0.480270
vt 0.892438 0.499564
vt 0.892394 0.675993
vt 0.881108 0.656699
vt 0.892394 0.646849
vt 0.686913 0.731666
vt 0.672598 0.644494
vt 0.686913 0.640082
vt 0.654006 0.728917
vt 0.654006 0.637333
vt 0.668321 0.724505
vt 0.888319 0.312680
vt 0.888319 0.285464
vt 0.899572 0.302793
vt 0.916945 0.757610
vt 0.916945 0.734457
vt 0.926372 0.745969
vt 0.111673 0.921295
vt 0.111673 0.897318
vt 0.121595 0.910072
vt 0.922401 0.456926
vt 0.912480 0.444172
vt 0.922401 0.432949
vt 0.460292 0.935110
vt 0.460292 0.913909
vt 0.452369 0.926622
vt 0.614310 0.934385
vt 0.622233 0.921672
vt 0.614310 0.913184
vt 0.923470 0.669069
vt 0.932287 0.656959
vt 0.923470 0.646849
vt 0.913835 0.932469
vt 0.913835 0.910249
vt 0.905018 0.922360
vt 0.668321 0.777852
vt 0.668321 0.732913
vt 0.650328 0.750877
vt 0.926102 0.398257
vt 0.926102 0.375103
vt 0.916675 0.386744
vt 0.904636 0.210503
vt 0.904636 0.185747
vt 0.914943 0.199633
vt 0.915639 0.176680
vt 0.905332 0.162794
vt 0.915639 0.151924
vt 0.934823 0.734457
vt 0.930368 0.735127
vt 0.934823 0.764730
vt 0.935373 0.776171
vt 0.930867 0.806107
vt 0.935373 0.806107
vt 0.250771 0.846893
vt 0.235802 0.836909
vt 0.250771 0.814468
vt 0.391543 0.614596
vt 0.381025 0.637722
vt 0.391543 0.665785
vt 0.703886 0.755857
vt 0.721850 0.707924
vt 0.703886 0.689931
vt 0.614310 0.780274
vt 0.632273 0.753299
vt 0.614310 0.735335
vt 0.259364 0.846880
vt 0.259364 0.814471
vt 0.274316 0.836923
vt 0.071015 0.304368
vt 0.071015 0.337284
vt 0.069523 0.335795
vt 0.699854 0.775121
vt 0.699854 0.806583
vt 0.698434 0.776682
vt 0.650328 0.947034
vt 0.650328 0.929064
vt 0.658100 0.933552
vt 0.410077 0.959576
vt 0.410077 0.944009
vt 0.405591 0.951803
vt 0.294098 0.946091
vt 0.294098 0.928121
vt 0.301870 0.932609
vt 0.006500 0.943048
vt 0.006500 0.958610
vt 0.001998 0.950826
vt 0.590591 0.945327
vt 0.590583 0.929761
vt 0.599569 0.929761
vt 0.366663 0.958816
vt 0.366663 0.943249
vt 0.362177 0.951043
vt 0.851381 0.944877
vt 0.851381 0.929310
vt 0.860368 0.929315
vt 0.378258 0.946118
vt 0.386030 0.932636
vt 0.378258 0.928148
vt 0.014998 0.943048
vt 0.014998 0.958610
vt 0.010496 0.950826
vt 0.484581 0.945596
vt 0.484581 0.961158
vt 0.480109 0.953374
vt 0.711671 0.945994
vt 0.703886 0.932514
vt 0.711671 0.928024
vt 0.353996 0.959069
vt 0.349510 0.951296
vt 0.353996 0.943502
vt 0.577140 0.032683
vt 0.601242 0.001998
vt 0.607754 0.032683
vt 0.506999 0.045038
vt 0.536511 0.213990
vt 0.506999 0.219146
vt 0.552990 0.251861
vt 0.523478 0.257016
vt 0.552990 0.425968
vt 0.536459 0.711302
vt 0.513376 0.730723
vt 0.536459 0.751946
vt 0.773562 0.378138
vt 0.790718 0.393896
vt 0.773562 0.418782
vt 0.668274 0.001998
vt 0.668274 0.040904
vt 0.645666 0.022061
vt 0.776813 0.788111
vt 0.776813 0.827017
vt 0.790832 0.799717
vt 0.611750 0.025762
vt 0.641670 0.001998
vt 0.641670 0.032589
vt 0.830230 0.416347
vt 0.830230 0.378138
vt 0.816622 0.405561
vt 0.847017 0.414008
vt 0.834226 0.405585
vt 0.847017 0.378138
vt 0.804056 0.041017
vt 0.804056 0.001998
vt 0.786799 0.026608
vt 0.060901 0.664810
vt 0.083599 0.573659
vt 0.090959 0.664810
vt 0.123002 0.689648
vt 0.094954 0.606301
vt 0.123002 0.595715
vt 0.739302 0.683796
vt 0.760466 0.668539
vt 0.739302 0.646849
vt 0.278429 0.798465
vt 0.295113 0.823372
vt 0.295113 0.786425
vt 0.723026 0.032001
vt 0.727291 0.001998
vt 0.700415 0.001998
vt 0.845596 0.517839
vt 0.832060 0.507621
vt 0.845596 0.480270
vt 0.298215 0.782430
vt 0.278429 0.752392
vt 0.303601 0.752392
vt 0.857157 0.037966
vt 0.857157 0.001998
vt 0.844788 0.029773
vt 0.686782 0.335080
vt 0.691471 0.305039
vt 0.667182 0.305039
vt 0.690360 0.810699
vt 0.672598 0.780694
vt 0.694436 0.780694
vt 0.849073 0.724920
vt 0.836090 0.717184
vt 0.849073 0.690052
vt 0.458685 0.818256
vt 0.437910 0.789855
vt 0.458685 0.788178
vt 0.141557 0.844613
vt 0.126998 0.835609
vt 0.141557 0.809425
vt 0.455982 0.447052
vt 0.485941 0.447052
vt 0.480075 0.251861
vt 0.519482 0.448534
vt 0.489937 0.256686
vt 0.519482 0.251861
s 1
f 1/1/1 2/2/1 3/3/1
s 0
f 4/4/2 5/5/2 6/6/2
f 7/7/3 8/8/3 9/9/3
f 10/10/4 12/11/4 11/12/4
f 13/13/5 15/14/5 14/15/5
f 16/16/6 18/17/6 17/18/6
f 19/19/7 20/20/7 21/21/7
f 22/22/8 23/23/8 24/24/8
f 25/25/1 26/26/1 27/27/1
f 28/28/9 29/29/9 30/30/9
f 31/31/10 33/32/10 32/33/10
f 34/34/11 35/35/11 36/36/11
f 37/37/12 38/38/12 39/39/12
s 1
f 40/40/13 42/41/13 41/42/13
s 0
f 43/43/14 45/44/14 44/45/14
f 46/46/15 47/47/15 48/48/15
f 49/49/16 51/50/16 50/51/16
f 52/52/17 53/53/17 54/54/17
f 55/55/18 57/56/18 56/57/18
f 58/58/19 60/59/19 59/60/19
f 61/61/20 62/62/20 63/63/20
f 64/64/21 65/65/21 66/66/21
s 1
f 67/67/22 68/68/22 69/69/22
s 0
f 70/70/23 72/71/23 71/72/23
f 73/73/24 75/74/24 74/75/24
f 76/76/25 78/77/25 77/78/25
f 79/79/26 80/80/26 81/81/26
s 1
f 82/82/27 84/83/27 83/84/27
s 0
f 85/85/28 87/86/28 86/87/28
f 88/88/29 90/89/29 89/90/29
f 91/91/30 92/92/30 93/93/30
f 94/94/31 96/95/31 95/96/31
f 97/97/32 99/98/32 98/99/32
f 100/100/33 102/101/33 101/102/33
s 1
f 103/103/34 104/104/34 105/105/34
f 106/106/35 107/107/35 108/108/35
s 0
f 109/109/36 110/110/36 111/111/36
f 112/112/37 114/113/37 113/114/37
f 115/115/38 117/116/38 116/117/38
f 118/118/39 119/119/39 120/120/39
f 121/121/40 122/122/40 123/123/40
f 124/124/41 126/125/41 125/126/41
f 127/127/42 129/128/42 128/129/42
f 130/130/43 132/131/43 131/132/43
s 1
f 133/133/44 134/134/44 135/135/44
s 0
f 136/136/45 138/137/45 137/138/45
f 139/139/46 141/140/46 140/141/46
f 142/142/47 143/143/47 144/144/47
f 145/145/48 147/146/48 146/147/48
f 148/148/49 149/149/49 150/150/49
f 151/151/50 152/152/50 153/153/50
f 154/154/51 156/155/51 155/156/51
f 157/157/52 158/158/52 159/159/52
f 160/160/53 161/161/53 162/162/53
s 1
f 163/163/54 164/164/54 165/165/54
s 0
f 166/166/55 168/167/55 167/168/55
f 169/169/56 170/170/56 171/171/56
f 172/172/57 173/173/57 174/174/57
f 175/175/58 176/176/58 177/177/58
f 178/178/59 180/179/59 179/180/59
f 181/181/60 183/182/60 182/183/60
f 184/184/61 185/185/61 186/186/61
f 187/187/62 189/188/62 188/189/62
f 190/190/63 191/191/63 192/192/63
f 193/193/64 194/194/64 195/195/64
f 196/196/65 198/197/65 197/198/65
f 199/199/66 200/200/66 201/201/66
f 202/202/67 203/203/67 204/204/67
f 205/205/68 207/206/68 206/207/68
f 208/208/69 210/209/69 209/210/69
f 211/211/70 212/212/70 213/213/70
f 214/214/71 216/215/71 215/216/71
f 217/217/72 218/218/72 219/219/72
f 220/220/73 221/221/73 222/222/73
f 223/223/74 224/224/74 225/225/74
s 1
f 226/226/75 227/227/75 228/228/75
s 0
f 229/229/76 231/230/76 230/231/76
f 232/232/77 233/233/77 234/234/77
f 235/235/78 236/236/78 237/237/78
f 238/238/79 239/239/79 240/240/79
f 241/241/80 242/242/80 243/243/80
f 244/244/81 246/245/81 245/246/81
f 247/247/82 248/248/82 249/249/82
s 1
f 250/250/83 251/251/83 252/252/83
s 0
f 253/253/84 254/254/84 255/255/84
f 256/256/85 257/257/85 258/258/85
s 1
f 259/259/86 261/260/86 260/261/86
s 0
f 262/262/87 264/263/87 263/264/87
f 265/265/88 266/266/88 267/267/88
f 268/268/89 270/269/89 269/270/89
f 271/271/90 273/272/90 272/273/90
f 274/274/91 276/275/91 275/276/91
f 277/277/92 279/278/92 278/279/92
f 280/280/93 281/281/93 282/282/93
f 283/283/94 285/284/94 284/285/94
f 286/286/95 287/287/95 288/288/95
f 289/289/96 290/290/96 291/291/96
f 292/292/97 294/293/97 293/294/97
s 1
f 295/295/98 296/296/98 297/297/98
f 298/298/99 299/299/99 300/300/99
f 301/301/100 303/302/100 302/303/100
f 304/304/101 305/305/101 306/306/101
f 307/307/102 308/308/102 309/309/102
f 310/310/103 312/311/103 311/312/103
s 0
f 313/313/104 314/314/104 315/315/104
s 1
f 316/316/105 317/317/105 318/318/105
s 0
f 319/319/106 321/320/106 320/321/106
f 322/322/107 323/323/107 324/324/107
f 325/325/108 326/326/108 327/327/108
f 328/328/109 330/329/109 329/330/109
f 331/331/110 333/332/110 332/333/110
f 334/334/111 336/335/111 335/336/111
f 337/337/112 339/338/112 338/339/112
f 340/340/113 341/341/113 342/342/113
f 343/343/114 345/344/114 344/345/114
f 346/346/115 348/347/115 347/348/115
f 349/349/116 351/350/116 350/351/116
f 352/352/117 354/353/117 353/354/117
s 1
f 355/355/118 356/356/118 357/357/118
f 358/358/119 360/359/119 359/360/119
s 0
f 361/361/120 363/362/120 362/363/120
f 364/364/121 365/365/121 366/366/121
f 367/367/122 368/368/122 369/369/122
f 370/370/123 372/371/123 371/372/123
f 373/373/124 374/374/124 375/375/124
s 1
f 376/376/125 377/377/125 378/378/125
s 0
f 379/379/126 380/380/126 381/381/126
f 382/382/127 383/383/127 384/384/127
f 385/385/128 386/386/128 387/387/128
s 1
f 388/388/129 390/389/129 389/390/129
s 0
f 391/391/130 392/392/130 393/393/130
f 394/394/131 395/395/131 396/396/131
f 397/397/132 398/398/132 399/399/132
f 400/400/133 401/401/133 402/402/133
s 1
f 403/403/134 405/404/134 404/405/134
f 406/406/135 407/407/135 408/408/135
s 0
f 409/409/136 411/410/136 410/411/136
f 412/412/137 414/413/137 413/414/137
f 415/415/138 416/416/138 417/417/138
f 418/418/139 420/419/139 419/420/139
f 421/421/140 423/422/140 422/423/140
f 424/424/141 425/425/141 426/426/141
f 427/427/142 428/428/142 429/429/142
f 430/430/143 432/431/143 431/432/143
s 1
f 433/433/144 435/434/144 434/435/144
s 0
f 436/436/145 437/437/145 438/438/145
f 439/439/146 440/440/146 441/441/146
f 442/442/147 443/443/147 444/444/147
f 445/445/148 447/446/148 446/447/148
f 448/448/149 449/449/149 450/450/149
f 451/451/150 452/452/150 453/453/150
f 454/454/151 456/455/151 455/456/151
s 1
f 457/457/152 459/458/152 458/459/152
s 0
f 460/460/153 461/461/153 462/462/153
f 463/463/154 464/464/154 465/465/154
f 466/466/155 468/467/155 467/468/155
f 469/469/156 470/470/156 471/471/156
f 472/472/157 473/473/157 474/474/157
f 475/475/158 477/476/158 476/477/158
f 478/478/159 480/479/159 479/480/159
f 481/481/160 482/482/160 483/483/160
f 484/484/161 485/485/161 486/486/161
f 487/487/162 489/488/162 488/489/162
f 490/490/163 491/491/163 492/492/163
f 493/493/164 494/494/164 495/495/164
f 496/496/165 497/497/165 498/498/165
f 499/499/166 501/500/166 500/501/166
f 502/502/167 503/503/167 504/504/167
f 505/505/168 506/506/168 507/507/168
s 1
f 508/508/169 510/509/169 509/510/169
s 0
f 511/511/170 512/512/170 513/513/170
f 514/514/171 516/515/171 515/516/171
f 517/517/171 519/518/171 518/519/171
f 520/520/172 522/521/172 521/522/172
f 523/523/173 525/524/173 524/525/173
f 526/526/173 528/527/173 527/528/173
s 1
f 529/529/160 530/530/160 531/531/160
f 532/532/174 534/533/174 533/534/174
s 0
f 535/535/174 537/536/174 536/537/174
f 538/538/175 539/539/175 540/540/175
f 541/541/176 542/542/176 543/543/176
f 544/544/177 546/545/177 545/546/177
s 1
f 547/547/175 548/548/175 549/549/175
s 0
f 550/550/178 551/551/178 552/552/178
f 553/553/178 554/554/178 555/555/178
f 556/556/179 557/557/179 558/558/179
f 559/559/180 560/560/180 561/561/180
f 562/562/181 563/563/181 564/564/181
f 565/565/182 567/566/182 566/567/182
s 1
f 568/568/183 570/569/183 569/570/183
s 0
f 571/571/184 572/572/184 573/573/184
f 574/574/185 575/575/185 576/576/185
f 577/577/186 578/578/186 579/579/186
f 580/580/187 581/581/187 582/582/187
f 583/583/188 584/584/188 585/585/188
f 586/586/189 588/587/189 587/588/189
f 589/589/190 590/590/190 591/591/190
f 592/592/191 593/593/191 594/594/191
f 595/595/192 596/596/192 597/597/192
f 598/598/193 599/599/193 600/600/193
f 601/601/194 602/602/194 603/603/194
f 604/604/195 606/605/195 605/606/195
f 607/607/196 609/608/196 608/609/196
f 610/610/197 611/611/197 612/612/197
f 613/613/198 615/614/198 614/615/198
f 616/616/199 618/617/199 617/618/199
f 619/619/200 620/620/200 621/621/200
f 622/622/201 623/623/201 624/624/201
s 1
f 625/625/202 626/626/202 627/627/202
s 0
f 628/628/203 630/629/203 629/630/203
f 631/631/204 633/632/204 632/633/204
s 1
f 634/634/205 635/635/205 636/636/205
s 0
f 637/637/206 639/638/206 638/639/206
f 640/640/207 641/641/207 642/642/207
f 643/643/208 644/644/208 645/645/208
f 646/646/209 647/647/209 648/648/209
f 649/649/210 651/650/210 650/651/210
s 1
f 652/652/211 653/653/211 654/654/211
s 0
f 655/655/212 657/656/212 656/657/212
f 658/658/213 659/659/213 660/660/213
f 661/661/214 663/662/214 662/663/214
f 664/664/215 666/665/215 665/666/215
f 667/667/168 668/668/168 669/669/168
s 1
f 670/670/216 672/671/216 671/672/216
s 0
f 673/673/217 674/674/217 675/675/217
f 676/676/218 677/677/218 678/678/218
s 1
f 679/679/219 681/680/219 680/681/219
f 682/682/220 683/683/220 684/684/220
s 0
f 685/685/221 687/686/221 686/687/221
f 688/688/222 690/689/222 689/690/222
f 691/691/223 693/692/223 692/693/223
f 694/694/224 695/695/224 696/696/224
f 697/697/225 699/698/225 698/699/225
f 700/700/226 701/701/226 702/702/226
f 703/703/227 704/704/227 705/705/227
f 706/706/228 708/707/228 707/708/228
f 709/709/229 711/710/229 710/711/229
s 1
f 712/712/230 714/713/230 713/714/230
s 0
f 715/715/231 717/716/231 716/717/231
f 718/718/232 720/719/232 719/720/232
f 721/721/233 722/722/233 723/723/233
f 724/724/234 725/725/234 726/726/234
f 727/727/235 729/728/235 728/729/235
s 1
f 730/730/236 731/731/236 732/732/236
s 0
f 733/733/237 734/734/237 735/735/237
f 736/736/238 738/737/238 737/738/238
f 739/739/239 740/740/239 741/741/239
f 742/742/240 743/743/240 744/744/240
f 745/745/241 747/746/241 746/747/241
f 748/748/242 749/749/242 750/750/242
f 751/751/243 752/752/243 753/753/243
f 754/754/244 756/755/244 755/756/244
f 757/757/245 759/758/245 758/759/245
f 760/760/246 762/761/246 761/762/246
f 763/763/247 764/764/247 765/765/247
f 766/766/248 767/767/248 768/768/248
f 769/769/249 770/770/249 771/771/249
f 772/772/250 773/773/250 774/774/250
f 775/775/251 777/776/251 776/777/251
f 778/778/252 780/779/252 779/780/252
f 781/781/253 783/782/253 782/783/253
s 1
f 784/784/254 785/785/254 786/786/254
f 787/787/255 788/788/255 789/789/255
f 790/790/256 792/791/256 791/792/256
s 0
f 793/793/257 794/794/257 795/795/257
f 796/796/258 798/797/258 797/798/258
f 799/799/259 801/800/259 800/801/259
f 802/802/260 804/803/260 803/804/260
f 805/805/261 806/806/261 807/807/261
f 808/808/262 809/809/262 810/810/262
f 811/811/263 813/812/263 812/813/263
f 814/814/264 816/815/264 815/816/264
f 817/817/265 819/818/265 818/819/265
f 820/820/266 821/821/266 822/822/266
f 823/823/267 824/824/267 825/825/267
f 826/826/268 828/827/268 827/828/268
f 829/829/269 830/830/269 831/831/269
s 1
f 832/832/270 833/833/270 834/834/270
f 835/835/270 836/836/270 837/837/270
f 838/838/269 839/839/269 840/840/269
f 841/841/270 843/842/270 842/843/270
s 0
f 844/844/270 845/845/270 846/846/270
f 847/847/270 848/848/270 849/849/270
f 850/850/271 851/851/271 852/852/271
f 853/853/269 854/854/269 855/855/269
f 856/856/270 857/857/270 858/858/270
f 859/859/270 860/860/270 861/861/270
f 862/862/269 863/863/269 864/864/269
f 865/865/270 867/866/270 866/867/270
f 868/868/271 869/869/271 870/870/271
f 871/871/272 873/872/272 872/873/272
f 874/874/273 875/875/273 876/876/273
f 877/877/274 879/878/274 878/879/274
s 1
f 880/880/271 881/881/271 882/882/271
f 883/883/271 884/884/271 885/885/271
s 0
f 886/886/275 887/887/275 888/888/275
s 1
f 889/889/275 890/890/275 891/891/275
s 0
f 892/892/276 894/893/276 893/894/276
f 895/895/272 897/896/272 896/897/272
f 898/898/277 899/899/277 900/900/277
f 901/901/278 903/902/278 902/903/278
s 1
f 904/904/279 906/905/279 905/906/279
f 907/907/280 908/908/280 909/909/280
s 0
f 910/910/276 912/911/276 911/912/276
f 913/913/281 914/914/281 915/915/281
f 916/916/282 917/917/282 918/918/282
f 919/919/282 920/920/282 921/921/282
s 1
f 922/922/283 924/923/283 923/924/283
f 925/925/284 926/926/284 927/927/284
s 0
f 928/928/285 929/929/285 930/930/285
f 931/931/285 932/932/285 933/933/285
s 1
f 934/934/286 936/935/286 935/936/286
s 0
f 937/937/281 938/938/281 939/939/281
s 1
f 940/940/286 941/941/286 942/942/286
f 943/943/286 944/944/286 945/945/286
f 946/946/287 947/947/287 948/948/287
s 0
f 949/949/287 950/950/287 951/951/287
s 1
f 952/952/271 953/953/271 954/954/271
f 955/955/286 956/956/286 957/957/286
f 958/958/286 959/959/286 960/960/286
s 0
f 961/961/288 963/962/288 962/963/288
f 964/964/288 966/965/288 965/966/288
f 967/967/270 968/968/270 969/969/270
f 970/970/269 971/971/269 972/972/269
s 1
f 973/973/270 975/974/270 974/975/270
s 0
f 976/976/269 977/977/269 978/978/269
f 979/979/269 980/980/269 981/981/269
f 982/982/269 983/983/269 984/984/269
f 985/985/269 986/986/269 987/987/269
f 988/988/269 990/989/269 989/990/269
f 991/991/269 993/992/269 992/993/269
f 994/994/270 995/995/270 996/996/270
s 1
f 997/997/270 998/998/270 999/999/270
s 0
f 1000/1000/271 1001/1001/271 1002/1002/271
f 1003/1003/269 1005/1004/269 1004/1005/269
f 1006/1006/271 1007/1007/271 1008/1008/271
f 1009/1009/271 1010/1010/271 1011/1011/271
f 1012/1012/271 1013/1013/271 1014/1014/271
f 1015/1015/271 1016/1016/271 1017/1017/271
s 1
f 1018/1018/271 1019/1019/271 1020/1020/271
s 0
f 1021/1021/286 1022/1022/286 1023/1023/286
s 1
f 1024/1024/286 1026/1025/286 1025/1026/286
s 0
f 1027/1027/271 1028/1028/271 1029/1029/271
f 1030/1030/271 1031/1031/271 1032/1032/271
f 1033/1033/271 1034/1034/271 1035/1035/271
f 1036/1036/286 1038/1037/286 1037/1038/286
f 1039/1039/286 1041/1040/286 1040/1041/286
f 1042/1042/270 1043/1043/270 1044/1044/270
f 1045/1045/270 1046/1046/270 1047/1047/270
f 1048/1048/270 1050/1049/270 1049/1050/270
f 1051/1051/286 1052/1052/286 1053/1053/286
f 1054/1054/270 1056/1055/270 1055/1056/270
f 1057/1057/289 1059/1058/289 1058/1059/289
f 1060/1060/289 1062/1061/289 1061/1062/289
f 1063/1063/289 1065/1064/289 1064/1065/289
f 1066/1066/289 1068/1067/289 1067/1068/289
f 1069/1069/289 1071/1070/289 1070/1071/289
f 1072/1072/289 1074/1073/289 1073/1074/289
f 1075/1075/289 1077/1076/289 1076/1077/289
s 1
f 1078/1078/289 1080/1079/289 1079/1080/289
s 0
f 1081/1081/289 1083/1082/289 1082/1083/289
f 1084/1084/289 1086/1085/289 1085/1086/289
f 1087/1087/290 1088/1088/290 1089/1089/290
f 1090/1090/290 1091/1091/290 1092/1092/290
f 1093/1093/290 1094/1094/290 1095/1095/290
f 1096/1096/289 1098/1097/289 1097/1098/289
f 1099/1099/290 1100/1100/290 1101/1101/290
f 1102/1102/290 1103/1103/290 1104/1104/290
f 1105/1105/291 1106/1106/291 1107/1107/291
s 1
f 1108/1108/289 1109/1109/289 1110/1110/289
f 1111/1111/289 1112/1112/289 1113/1113/289
s 0
f 1114/1114/290 1115/1115/290 1116/1116/290
f 1117/1117/290 1118/1118/290 1119/1119/290
s 1
f 1120/1120/292 1121/1121/292 1122/1122/292
s 0
f 1123/1123/293 1125/1124/293 1124/1125/293
f 1126/1126/289 1127/1127/289 1128/1128/289
f 1129/1129/291 1130/1130/291 1131/1131/291
s 1
f 1132/1132/294 1133/1133/294 1134/1134/294
s 0
f 1135/1135/294 1136/1136/294 1137/1137/294
f 1138/1138/295 1139/1139/295 1140/1140/295
f 1141/1141/295 1142/1142/295 1143/1143/295
s 1
f 1144/1144/289 1145/1145/289 1146/1146/289
s 0
f 1147/1147/296 1149/1148/296 1148/1149/296
f 1150/1150/289 1152/1151/289 1151/1152/289
f 1153/1153/290 1154/1154/290 1155/1155/290
f 1156/1156/297 1158/1157/297 1157/1158/297
f 1159/1159/298 1160/1160/298 1161/1161/298
f 1162/1162/291 1163/1163/291 1164/1164/291
f 1165/1165/291 1166/1166/291 1167/1167/291
f 1168/1168/290 1169/1169/290 1170/1170/290
f 1171/1171/296 1173/1172/296 1172/1173/296
f 1174/1174/299 1176/1175/299 1175/1176/299
f 1177/1177/299 1179/1178/299 1178/1179/299
f 1180/1180/289 1181/1181/289 1182/1182/289
f 1183/1183/289 1184/1184/289 1185/1185/289
f 1186/1186/290 1187/1187/290 1188/1188/290
f 1189/1189/298 1191/1190/298 1190/1191/298
s 1
f 1192/1192/293 1194/1193/293 1193/1194/293
s 0
f 1195/1195/293 1197/1196/293 1196/1197/293
f 1198/1198/294 1200/1199/294 1199/1200/294
f 1201/1201/294 1203/1202/294 1202/1203/294
s 1
f 1204/1204/300 1206/1205/300 1205/1206/300
s 0
f 1207/1207/301 1208/1208/301 1209/1209/301
f 1210/1210/297 1212/1211/297 1211/1212/297
f 1213/1213/298 1215/1214/298 1214/1215/298
f 1216/1216/289 1217/1217/289 1218/1218/289
f 1219/1219/289 1220/1220/289 1221/1221/289
f 1222/1222/290 1223/1223/290 1224/1224/290
f 1225/1225/290 1226/1226/290 1227/1227/290
f 1228/1228/298 1229/1229/298 1230/1230/298
s 1
f 1231/1231/289 1232/1232/289 1233/1233/289
s 0
f 1234/1234/291 1235/1235/291 1236/1236/291
f 1237/1237/291 1238/1238/291 1239/1239/291
f 1240/1240/291 1242/1241/291 1241/1242/291
f 1243/1243/294 1244/1244/294 1245/1245/294
f 1246/1246/297 1247/1247/297 1248/1248/297
f 1249/1249/297 1250/1250/297 1251/1251/297
f 1252/1252/302 1254/1253/302 1253/1254/302
f 1255/1255/290 1257/1256/290 1256/1257/290
f 1258/1258/290 1259/1259/290 1260/1260/290
f 1261/1261/290 1262/1262/290 1263/1263/290
f 1264/1264/298 1265/1265/298 1266/1266/298
s 1
f 1267/1267/297 1269/1268/297 1268/1269/297
s 0
f 1270/1270/302 1272/1271/302 1271/1272/302
f 1273/1273/290 1274/1274/290 1275/1275/290
s 1
f 1276/1276/301 1277/1277/301 1278/1278/301
s 0
f 1279/1279/300 1281/1280/300 1280/1281/300
f 1282/1282/297 1283/1283/297 1284/1284/297
f 1285/1285/298 1287/1286/298 1286/1287/298
f 1288/1288/289 1289/1289/289 1290/1290/289
f 1291/1291/289 1292/1292/289 1293/1293/289
f 1294/1294/291 1296/1295/291 1295/1296/291
f 1297/1297/290 1298/1298/290 1299/1299/290
f 1300/1300/299 1301/1301/299 1302/1302/299
f 1303/1303/299 1304/1304/299 1305/1305/299
f 1306/1306/296 1307/1307/296 1308/1308/296
f 1309/1309/296 1310/1310/296 1311/1311/296
f 1312/1312/294 1313/1313/294 1314/1314/294
f 1315/1315/303 1316/1316/303 1317/1317/303
f 1318/1318/297 1319/1319/297 1320/1320/297
f 1321/1321/297 1322/1322/297 1323/1323/297
f 1324/1324/290 1326/1325/290 1325/1326/290
f 1327/1327/289 1328/1328/289 1329/1329/289
f 1330/1330/289 1332/1331/289 1331/1332/289
s 1
f 1333/1333/289 1335/1334/289 1334/1335/289
s 0
f 1336/1336/304 1337/1337/304 1338/1338/304
f 1339/1339/303 1340/1340/303 1341/1341/303
f 1342/1342/305 1344/1343/305 1343/1344/305
f 1345/1345/305 1347/1346/305 1346/1347/305
f 1348/1348/306 1350/1349/306 1349/1350/306
s 1
f 1351/1351/307 1352/1352/307 1353/1353/307
s 0
f 1354/1354/304 1355/1355/304 1356/1356/304
f 1357/1357/308 1359/1358/308 1358/1359/308
f 1360/1360/289 1361/1361/289 1362/1362/289
f 1363/1363/290 1365/1364/290 1364/1365/290
f 1366/1366/290 1367/1367/290 1368/1368/290
f 1369/1369/290 1370/1370/290 1371/1371/290
f 1372/1372/309 1373/1373/309 1374/1374/309
f 1375/1375/310 1376/1376/310 1377/1377/310
f 1378/1378/290 1380/1379/290 1379/1380/290
f 1381/1381/311 1382/1382/311 1383/1383/311
s 1
f 1384/1384/312 1385/1385/312 1386/1386/312
s 0
f 1387/1387/311 1389/1388/311 1388/1389/311
f 1390/1390/310 1392/1391/310 1391/1392/310
f 1393/1393/313 1394/1394/313 1395/1395/313
f 1396/1396/289 1397/1397/289 1398/1398/289
s 1
f 1399/1399/296 1401/1400/296 1400/1401/296
s 0
f 1402/1402/289 1404/1403/289 1403/1404/289
f 1405/1405/290 1406/1406/290 1407/1407/290
f 1408/1408/293 1410/1409/293 1409/1410/293
f 1411/1411/293 1413/1412/293 1412/1413/293
f 1414/1414/302 1416/1415/302 1415/1416/302
f 1417/1417/296 1418/1418/296 1419/1419/296
f 1420/1420/290 1421/1421/290 1422/1422/290
s 1
f 1423/1423/302 1424/1424/302 1425/1425/302
f 1426/1426/292 1428/1427/292 1427/1428/292
f 1429/1429/292 1431/1430/292 1430/1431/292
s 0
f 1432/1432/290 1434/1433/290 1433/1434/290
f 1435/1435/289 1436/1436/289 1437/1437/289
f 1438/1438/289 1440/1439/289 1439/1440/289
f 1441/1441/314 1443/1442/314 1442/1443/314
f 1444/1444/315 1445/1445/315 1446/1446/315
f 1447/1447/316 1449/1448/316 1448/1449/316
f 1450/1450/317 1452/1451/317 1451/1452/317
s 1
f 1453/1453/317 1455/1454/317 1454/1455/317
s 0
f 1456/1456/318 1458/1457/318 1457/1458/318
f 1459/1459/318 1461/1460/318 1460/1461/318
f 1462/1462/319 1464/1463/319 1463/1464/319
f 1465/1465/320 1466/1466/320 1467/1467/320
f 1468/1468/289 1469/1469/289 1470/1470/289
f 1471/1471/289 1472/1472/289 1473/1473/289
f 1474/1474/290 1475/1475/290 1476/1476/290
f 1477/1477/290 1478/1478/290 1479/1479/290
f 1480/1480/321 1481/1481/321 1482/1482/321
f 1483/1483/289 1484/1484/289 1485/1485/289
f 1486/1486/322 1488/1487/322 1487/1488/322
f 1489/1489/323 1490/1490/323 1491/1491/323
f 1492/1492/324 1493/1493/324 1494/1494/324
f 1495/1495/324 1496/1496/324 1497/1497/324
s 1
f 1498/1498/325 1500/1499/325 1499/1500/325
s 0
f 1501/1501/326 1502/1502/326 1503/1503/326
f 1504/1504/324 1506/1505/324 1505/1506/324
s 1
f 1507/1507/289 1508/1508/289 1509/1509/289
s 0
f 1510/1510/290 1511/1511/290 1512/1512/290
s 1
f 1513/1513/290 1514/1514/290 1515/1515/290
s 0
f 1516/1516/325 1517/1517/325 1518/1518/325
f 1519/1519/326 1521/1520/326 1520/1521/326
f 1522/1522/327 1523/1523/327 1524/1524/327
f 1525/1525/290 1526/1526/290 1527/1527/290
f 1528/1528/324 1529/1529/324 1530/1530/324
f 1531/1531/324 1532/1532/324 1533/1533/324
f 1534/1534/326 1535/1535/326 1536/1536/326
f 1537/1537/326 1538/1538/326 1539/1539/326
f 1540/1540/289 1541/1541/289 1542/1542/289
f 1543/1543/290 1545/1544/290 1544/1545/290
f 1546/1546/297 1548/1547/297 1547/1548/297
f 1549/1549/289 1551/1550/289 1550/1551/289
s 1
f 1552/1552/294 1554/1553/294 1553/1554/294
s 0
f 1555/1555/294 1557/1556/294 1556/1557/294
f 1558/1558/295 1559/1559/295 1560/1560/295
f 1561/1561/295 1562/1562/295 1563/1563/295
s 1
f 1564/1564/297 1566/1565/297 1565/1566/297
s 0
f 1567/1567/296 1568/1568/296 1569/1569/296
f 1570/1570/296 1572/1571/296 1571/1572/296
f 1573/1573/296 1575/1574/296 1574/1575/296
f 1576/1576/290 1578/1577/290 1577/1578/290
f 1579/1579/290 1581/1580/290 1580/1581/290
f 1582/1582/290 1583/1583/290 1584/1584/290
f 1585/1585/290 1586/1586/290 1587/1587/290
f 1588/1588/291 1590/1589/291 1589/1590/291
f 1591/1591/296 1592/1592/296 1593/1593/296
f 1594/1594/298 1596/1595/298 1595/1596/298
f 1597/1597/297 1598/1598/297 1599/1599/297
f 1600/1600/295 1602/1601/295 1601/1602/295
f 1603/1603/295 1605/1604/295 1604/1605/295
f 1606/1606/291 1608/1607/291 1607/1608/291
f 1609/1609/297 1610/1610/297 1611/1611/297
f 1612/1612/289 1613/1613/289 1614/1614/289
f 1615/1615/290 1617/1616/290 1616/1617/290
f 1618/1618/289 1620/1619/289 1619/1620/289
f 1621/1621/289 1623/1622/289 1622/1623/289
s 1
f 1624/1624/302 1626/1625/302 1625/1626/302
s 0
f 1627/1627/302 1629/1628/302 1628/1629/302
f 1630/1630/291 1632/1631/291 1631/1632/291
f 1633/1633/298 1635/1634/298 1634/1635/298
f 1636/1636/299 1637/1637/299 1638/1638/299
s 1
f 1639/1639/299 1640/1640/299 1641/1641/299
s 0
f 1642/1642/294 1643/1643/294 1644/1644/294
f 1645/1645/271 1646/1646/271 1647/1647/271
f 1648/1648/271 1649/1649/271 1650/1650/271
f 1651/1651/271 1652/1652/271 1653/1653/271
f 1654/1654/271 1655/1655/271 1656/1656/271
f 1657/1657/271 1658/1658/271 1659/1659/271
f 1660/1660/328 1662/1661/328 1661/1662/328
f 1663/1663/271 1664/1664/271 1665/1665/271
f 1666/1666/269 1667/1667/269 1668/1668/269
f 1669/1669/269 1670/1670/269 1671/1671/269
s 1
f 1672/1672/269 1673/1673/269 1674/1674/269
s 0
f 1675/1675/329 1676/1676/329 1677/1677/329
f 1678/1678/328 1680/1679/328 1679/1680/328
f 1681/1681/330 1682/1682/330 1683/1683/330
f 1684/1684/331 1685/1685/331 1686/1686/331
f 1687/1687/332 1689/1688/332 1688/1689/332
f 1690/1690/290 1691/1691/290 1692/1692/290
s 1
f 1693/1693/290 1694/1694/290 1695/1695/290
f 1696/1696/290 1697/1697/290 1698/1698/290
f 1699/1699/290 1700/1700/290 1701/1701/290
s 0
f 1702/1702/271 1703/1703/271 1704/1704/271
f 1705/1705/271 1706/1706/271 1707/1707/271
f 1708/1708/290 1709/1709/290 1710/1710/290
f 1711/1711/290 1712/1712/290 1713/1713/290
f 1714/1714/286 1715/1715/286 1716/1716/286
f 1717/1717/286 1718/1718/286 1719/1719/286
f 1720/1720/271 1722/1721/271 1721/1722/271
f 1723/1723/286 1724/1724/286 1725/1725/286
f 1726/1726/286 1727/1727/286 1728/1728/286
f 1729/1729/286 1730/1730/286 1731/1731/286
f 1732/1732/286 1733/1733/286 1734/1734/286
f 1735/1735/271 1737/1736/271 1736/1737/271
f 1738/1738/270 1740/1739/270 1739/1740/270
f 1741/1741/270 1743/1742/270 1742/1743/270
f 1744/1744/269 1745/1745/269 1746/1746/269
f 1747/1747/270 1749/1748/270 1748/1749/270
f 1750/1750/270 1752/1751/270 1751/1752/270
f 1753/1753/270 1755/1754/270 1754/1755/270
f 1756/1756/269 1757/1757/269 1758/1758/269
f 1759/1759/270 1760/1760/270 1761/1761/270
s 1
f 1762/1762/269 1764/1763/269 1763/1764/269
f 1765/1765/269 1766/1766/269 1767/1767/269
s 0
f 1768/1768/269 1769/1769/269 1770/1770/269
f 1771/1771/269 1772/1772/269 1773/1773/269
f 1774/1774/270 1776/1775/270 1775/1776/270
f 1777/1777/271 1778/1778/271 1779/1779/271
f 1780/1780/270 1782/1781/270 1781/1782/270
f 1783/1783/270 1785/1784/270 1784/1785/270
s 1
f 1786/1786/270 1788/1787/270 1787/1788/270
s 0
f 1789/1789/270 1790/1790/270 1791/1791/270
f 1792/1792/270 1793/1793/270 1794/1794/270
f 1795/1795/286 1797/1796/286 1796/1797/286
f 1798/1798/286 1799/1799/286 1800/1800/286
f 1801/1801/271 1803/1802/271 1802/1803/271
f 1804/1804/271 1805/1805/271 1806/1806/271
s 1
f 1807/1807/271 1808/1808/271 1809/1809/271
f 1810/1810/289 1811/1811/289 1812/1812/289
s 0
f 1813/1813/289 1814/1814/289 1815/1815/289
f 1816/1816/289 1817/1817/289 1818/1818/289
f 1819/1819/290 1821/1820/290 1820/1821/290
f 1822/1822/290 1823/1823/290 1824/1824/290
f 1825/1825/289 1827/1826/289 1826/1827/289
s 1
f 1828/1828/333 1830/1829/333 1829/1830/333
s 0
f 1831/1831/334 1833/1832/334 1832/1833/334
f 1834/1834/335 1835/1835/335 1836/1836/335
f 1837/1837/336 1838/1838/336 1839/1839/336
f 1840/1840/336 1842/1841/336 1841/1842/336
s 1
f 1843/1843/337 1844/1844/337 1845/1845/337
f 1846/1846/337 1847/1847/337 1848/1848/337
s 0
f 1849/1849/335 1851/1850/335 1850/1851/335
f 1852/1852/334 1853/1853/334 1854/1854/334
f 1855/1855/338 1857/1856/338 1856/1857/338
f 1858/1858/270 1859/1859/270 1860/1860/270
s 1
f 1861/1861/339 1862/1862/339 1863/1863/339
f 1864/1864/339 1865/1865/339 1866/1866/339
s 0
f 1867/1867/340 1868/1868/340 1869/1869/340
s 1
f 1870/1870/340 1871/1871/340 1872/1872/340
s 0
f 1873/1873/269 1875/1874/269 1874/1875/269
f 1876/1876/269 1878/1877/269 1877/1878/269
f 1879/1879/269 1881/1880/269 1880/1881/269
f 1882/1882/269 1884/1883/269 1883/1884/269
f 1885/1885/269 1887/1886/269 1886/1887/269
f 1888/1888/270 1889/1889/270 1890/1890/270
f 1891/1891/270 1892/1892/270 1893/1893/270
f 1894/1894/270 1895/1895/270 1896/1896/270
f 1897/1897/269 1899/1898/269 1898/1899/269
s 1
f 1900/1900/269 1902/1901/269 1901/1902/269
s 0
f 1903/1903/269 1905/1904/269 1904/1905/269
f 1906/1906/269 1908/1907/269 1907/1908/269
f 1909/1909/269 1911/1910/269 1910/1911/269
f 1912/1912/269 1914/1913/269 1913/1914/269
f 1915/1915/269 1917/1916/269 1916/1917/269
f 1918/1918/269 1920/1919/269 1919/1920/269
f 1921/1921/269 1923/1922/269 1922/1923/269
f 1924/1924/269 1926/1925/269 1925/1926/269
f 1927/1927/270 1928/1928/270 1929/1929/270
f 1930/1930/270 1931/1931/270 1932/1932/270
f 1933/1933/270 1934/1934/270 1935/1935/270
f 1936/1936/270 1937/1937/270 1938/1938/270
f 1939/1939/270 1940/1940/270 1941/1941/270
f 1942/1942/341 1943/1943/341 1944/1944/341
f 1945/1945/269 1947/1946/269 1946/1947/269
f 1948/1948/270 1949/1949/270 1950/1950/270
f 1951/1951/270 1952/1952/270 1953/1953/270
f 1954/1954/270 1955/1955/270 1956/1956/270
f 1957/1957/342 1959/1958/342 1958/1959/342
s 1
f 1960/1960/343 1961/1961/343 1962/1962/343
s 0
f 1963/1963/344 1965/1964/344 1964/1965/344
f 1966/1966/341 1967/1967/341 1968/1968/341
f 1969/1969/345 1970/1970/345 1971/1971/345
f 1972/1972/346 1974/1973/346 1973/1974/346
f 1975/1975/347 1977/1976/347 1976/1977/347
f 1978/1978/348 1979/1979/348 1980/1980/348
f 1981/1981/349 1982/1982/349 1983/1983/349
s 1
f 1984/1984/350 1985/1985/350 1986/1986/350
s 0
f 1987/1987/351 1988/1988/351 1989/1989/351
f 1990/1990/352 1992/1991/352 1991/1992/352
f 1993/1993/353 1995/1994/353 1994/1995/353
f 1996/1996/353 1998/1997/353 1997/1998/353
s 1
f 1999/1999/354 2001/2000/354 2000/2001/354
s 0
f 2002/2002/355 2003/2003/355 2004/2004/355
s 1
f 2005/2005/356 2006/2006/356 2007/2007/356
f 2008/2008/357 2010/2009/357 2009/2010/357
f 2011/2011/358 2012/2012/358 2013/2013/358
s 0
f 2014/2014/358 2015/2015/358 2016/2016/358
s 1
f 2017/2017/359 2018/2018/359 2019/2019/359
s 0
f 2020/2020/360 2022/2021/360 2021/2022/360
f 2023/2023/356 2024/2024/356 2025/2025/356
f 2026/2026/270 2028/2027/270 2027/2028/270
s 1
f 2029/2029/361 2030/2030/361 2031/2031/361
f 2032/2032/361 2033/2033/361 2034/2034/361
s 0
f 2035/2035/271 2036/2036/271 2037/2037/271
s 1
f 2038/2038/286 2040/2039/286 2039/2040/286
s 0
f 2041/2041/269 2042/2042/269 2043/2043/269
f 2044/2044/269 2045/2045/269 2046/2046/269
f 2047/2047/269 2048/2048/269 2049/2049/269
f 2050/2050/270 2052/2051/270 2051/2052/270
f 2053/2053/269 2054/2054/269 2055/2055/269
f 2056/2056/269 2057/2057/269 2058/2058/269
f 2059/2059/270 2061/2060/270 2060/2061/270
f 2062/2062/270 2064/2063/270 2063/2064/270
s 1
f 2065/2065/270 2067/2066/270 2066/2067/270
f 2068/2068/269 2069/2069/269 2070/2070/269
s 0
f 2071/2071/269 2072/2072/269 2073/2073/269
f 2074/2074/270 2076/2075/270 2075/2076/270
f 2077/2077/270 2079/2078/270 2078/2079/270
f 2080/2080/270 2082/2081/270 2081/2082/270
f 2083/2083/269 2084/2084/269 2085/2085/269
f 2086/2086/269 2087/2087/269 2088/2088/269
f 2089/2089/270 2091/2090/270 2090/2091/270
f 2092/2092/270 2094/2093/270 2093/2094/270
f 2095/2095/270 2097/2096/270 2096/2097/270
f 2098/2098/270 2100/2099/270 2099/2100/270
f 2101/2101/269 2102/2102/269 2103/2103/269
f 2104/2104/269 2105/2105/269 2106/2106/269
f 2107/2107/269 2108/2108/269 2109/2109/269
s 1
f 2110/2110/362 2112/2111/362 2111/2112/362
s 0
f 2113/2113/269 2114/2114/269 2115/2115/269
f 2116/2116/269 2117/2117/269 2118/2118/269
f 2119/2119/269 2120/2120/269 2121/2121/269
f 2122/2122/269 2123/2123/269 2124/2124/269
f 2125/2125/363 2127/2126/363 2126/2127/363
f 2128/2128/364 2129/2129/364 2130/2130/364
f 2131/2131/365 2132/2132/365 2133/2133/365
f 2134/2134/366 2136/2135/366 2135/2136/366
f 2137/2137/367 2138/2138/367 2139/2139/367
f 2140/2140/368 2141/2141/368 2142/2142/368
s 1
f 2143/2143/369 2145/2144/369 2144/2145/369
s 0
f 2146/2146/370 2147/2147/370 2148/2148/370
f 2149/2149/371 2151/2150/371 2150/2151/371
f 2152/2152/372 2153/2153/372 2154/2154/372
f 2155/2155/373 2157/2156/373 2156/2157/373
s 1
f 2158/2158/374 2159/2159/374 2160/2160/374
s 0
f 2161/2161/375 2163/2162/375 2162/2163/375
f 2164/2164/376 2165/2165/376 2166/2166/376
f 2167/2167/377 2169/2168/377 2168/2169/377
f 2170/2170/372 2171/2171/372 2172/2172/372
f 2173/2173/378 2174/2174/378 2175/2175/378
f 2176/2176/379 2178/2177/379 2177/2178/379
f 2179/2179/380 2180/2180/380 2181/2181/380
f 2182/2182/381 2184/2183/381 2183/2184/381
f 2185/2185/382 2186/2186/382 2187/2187/382
f 2188/2188/383 2189/2189/383 2190/2190/383
f 2191/2191/383 2192/2192/383 2193/2193/383
f 2194/2194/286 2195/2195/286 2196/2196/286
f 2197/2197/378 2198/2198/378 2199/2199/378
f 2200/2200/384 2202/2201/384 2201/2202/384
f 2203/2203/384 2205/2204/384 2204/2205/384
f 2206/2206/286 2207/2207/286 2208/2208/286
f 2209/2209/269 2210/2210/269 2211/2211/269
f 2212/2212/269 2213/2213/269 2214/2214/269
f 2215/2215/269 2216/2216/269 2217/2217/269
f 2218/2218/269 2219/2219/269 2220/2220/269
f 2221/2221/271 2223/2222/271 2222/2223/271
f 2224/2224/385 2225/2225/385 2226/2226/385
f 2227/2227/386 2228/2228/386 2229/2229/386
f 2230/2230/386 2231/2231/386 2232/2232/386
f 2233/2233/387 2234/2234/387 2235/2235/387
f 2236/2236/286 2237/2237/286 2238/2238/286
f 2239/2239/271 2241/2240/271 2240/2241/271
f 2242/2242/388 2243/2243/388 2244/2244/388
f 2245/2245/388 2246/2246/388 2247/2247/388
s 1
f 2248/2248/389 2249/2249/389 2250/2250/389
f 2251/2251/389 2252/2252/389 2253/2253/389
s 0
f 2254/2254/390 2255/2255/390 2256/2256/390
f 2257/2257/391 2259/2258/391 2258/2259/391
f 2260/2260/392 2261/2261/392 2262/2262/392
f 2263/2263/392 2264/2264/392 2265/2265/392
f 2266/2266/393 2267/2267/393 2268/2268/393
s 1
f 2269/2269/394 2271/2270/394 2270/2271/394
s 0
f 2272/2272/390 2273/2273/390 2274/2274/390
f 2275/2275/395 2276/2276/395 2277/2277/395
f 2278/2278/396 2279/2279/396 2280/2280/396
f 2281/2281/397 2283/2282/397 2282/2283/397
s 1
f 2284/2284/398 2285/2285/398 2286/2286/398
f 2287/2287/399 2289/2288/399 2288/2289/399
s 0
f 2290/2290/400 2291/2291/400 2292/2292/400
f 2293/2293/401 2295/2294/401 2294/2295/401
f 2296/2296/402 2297/2297/402 2298/2298/402
s 1
f 2299/2299/395 2300/2300/395 2301/2301/395
s 0
f 2302/2302/403 2304/2303/403 2303/2304/403
f 2305/2305/403 2307/2306/403 2306/2307/403
f 2308/2308/404 2309/2309/404 2310/2310/404
f 2311/2311/404 2312/2312/404 2313/2313/404
f 2314/2314/402 2315/2315/402 2316/2316/402
f 2317/2317/405 2319/2318/405 2318/2319/405
f 2320/2320/406 2321/2321/406 2322/2322/406
s 1
f 2323/2323/406 2324/2324/406 2325/2325/406
s 0
f 2326/2326/407 2327/2327/407 2328/2328/407
f 2329/2329/408 2331/2330/408 2330/2331/408
f 2332/2332/409 2334/2333/409 2333/2334/409
s 1
f 2335/2335/410 2336/2336/410 2337/2337/410
s 0
f 2338/2338/411 2340/2339/411 2339/2340/411
f 2341/2341/405 2343/2342/405 2342/2343/405
f 2344/2344/412 2346/2345/412 2345/2346/412
f 2347/2347/412 2349/2348/412 2348/2349/412
f 2350/2350/413 2351/2351/413 2352/2352/413
f 2353/2353/414 2355/2354/414 2354/2355/414
f 2356/2356/415 2357/2357/415 2358/2358/415
f 2359/2359/416 2361/2360/416 2360/2361/416
f 2362/2362/417 2364/2363/417 2363/2364/417
f 2365/2365/417 2367/2366/417 2366/2367/417
f 2368/2368/418 2369/2369/418 2370/2370/418
s 1
f 2371/2371/418 2372/2372/418 2373/2373/418
s 0
f 2374/2374/419 2376/2375/419 2375/2376/419
f 2377/2377/419 2379/2378/419 2378/2379/419
f 2380/2380/420 2382/2381/420 2381/2382/420
f 2383/2383/416 2385/2384/416 2384/2385/416
f 2386/2386/421 2388/2387/421 2387/2388/421
s 1
f 2389/2389/422 2390/2390/422 2391/2391/422
s 0
f 2392/2392/423 2394/2393/423 2393/2394/423
f 2395/2395/424 2396/2396/424 2397/2397/424
f 2398/2398/420 2400/2399/420 2399/2400/420
f 2401/2401/425 2402/2402/425 2403/2403/425
s 1
f 2404/2404/426 2406/2405/426 2405/2406/426
s 0
f 2407/2407/427 2408/2408/427 2409/2409/427
f 2410/2410/428 2411/2411/428 2412/2412/428
f 2413/2413/428 2414/2414/428 2415/2415/428
f 2416/2416/429 2418/2417/429 2417/2418/429
f 2419/2419/429 2421/2420/429 2420/2421/429
s 1
f 2422/2422/430 2424/2423/430 2423/2424/430
s 0
f 2425/2425/431 2427/2426/431 2426/2427/431
f 2428/2428/432 2430/2429/432 2429/2430/432
f 2431/2431/432 2433/2432/432 2432/2433/432
f 2434/2434/433 2436/2435/433 2435/2436/433
f 2437/2437/433 2439/2438/433 2438/2439/433
f 2440/2440/430 2442/2441/430 2441/2442/430
s 1
f 2443/2443/434 2444/2444/434 2445/2445/434
s 0
f 2446/2446/435 2448/2447/435 2447/2448/435
f 2449/2449/435 2451/2450/435 2450/2451/435
f 2452/2452/436 2453/2453/436 2454/2454/436
f 2455/2455/436 2456/2456/436 2457/2457/436
f 2458/2458/437 2460/2459/437 2459/2460/437
s 1
f 2461/2461/437 2463/2462/437 2462/2463/437
s 0
f 2464/2464/438 2465/2465/438 2466/2466/438
f 2467/2467/439 2469/2468/439 2468/2469/439
f 2470/2470/440 2471/2471/440 2472/2472/440
f 2473/2473/440 2474/2474/440 2475/2475/440
s 1
f 2476/2476/441 2478/2477/441 2477/2478/441
s 0
f 2479/2479/441 2481/2480/441 2480/2481/441
s 1
f 2482/2482/438 2483/2483/438 2484/2484/438
s 0
f 2485/2485/442 2486/2486/442 2487/2487/442
f 2488/2488/443 2490/2489/443 2489/2490/443
f 2491/2491/444 2492/2492/444 2493/2493/444
f 2494/2494/445 2496/2495/445 2495/2496/445
f 2497/2497/445 2499/2498/445 2498/2499/445
f 2500/2500/269 2501/2501/269 2502/2502/269
s 1
f 2503/2503/269 2504/2504/269 2505/2505/269
s 0
f 2506/2506/446 2507/2507/446 2508/2508/446
f 2509/2509/447 2511/2510/447 2510/2511/447
s 1
f 2512/2512/448 2513/2513/448 2514/2514/448
s 0
f 2515/2515/449 2516/2516/449 2517/2517/449
f 2518/2518/450 2520/2519/450 2519/2520/450
s 1
f 2521/2521/451 2522/2522/451 2523/2523/451
s 0
f 2524/2524/452 2526/2525/452 2525/2526/452
f 2527/2527/453 2529/2528/453 2528/2529/453
f 2530/2530/454 2531/2531/454 2532/2532/454
f 2533/2533/455 2534/2534/455 2535/2535/455
f 2536/2536/456 2538/2537/456 2537/2538/456
f 2539/2539/457 2541/2540/457 2540/2541/457
s 1
f 2542/2542/458 2544/2543/458 2543/2544/458
s 0
f 2545/2545/459 2547/2546/459 2546/2547/459
f 2548/2548/460 2550/2549/460 2549/2550/460
s 1
f 2551/2551/461 2553/2552/461 2552/2553/461
s 0
f 2554/2554/462 2556/2555/462 2555/2556/462
f 2557/2557/463 2558/2558/463 2559/2559/463
f 2560/2560/464 2562/2561/464 2561/2562/464
f 2563/2563/465 2564/2564/465 2565/2565/465
f 2566/2566/466 2568/2567/466 2567/2568/466
f 2569/2569/467 2571/2570/467 2570/2571/467
f 2572/2572/468 2573/2573/468 2574/2574/468
f 2575/2575/469 2576/2576/469 2577/2577/469
f 2578/2578/470 2579/2579/470 2580/2580/470
f 2581/2581/471 2582/2582/471 2583/2583/471
s 1
f 2584/2584/472 2585/2585/472 2586/2586/472
s 0
f 2587/2587/473 2588/2588/473 2589/2589/473
f 2590/2590/474 2591/2591/474 2592/2592/474
f 2593/2593/475 2594/2594/475 2595/2595/475
f 2596/2596/476 2597/2597/476 2598/2598/476
f 2599/2599/477 2601/2600/477 2600/2601/477
f 2602/2602/478 2603/2603/478 2604/2604/478
f 2605/2605/479 2606/2606/479 2607/2607/479
s 1
f 2608/2608/480 2610/2609/480 2609/2610/480
s 0
f 2611/2611/481 2613/2612/481 2612/2613/481
s 1
f 2614/2614/482 2615/2615/482 2616/2616/482
s 0
f 2617/2617/483 2619/2618/483 2618/2619/483
f 2620/2620/484 2621/2621/484 2622/2622/484
f 2623/2623/485 2625/2624/485 2624/2625/485
f 2626/2626/486 2627/2627/486 2628/2628/486
f 2629/2629/487 2631/2630/487 2630/2631/487
f 2632/2632/488 2633/2633/488 2634/2634/488
f 2635/2635/489 2636/2636/489 2637/2637/489
f 2638/2638/490 2639/2639/490 2640/2640/490
f 2641/2641/490 2642/2642/490 2643/2643/490
f 2644/2644/491 2645/2645/491 2646/2646/491
s 1
f 2647/2647/491 2648/2648/491 2649/2649/491
s 0
f 2650/2650/492 2652/2651/492 2651/2652/492
f 2653/2653/493 2654/2654/493 2655/2655/493
f 2656/2656/494 2658/2657/494 2657/2658/494
f 2659/2659/494 2661/2660/494 2660/2661/494
f 2662/2662/495 2663/2663/495 2664/2664/495
s 1
f 2665/2665/496 2667/2666/496 2666/2667/496
s 0
f 2668/2668/492 2670/2669/492 2669/2670/492
f 2671/2671/497 2672/2672/497 2673/2673/497
f 2674/2674/498 2675/2675/498 2676/2676/498
f 2677/2677/498 2678/2678/498 2679/2679/498
s 1
f 2680/2680/499 2681/2681/499 2682/2682/499
s 0
f 2683/2683/500 2685/2684/500 2684/2685/500
f 2686/2686/501 2688/2687/501 2687/2688/501
f 2689/2689/502 2690/2690/502 2691/2691/502
f 2692/2692/503 2694/2693/503 2693/2694/503
f 2695/2695/497 2696/2696/497 2697/2697/497
f 2698/2698/504 2700/2699/504 2699/2700/504
f 2701/2701/505 2702/2702/505 2703/2703/505
s 1
f 2704/2704/506 2705/2705/506 2706/2706/506
f 2707/2707/506 2708/2708/506 2709/2709/506
s 0
f 2710/2710/507 2711/2711/507 2712/2712/507
f 2713/2713/508 2715/2714/508 2714/2715/508
s 1
f 2716/2716/509 2717/2717/509 2718/2718/509
s 0
f 2719/2719/509 2720/2720/509 2721/2721/509
f 2722/2722/510 2723/2723/510 2724/2724/510
f 2725/2725/510 2726/2726/510 2727/2727/510
f 2728/2728/511 2730/2729/511 2729/2730/511
f 2731/2731/512 2732/2732/512 2733/2733/512
f 2734/2734/513 2736/2735/513 2735/2736/513
f 2737/2737/508 2739/2738/508 2738/2739/508
s 1
f 2740/2740/514 2742/2741/514 2741/2742/514
s 0
f 2743/2743/515 2744/2744/515 2745/2745/515
f 2746/2746/516 2748/2747/516 2747/2748/516
f 2749/2749/516 2751/2750/516 2750/2751/516
f 2752/2752/517 2753/2753/517 2754/2754/517
f 2755/2755/518 2756/2756/518 2757/2757/518
f 2758/2758/519 2760/2759/519 2759/2760/519
f 2761/2761/520 2762/2762/520 2763/2763/520
s 1
f 2764/2764/521 2766/2765/521 2765/2766/521
s 0
f 2767/2767/521 2769/2768/521 2768/2769/521
f 2770/2770/522 2771/2771/522 2772/2772/522
f 2773/2773/523 2775/2774/523 2774/2775/523
f 2776/2776/286 2778/2777/286 2777/2778/286
f 2779/2779/271 2780/2780/271 2781/2781/271
f 2782/2782/524 2784/2783/524 2783/2784/524
f 2785/2785/524 2787/2786/524 2786/2787/524
f 2788/2788/525 2789/2789/525 2790/2790/525
s 1
f 2791/2791/525 2792/2792/525 2793/2793/525
s 0
f 2794/2794/526 2795/2795/526 2796/2796/526
f 2797/2797/527 2799/2798/527 2798/2799/527
f 2800/2800/335 2801/2801/335 2802/2802/335
s 1
f 2803/2803/335 2804/2804/335 2805/2805/335
s 0
f 2806/2806/528 2808/2807/528 2807/2808/528
f 2809/2809/528 2811/2810/528 2810/2811/528
f 2812/2812/271 2813/2813/271 2814/2814/271
f 2815/2815/271 2816/2816/271 2817/2817/271
f 2818/2818/529 2820/2819/529 2819/2820/529
f 2821/2821/530 2822/2822/530 2823/2823/530
f 2824/2824/531 2826/2825/531 2825/2826/531
f 2827/2827/532 2828/2828/532 2829/2829/532
f 2830/2830/533 2831/2831/533 2832/2832/533
f 2833/2833/533 2834/2834/533 2835/2835/533
f 2836/2836/534 2837/2837/534 2838/2838/534
f 2839/2839/535 2841/2840/535 2840/2841/535
f 2842/2842/536 2844/2843/536 2843/2844/536
f 2845/2845/537 2846/2846/537 2847/2847/537
f 2848/2848/286 2849/2849/286 2850/2850/286
f 2851/2851/286 2852/2852/286 2853/2853/286
s 1
f 2854/2854/538 2855/2855/538 2856/2856/538
s 0
f 2857/2857/539 2859/2858/539 2858/2859/539
f 2860/2860/286 2861/2861/286 2862/2862/286
f 2863/2863/286 2864/2864/286 2865/2865/286
f 2866/2866/540 2867/2867/540 2868/2868/540
f 2869/2869/541 2871/2870/541 2870/2871/541
s 1
f 2872/2872/334 2873/2873/334 2874/2874/334
f 2875/2875/335 2877/2876/335 2876/2877/335
f 2878/2878/542 2880/2879/542 2879/2880/542
s 0
f 2881/2881/542 2883/2882/542 2882/2883/542
f 2884/2884/286 2885/2885/286 2886/2886/286
f 2887/2887/286 2888/2888/286 2889/2889/286
f 2890/2890/543 2892/2891/543 2891/2892/543
f 2893/2893/544 2894/2894/544 2895/2895/544
f 2896/2896/271 2897/2897/271 2898/2898/271
f 2899/2899/534 2900/2900/534 2901/2901/534
f 2902/2902/535 2904/2903/535 2903/2904/535
s 1
f 2905/2905/286 2906/2906/286 2907/2907/286
s 0
f 2908/2908/286 2909/2909/286 2910/2910/286
f 2911/2911/286 2912/2912/286 2913/2913/286
f 2914/2914/286 2915/2915/286 2916/2916/286
f 2917/2917/534 2919/2918/534 2918/2919/534
f 2920/2920/286 2922/2921/286 2921/2922/286
f 2923/2923/271 2924/2924/271 2925/2925/271
f 2926/2926/271 2927/2927/271 2928/2928/271
f 2929/2929/534 2930/2930/534 2931/2931/534
f 2932/2932/535 2934/2933/535 2933/2934/535
s 1
f 2935/2935/534 2937/2936/534 2936/2937/534
s 0
f 2938/2938/545 2939/2939/545 2940/2940/545
s 1
f 2941/2941/546 2943/2942/546 2942/2943/546
s 0
f 2944/2944/547 2946/2945/547 2945/2946/547
f 2947/2947/548 2949/2948/548 2948/2949/548
f 2950/2950/549 2952/2951/549 2951/2952/549
f 2953/2953/550 2955/2954/550 2954/2955/550
f 2956/2956/551 2958/2957/551 2957/2958/551
f 2959/2959/552 2960/2960/552 2961/2961/552
f 2962/2962/553 2964/2963/553 2963/2964/553
f 2965/2965/554 2966/2966/554 2967/2967/554
f 2968/2968/555 2970/2969/555 2969/2970/555
f 2971/2971/556 2973/2972/556 2972/2973/556
f 2974/2974/557 2975/2975/557 2976/2976/557
f 2977/2977/558 2978/2978/558 2979/2979/558
f 2980/2980/559 2981/2981/559 2982/2982/559
f 2983/2983/560 2985/2984/560 2984/2985/560
f 2986/2986/561 2988/2987/561 2987/2988/561
f 2989/2989/562 2990/2990/562 2991/2991/562
f 2992/2992/563 2993/2993/563 2994/2994/563
f 2995/2995/564 2996/2996/564 2997/2997/564
f 2998/2998/565 2999/2999/565 3000/3000/565
f 3001/3001/566 3002/3002/566 3003/3003/566
s 1
f 3004/3004/567 3006/3005/567 3005/3006/567
f 3007/3007/568 3009/3008/568 3008/3009/568
f 3010/3010/569 3011/3011/569 3012/3012/569
s 0
f 3013/3013/570 3015/3014/570 3014/3015/570
f 3016/3016/571 3018/3017/571 3017/3018/571
f 3019/3019/572 3020/3020/572 3021/3021/572
f 3022/3022/573 3024/3023/573 3023/3024/573
s 1
f 3025/3025/574 3026/3026/574 3027/3027/574
s 0
f 3028/3028/575 3029/3029/575 3030/3030/575
f 3031/3031/576 3032/3032/576 3033/3033/576
f 3034/3034/577 3036/3035/577 3035/3036/577
f 3037/3037/578 3038/3038/578 3039/3039/578
f 3040/3040/579 3041/3041/579 3042/3042/579
f 3043/3043/580 3045/3044/580 3044/3045/580
f 3046/3046/581 3047/3047/581 3048/3048/581
f 3049/3049/582 3050/3050/582 3051/3051/582
f 3052/3052/583 3053/3053/583 3054/3054/583
f 3055/3055/584 3056/3056/584 3057/3057/584
f 3058/3058/585 3060/3059/585 3059/3060/585
f 3061/3061/586 3063/3062/586 3062/3063/586
f 3064/3064/587 3066/3065/587 3065/3066/587
f 3067/3067/588 3068/3068/588 3069/3069/588
f 3070/3070/589 3072/3071/589 3071/3072/589
f 3073/3073/270 3074/3074/270 3075/3075/270
f 3076/3076/270 3077/3077/270 3078/3078/270
f 3079/3079/590 3080/3080/590 3081/3081/590
f 3082/3082/591 3084/3083/591 3083/3084/591
f 3085/3085/592 3087/3086/592 3086/3087/592
f 3088/3088/587 3090/3089/587 3089/3090/587
s 1
f 3091/3091/593 3093/3092/593 3092/3093/593
f 3094/3094/593 3096/3095/593 3095/3096/593
f 3097/3097/594 3099/3098/594 3098/3099/594
s 0
f 3100/3100/594 3102/3101/594 3101/3102/594
f 3103/3103/592 3105/3104/592 3104/3105/592
f 3106/3106/595 3107/3107/595 3108/3108/595
f 3109/3109/596 3110/3110/596 3111/3111/596
f 3112/3112/597 3114/3113/597 3113/3114/597
f 3115/3115/598 3117/3116/598 3116/3117/598
f 3118/3118/599 3119/3119/599 3120/3120/599
f 3121/3121/600 3122/3122/600 3123/3123/600
f 3124/3124/600 3125/3125/600 3126/3126/600
f 3127/3127/601 3129/3128/601 3128/3129/601
s 1
f 3130/3130/595 3131/3131/595 3132/3132/595
s 0
f 3133/3133/602 3135/3134/602 3134/3135/602
s 1
f 3136/3136/602 3138/3137/602 3137/3138/602
s 0
f 3139/3139/603 3141/3140/603 3140/3141/603
f 3142/3142/604 3143/3143/604 3144/3144/604
s 1
f 3145/3145/605 3146/3146/605 3147/3147/605
s 0
f 3148/3148/606 3149/3149/606 3150/3150/606
s 1
f 3151/3151/607 3153/3152/607 3152/3153/607
f 3154/3154/608 3155/3155/608 3156/3156/608
s 0
f 3157/3157/609 3159/3158/609 3158/3159/609
s 1
f 3160/3160/609 3162/3161/609 3161/3162/609
s 0
f 3163/3163/610 3164/3164/610 3165/3165/610
f 3166/3166/610 3167/3167/610 3168/3168/610
s 1
f 3169/3169/422 3171/3170/422 3170/3171/422
s 0
f 3172/3172/611 3174/3173/611 3173/3174/611
f 3175/3175/612 3176/3176/612 3177/3177/612
f 3178/3178/613 3180/3179/613 3179/3180/613
s 1
f 3181/3181/614 3183/3182/614 3182/3183/614
f 3184/3184/615 3185/3185/615 3186/3186/615
s 0
f 3187/3187/421 3188/3188/421 3189/3189/421
f 3190/3190/336 3192/3191/336 3191/3192/336
f 3193/3193/616 3194/3194/616 3195/3195/616
f 3196/3196/617 3198/3197/617 3197/3198/617
s 1
f 3199/3199/618 3200/3200/618 3201/3201/618
s 0
f 3202/3202/271 3204/3203/271 3203/3204/271
f 3205/3205/271 3206/3206/271 3207/3207/271
s 1
f 3208/3208/271 3209/3209/271 3210/3210/271
s 0
f 3211/3211/619 3213/3212/619 3212/3213/619
f 3214/3214/619 3216/3215/619 3215/3216/619
f 3217/3217/620 3218/3218/620 3219/3219/620
f 3220/3220/621 3222/3221/621 3221/3222/621
f 3223/3223/271 3224/3224/271 3225/3225/271
f 3226/3226/271 3228/3227/271 3227/3228/271
s 1
f 3229/3229/619 3230/3230/619 3231/3231/619
s 0
f 3232/3232/622 3234/3233/622 3233/3234/622
f 3235/3235/621 3236/3236/621 3237/3237/621
f 3238/3238/620 3240/3239/620 3239/3240/620
f 3241/3241/271 3242/3242/271 3243/3243/271
f 3244/3244/622 3246/3245/622 3245/3246/622
f 3247/3247/622 3248/3248/622 3249/3249/622
f 3250/3250/622 3251/3251/622 3252/3252/622
f 3253/3253/620 3254/3254/620 3255/3255/620
f 3256/3256/621 3258/3257/621 3257/3258/621
f 3259/3259/286 3260/3260/286 3261/3261/286
f 3262/3262/286 3263/3263/286 3264/3264/286
f 3265/3265/622 3266/3266/622 3267/3267/622
f 3268/3268/619 3269/3269/619 3270/3270/619
f 3271/3271/620 3273/3272/620 3272/3273/620
f 3274/3274/620 3276/3275/620 3275/3276/620
f 3277/3277/286 3279/3278/286 3278/3279/286
f 3280/3280/271 3281/3281/271 3282/3282/271
f 3283/3283/622 3284/3284/622 3285/3285/622
s 1
f 3286/3286/623 3287/3287/623 3288/3288/623
s 0
f 3289/3289/620 3290/3290/620 3291/3291/620
f 3292/3292/620 3293/3293/620 3294/3294/620
f 3295/3295/286 3296/3296/286 3297/3297/286
f 3298/3298/286 3299/3299/286 3300/3300/286
f 3301/3301/273 3303/3302/273 3302/3303/273
s 1
f 3304/3304/274 3305/3305/274 3306/3306/274
f 3307/3307/624 3309/3308/624 3308/3309/624
f 3310/3310/271 3311/3311/271 3312/3312/271
s 0
f 3313/3313/269 3315/3314/269 3314/3315/269
f 3316/3316/270 3317/3317/270 3318/3318/270
f 3319/3319/625 3320/3320/625 3321/3321/625
f 3322/3322/271 3324/3323/271 3323/3324/271
f 3325/3325/286 3326/3326/286 3327/3327/286
f 3328/3328/286 3329/3329/286 3330/3330/286
f 3331/3331/286 3333/3332/286 3332/3333/286
f 3334/3334/286 3336/3335/286 3335/3336/286
f 3337/3337/626 3339/3338/626 3338/3339/626
f 3340/3340/286 3341/3341/286 3342/3342/286
f 3343/3343/289 3344/3344/289 3345/3345/289
f 3346/3346/271 3348/3347/271 3347/3348/271
f 3349/3349/286 3350/3350/286 3351/3351/286
f 3352/3352/270 3354/3353/270 3353/3354/270
f 3355/3355/269 3356/3356/269 3357/3357/269
s 1
f 3358/3358/627 3360/3359/627 3359/3360/627
s 0
f 3361/3361/271 3362/3362/271 3363/3363/271
s 1
f 3364/3364/286 3366/3365/286 3365/3366/286
s 0
f 3367/3367/289 3368/3368/289 3369/3369/289
f 3370/3370/628 3372/3371/628 3371/3372/628
f 3373/3373/271 3375/3374/271 3374/3375/271
s 1
f 3376/3376/286 3377/3377/286 3378/3378/286
s 0
f 3379/3379/271 3380/3380/271 3381/3381/271
s 1
f 3382/3382/629 3383/3383/629 3384/3384/629
s 0
f 3385/3385/271 3386/3386/271 3387/3387/271
f 3388/3388/269 3389/3389/269 3390/3390/269
s 1
f 3391/3391/271 3393/3392/271 3392/3393/271
f 3394/3394/286 3395/3395/286 3396/3396/286
s 0
f 3397/3397/270 3399/3398/270 3398/3399/270
f 3400/3400/271 3401/3401/271 3402/3402/271
s 1
f 3403/3403/286 3405/3404/286 3404/3405/286
s 0
f 3406/3406/630 3407/3407/630 3408/3408/630
s 1
f 3409/3409/271 3410/3410/271 3411/3411/271
f 3412/3412/631 3414/3413/631 3413/3414/631
f 3415/3415/631 3417/3416/631 3416/3417/631
s 0
f 3418/3418/290 3419/3419/290 3420/3420/290
f 3421/3421/290 3422/3422/290 3423/3423/290
f 3424/3424/270 3425/3425/270 3426/3426/270
f 3427/3427/270 3428/3428/270 3429/3429/270
s 1
f 3430/3430/286 3432/3431/286 3431/3432/286
s 0
f 3433/3433/270 3435/3434/270 3434/3435/270
f 3436/3436/269 3438/3437/269 3437/3438/269
f 3439/3439/286 3440/3440/286 3441/3441/286
f 3442/3442/286 3443/3443/286 3444/3444/286
f 3445/3445/271 3447/3446/271 3446/3447/271
f 3448/3448/632 3450/3449/632 3449/3450/632
f 3451/3451/269 3453/3452/269 3452/3453/269
f 3454/3454/271 3455/3455/271 3456/3456/271
f 3457/3457/271 3458/3458/271 3459/3459/271
f 3460/3460/633 3461/3461/633 3462/3462/633
f 3463/3463/286 3464/3464/286 3465/3465/286
f 3466/3466/286 3467/3467/286 3468/3468/286
f 3469/3469/286 3470/3470/286 3471/3471/286
f 3472/3472/289 3473/3473/289 3474/3474/289
f 3475/3475/269 3476/3476/269 3477/3477/269
f 3478/3478/634 3479/3479/634 3480/3480/634
s 1
f 3481/3481/271 3482/3482/271 3483/3483/271
s 0
f 3484/3484/286 3486/3485/286 3485/3486/286
f 3487/3487/289 3488/3488/289 3489/3489/289
f 3490/3490/286 3491/3491/286 3492/3492/286
f 3493/3493/271 3495/3494/271 3494/3495/271
f 3496/3496/627 3497/3497/627 3498/3498/627
f 3499/3499/271 3500/3500/271 3501/3501/271
f 3502/3502/286 3504/3503/286 3503/3504/286
f 3505/3505/630 3507/3506/630 3506/3507/630
f 3508/3508/286 3509/3509/286 3510/3510/286
f 3511/3511/286 3512/3512/286 3513/3513/286
f 3514/3514/269 3515/3515/269 3516/3516/269
f 3517/3517/271 3518/3518/271 3519/3519/271
f 3520/3520/271 3521/3521/271 3522/3522/271
f 3523/3523/269 3524/3524/269 3525/3525/269
f 3526/3526/635 3528/3527/635 3527/3528/635
f 3529/3529/271 3530/3530/271 3531/3531/271
s 1
f 3532/3532/632 3533/3533/632 3534/3534/632
s 0
f 3535/3535/633 3537/3536/633 3536/3537/633
f 3538/3538/289 3540/3539/289 3539/3540/289
f 3541/3541/289 3543/3542/289 3542/3543/289
f 3544/3544/269 3546/3545/269 3545/3546/269
f 3547/3547/269 3549/3548/269 3548/3549/269
s 1
f 3550/3550/271 3551/3551/271 3552/3552/271
s 0
f 3553/3553/269 3554/3554/269 3555/3555/269
f 3556/3556/270 3557/3557/270 3558/3558/270
f 3559/3559/270 3560/3560/270 3561/3561/270
f 3562/3562/632 3564/3563/632 3563/3564/632
f 3565/3565/286 3566/3566/286 3567/3567/286
f 3568/3568/271 3570/3569/271 3569/3570/271
f 3571/3571/286 3572/3572/286 3573/3573/286
f 3574/3574/271 3575/3575/271 3576/3576/271
f 3577/3577/271 3578/3578/271 3579/3579/271
f 3580/3580/632 3582/3581/632 3581/3582/632
f 3583/3583/286 3584/3584/286 3585/3585/286
f 3586/3586/289 3587/3587/289 3588/3588/289
f 3589/3589/286 3590/3590/286 3591/3591/286
f 3592/3592/286 3593/3593/286 3594/3594/286
f 3595/3595/270 3597/3596/270 3596/3597/270
f 3598/3598/630 3599/3599/630 3600/3600/630
f 3601/3601/289 3602/3602/289 3603/3603/289
f 3604/3604/271 3605/3605/271 3606/3606/271
s 1
f 3607/3607/286 3609/3608/286 3608/3609/286
s 0
f 3610/3610/627 3611/3611/627 3612/3612/627
s 1
f 3613/3613/271 3615/3614/271 3614/3615/271
s 0
f 3616/3616/286 3617/3617/286 3618/3618/286
f 3619/3619/630 3621/3620/630 3620/3621/630
f 3622/3622/271 3623/3623/271 3624/3624/271
f 3625/3625/271 3626/3626/271 3627/3627/271
f 3628/3628/270 3630/3629/270 3629/3630/270
f 3631/3631/286 3632/3632/286 3633/3633/286
f 3634/3634/271 3636/3635/271 3635/3636/271
f 3637/3637/270 3639/3638/270 3638/3639/270
f 3640/3640/271 3641/3641/271 3642/3642/271
f 3643/3643/271 3644/3644/271 3645/3645/271
f 3646/3646/627 3648/3647/627 3647/3648/627
f 3649/3649/271 3651/3650/271 3650/3651/271
f 3652/3652/271 3653/3653/271 3654/3654/271
f 3655/3655/636 3656/3656/636 3657/3657/636
f 3658/3658/631 3660/3659/631 3659/3660/631
f 3661/3661/290 3662/3662/290 3663/3663/290
f 3664/3664/289 3666/3665/289 3665/3666/289
f 3667/3667/270 3668/3668/270 3669/3669/270
f 3670/3670/269 3672/3671/269 3671/3672/269
f 3673/3673/286 3674/3674/286 3675/3675/286
s 1
f 3676/3676/270 3677/3677/270 3678/3678/270
f 3679/3679/270 3680/3680/270 3681/3681/270
f 3682/3682/270 3684/3683/270 3683/3684/270
f 3685/3685/270 3687/3686/270 3686/3687/270
f 3688/3688/286 3690/3689/286 3689/3690/286
s 0
f 3691/3691/286 3693/3692/286 3692/3693/286
f 3694/3694/286 3696/3695/286 3695/3696/286
f 3697/3697/271 3698/3698/271 3699/3699/271
f 3700/3700/297 3702/3701/297 3701/3702/297
f 3703/3703/286 3705/3704/286 3704/3705/286
s 1
f 3706/3706/271 3707/3707/271 3708/3708/271
s 0
f 3709/3709/290 3710/3710/290 3711/3711/290
f 3712/3712/290 3713/3713/290 3714/3714/290
f 3715/3715/297 3717/3716/297 3716/3717/297
f 3718/3718/637 3720/3719/637 3719/3720/637
f 3721/3721/269 3722/3722/269 3723/3723/269
s 1
f 3724/3724/637 3726/3725/637 3725/3726/637
s 0
f 3727/3727/294 3729/3728/294 3728/3729/294
f 3730/3730/291 3731/3731/291 3732/3732/291
f 3733/3733/269 3735/3734/269 3734/3735/269
f 3736/3736/269 3738/3737/269 3737/3738/269
f 3739/3739/269 3740/3740/269 3741/3741/269
f 3742/3742/638 3743/3743/638 3744/3744/638
f 3745/3745/286 3746/3746/286 3747/3747/286
f 3748/3748/286 3749/3749/286 3750/3750/286
f 3751/3751/639 3752/3752/639 3753/3753/639
f 3754/3754/639 3755/3755/639 3756/3756/639
f 3757/3757/640 3759/3758/640 3758/3759/640
f 3760/3760/641 3761/3761/641 3762/3762/641
f 3763/3763/642 3765/3764/642 3764/3765/642
f 3766/3766/643 3768/3767/643 3767/3768/643
f 3769/3769/644 3771/3770/644 3770/3771/644
f 3772/3772/645 3773/3773/645 3774/3774/645
s 1
f 3775/3775/269 3776/3776/269 3777/3777/269
s 0
f 3778/3778/269 3779/3779/269 3780/3780/269
f 3781/3781/642 3783/3782/642 3782/3783/642
f 3784/3784/646 3786/3785/646 3785/3786/646
f 3787/3787/647 3789/3788/647 3788/3789/647
f 3790/3790/648 3791/3791/648 3792/3792/648
f 3793/3793/649 3795/3794/649 3794/3795/649
f 3796/3796/650 3797/3797/650 3798/3798/650
f 3799/3799/651 3801/3800/651 3800/3801/651
f 3802/3802/652 3803/3803/652 3804/3804/652
f 3805/3805/286 3807/3806/286 3806/3807/286
s 1
f 3808/3808/646 3810/3809/646 3809/3810/646
s 0
f 3811/3811/653 3812/3812/653 3813/3813/653
f 3814/3814/654 3816/3815/654 3815/3816/654
f 3817/3817/286 3818/3818/286 3819/3819/286
f 3820/3820/286 3821/3821/286 3822/3822/286
f 3823/3823/271 3824/3824/271 3825/3825/271
f 3826/3826/655 3827/3827/655 3828/3828/655
f 3829/3829/286 3831/3830/286 3830/3831/286
f 3832/3832/271 3833/3833/271 3834/3834/271
f 3835/3835/656 3837/3836/656 3836/3837/656
f 3838/3838/657 3839/3839/657 3840/3840/657
f 3841/3841/658 3842/3842/658 3843/3843/658
f 3844/3844/658 3845/3845/658 3846/3846/658
f 3847/3847/659 3849/3848/659 3848/3849/659
f 3850/3850/660 3852/3851/660 3851/3852/660
f 3853/3853/661 3854/3854/661 3855/3855/661
s 1
f 3856/3856/661 3857/3857/661 3858/3858/661
s 0
f 3859/3859/270 3860/3860/270 3861/3861/270
f 3862/3862/270 3863/3863/270 3864/3864/270
f 3865/3865/662 3866/3866/662 3867/3867/662
f 3868/3868/663 3869/3869/663 3870/3870/663
f 3871/3871/664 3872/3872/664 3873/3873/664
s 1
f 3874/3874/664 3875/3875/664 3876/3876/664
s 0
f 3877/3877/665 3879/3878/665 3878/3879/665
f 3880/3880/665 3882/3881/665 3881/3882/665
f 3883/3883/666 3885/3884/666 3884/3885/666
f 3886/3886/666 3888/3887/666 3887/3888/666
f 3889/3889/270 3891/3890/270 3890/3891/270
s 1
f 3892/3892/667 3894/3893/667 3893/3894/667
f 3895/3895/668 3896/3896/668 3897/3897/668
s 0
f 3898/3898/668 3899/3899/668 3900/3900/668
f 3901/3901/290 3903/3902/290 3902/3903/290
f 3904/3904/290 3906/3905/290 3905/3906/290
f 3907/3907/269 3908/3908/269 3909/3909/269
f 3910/3910/669 3912/3911/669 3911/3912/669
f 3913/3913/670 3915/3914/670 3914/3915/670
f 3916/3916/270 3918/3917/270 3917/3918/270
f 3919/3919/269 3920/3920/269 3921/3921/269
f 3922/3922/290 3923/3923/290 3924/3924/290
s 1
f 3925/3925/290 3926/3926/290 3927/3927/290
s 0
f 3928/3928/290 3929/3929/290 3930/3930/290
f 3931/3931/289 3933/3932/289 3932/3933/289
f 3934/3934/290 3935/3935/290 3936/3936/290
s 1
f 3937/3937/290 3938/3938/290 3939/3939/290
s 0
f 3940/3940/290 3941/3941/290 3942/3942/290
f 3943/3943/289 3945/3944/289 3944/3945/289
f 3946/3946/290 3947/3947/290 3948/3948/290
f 3949/3949/289 3951/3950/289 3950/3951/289
f 3952/3952/290 3953/3953/290 3954/3954/290
f 3955/3955/290 3956/3956/290 3957/3957/290
f 3958/3958/290 3959/3959/290 3960/3960/290
f 3961/3961/290 3962/3962/290 3963/3963/290
f 3964/3964/671 3965/3965/671 3966/3966/671
f 3967/3967/228 3968/3968/228 3969/3969/228
f 3970/3970/1 3972/3971/1 3971/3972/1
f 3973/3973/122 3975/3974/122 3974/3975/122
f 3976/3976/672 3977/3977/672 3978/3978/672
s 1
f 3979/3979/673 3980/3980/673 3981/3981/673
s 0
f 3982/3982/674 3984/3983/674 3983/3984/674
f 3985/3985/675 3986/3986/675 3987/3987/675
f 3988/3988/676 3990/3989/676 3989/3990/676
f 3991/3991/677 3992/3992/677 3993/3993/677
f 3994/3994/678 3996/3995/678 3995/3996/678
f 3997/3997/679 3998/3998/679 3999/3999/679
f 4000/4000/680 4001/4001/680 4002/4002/680
f 4003/4003/681 4005/4004/681 4004/4005/681
s 1
f 4006/4006/682 4008/4007/682 4007/4008/682
f 4009/4009/683 4011/4010/683 4010/4011/683
f 4012/4012/684 4013/4013/684 4014/4014/684
s 0
f 4015/4015/685 4016/4016/685 4017/4017/685
f 4018/4018/686 4020/4019/686 4019/4020/686
f 4021/4021/687 4023/4022/687 4022/4023/687
f 4024/4024/688 4025/4025/688 4026/4026/688
f 4027/4027/155 4028/4028/155 4029/4029/155
f 4030/4030/689 4031/4031/689 4032/4032/689
f 4033/4033/159 4034/4034/159 4035/4035/159
s 1
f 4036/4036/160 4038/4037/160 4037/4038/160
s 0
f 4039/4039/690 4040/4040/690 4041/4041/690
